
PickNPlace.elf:     file format elf32-littlearm

Sections:
Idx Name          Size      VMA       LMA       File off  Algn
  0 .text         00003b38  00000000  00000000  00010000  2**2
                  CONTENTS, ALLOC, LOAD, READONLY, CODE
  1 .relocate     0000000c  20000000  00003b38  00020000  2**2
                  CONTENTS, ALLOC, LOAD, DATA
  2 .bss          00000160  2000000c  00003b44  0002000c  2**2
                  ALLOC
  3 .stack        00002004  2000016c  00003ca4  0002000c  2**0
                  ALLOC
  4 .ARM.attributes 00000028  00000000  00000000  0002000c  2**0
                  CONTENTS, READONLY
  5 .comment      00000059  00000000  00000000  00020034  2**0
                  CONTENTS, READONLY
  6 .debug_info   00041780  00000000  00000000  0002008d  2**0
                  CONTENTS, READONLY, DEBUGGING
  7 .debug_abbrev 00005132  00000000  00000000  0006180d  2**0
                  CONTENTS, READONLY, DEBUGGING
  8 .debug_loc    0000987c  00000000  00000000  0006693f  2**0
                  CONTENTS, READONLY, DEBUGGING
  9 .debug_aranges 00000670  00000000  00000000  000701bb  2**0
                  CONTENTS, READONLY, DEBUGGING
 10 .debug_ranges 00000bb8  00000000  00000000  0007082b  2**0
                  CONTENTS, READONLY, DEBUGGING
 11 .debug_macro  000167e3  00000000  00000000  000713e3  2**0
                  CONTENTS, READONLY, DEBUGGING
 12 .debug_line   0001129f  00000000  00000000  00087bc6  2**0
                  CONTENTS, READONLY, DEBUGGING
 13 .debug_str    0006593b  00000000  00000000  00098e65  2**0
                  CONTENTS, READONLY, DEBUGGING
 14 .debug_frame  00001040  00000000  00000000  000fe7a0  2**2
                  CONTENTS, READONLY, DEBUGGING

Disassembly of section .text:

00000000 <exception_table>:
       0:	70 21 00 20 35 2c 00 00 31 2c 00 00 31 2c 00 00     p!. 5,..1,..1,..
	...
      2c:	31 2c 00 00 00 00 00 00 00 00 00 00 31 2c 00 00     1,..........1,..
      3c:	31 2c 00 00 31 2c 00 00 31 2c 00 00 31 2c 00 00     1,..1,..1,..1,..
      4c:	31 2c 00 00 31 2c 00 00 31 2c 00 00 31 2c 00 00     1,..1,..1,..1,..
      5c:	d5 09 00 00 e5 09 00 00 f5 09 00 00 05 0a 00 00     ................
      6c:	15 0a 00 00 25 0a 00 00 85 14 00 00 95 14 00 00     ....%...........
      7c:	a5 14 00 00 b5 14 00 00 c5 14 00 00 d5 14 00 00     ................
      8c:	e5 14 00 00 f5 14 00 00 31 2c 00 00 31 2c 00 00     ........1,..1,..
      9c:	31 2c 00 00 31 2c 00 00                             1,..1,..

000000a4 <__do_global_dtors_aux>:
      a4:	b510      	push	{r4, lr}
      a6:	4c06      	ldr	r4, [pc, #24]	; (c0 <__do_global_dtors_aux+0x1c>)
      a8:	7823      	ldrb	r3, [r4, #0]
      aa:	2b00      	cmp	r3, #0
      ac:	d107      	bne.n	be <__do_global_dtors_aux+0x1a>
      ae:	4b05      	ldr	r3, [pc, #20]	; (c4 <__do_global_dtors_aux+0x20>)
      b0:	2b00      	cmp	r3, #0
      b2:	d002      	beq.n	ba <__do_global_dtors_aux+0x16>
      b4:	4804      	ldr	r0, [pc, #16]	; (c8 <__do_global_dtors_aux+0x24>)
      b6:	e000      	b.n	ba <__do_global_dtors_aux+0x16>
      b8:	bf00      	nop
      ba:	2301      	movs	r3, #1
      bc:	7023      	strb	r3, [r4, #0]
      be:	bd10      	pop	{r4, pc}
      c0:	2000000c 	.word	0x2000000c
      c4:	00000000 	.word	0x00000000
      c8:	00003b38 	.word	0x00003b38

000000cc <frame_dummy>:
      cc:	4b08      	ldr	r3, [pc, #32]	; (f0 <frame_dummy+0x24>)
      ce:	b510      	push	{r4, lr}
      d0:	2b00      	cmp	r3, #0
      d2:	d003      	beq.n	dc <frame_dummy+0x10>
      d4:	4907      	ldr	r1, [pc, #28]	; (f4 <frame_dummy+0x28>)
      d6:	4808      	ldr	r0, [pc, #32]	; (f8 <frame_dummy+0x2c>)
      d8:	e000      	b.n	dc <frame_dummy+0x10>
      da:	bf00      	nop
      dc:	4807      	ldr	r0, [pc, #28]	; (fc <frame_dummy+0x30>)
      de:	6803      	ldr	r3, [r0, #0]
      e0:	2b00      	cmp	r3, #0
      e2:	d100      	bne.n	e6 <frame_dummy+0x1a>
      e4:	bd10      	pop	{r4, pc}
      e6:	4b06      	ldr	r3, [pc, #24]	; (100 <frame_dummy+0x34>)
      e8:	2b00      	cmp	r3, #0
      ea:	d0fb      	beq.n	e4 <frame_dummy+0x18>
      ec:	4798      	blx	r3
      ee:	e7f9      	b.n	e4 <frame_dummy+0x18>
      f0:	00000000 	.word	0x00000000
      f4:	20000010 	.word	0x20000010
      f8:	00003b38 	.word	0x00003b38
      fc:	00003b38 	.word	0x00003b38
     100:	00000000 	.word	0x00000000

00000104 <delay_init>:
 *
 * This must be called during start up to initialize the delay routine with
 * the current used main clock. It must run any time the main CPU clock is changed.
 */
void delay_init(void)
{
     104:	b570      	push	{r4, r5, r6, lr}
	cycles_per_ms = system_gclk_gen_get_hz(0);
     106:	2000      	movs	r0, #0
     108:	4b08      	ldr	r3, [pc, #32]	; (12c <delay_init+0x28>)
     10a:	4798      	blx	r3
     10c:	0005      	movs	r5, r0
	cycles_per_ms /= 1000;
     10e:	4c08      	ldr	r4, [pc, #32]	; (130 <delay_init+0x2c>)
     110:	21fa      	movs	r1, #250	; 0xfa
     112:	0089      	lsls	r1, r1, #2
     114:	47a0      	blx	r4
     116:	4b07      	ldr	r3, [pc, #28]	; (134 <delay_init+0x30>)
     118:	6018      	str	r0, [r3, #0]
	cycles_per_us = cycles_per_ms / 1000;
     11a:	4907      	ldr	r1, [pc, #28]	; (138 <delay_init+0x34>)
     11c:	0028      	movs	r0, r5
     11e:	47a0      	blx	r4
     120:	4b06      	ldr	r3, [pc, #24]	; (13c <delay_init+0x38>)
     122:	6018      	str	r0, [r3, #0]

	SysTick->CTRL = SysTick_CTRL_CLKSOURCE_Msk | SysTick_CTRL_ENABLE_Msk;
     124:	2205      	movs	r2, #5
     126:	4b06      	ldr	r3, [pc, #24]	; (140 <delay_init+0x3c>)
     128:	601a      	str	r2, [r3, #0]
}
     12a:	bd70      	pop	{r4, r5, r6, pc}
     12c:	000029c1 	.word	0x000029c1
     130:	00003219 	.word	0x00003219
     134:	20000000 	.word	0x20000000
     138:	000f4240 	.word	0x000f4240
     13c:	20000004 	.word	0x20000004
     140:	e000e010 	.word	0xe000e010

00000144 <delay_cycles_ms>:
 *
 * \param n  Number of milliseconds to wait
 */
void delay_cycles_ms(
		uint32_t n)
{
     144:	b530      	push	{r4, r5, lr}
	while (n--) {
		/* Devide up to blocks of 1ms */
		delay_cycles(cycles_per_ms);
     146:	4b08      	ldr	r3, [pc, #32]	; (168 <delay_cycles_ms+0x24>)
     148:	681c      	ldr	r4, [r3, #0]
 */
static inline void delay_cycles(
		const uint32_t n)
{
	if (n > 0) {
		SysTick->LOAD = n;
     14a:	4a08      	ldr	r2, [pc, #32]	; (16c <delay_cycles_ms+0x28>)
		SysTick->VAL = 0;
     14c:	2500      	movs	r5, #0

		while (!(SysTick->CTRL & SysTick_CTRL_COUNTFLAG_Msk)) {
     14e:	2180      	movs	r1, #128	; 0x80
     150:	0249      	lsls	r1, r1, #9
	while (n--) {
     152:	3801      	subs	r0, #1
     154:	d307      	bcc.n	166 <delay_cycles_ms+0x22>
	if (n > 0) {
     156:	2c00      	cmp	r4, #0
     158:	d0fb      	beq.n	152 <delay_cycles_ms+0xe>
		SysTick->LOAD = n;
     15a:	6054      	str	r4, [r2, #4]
		SysTick->VAL = 0;
     15c:	6095      	str	r5, [r2, #8]
		while (!(SysTick->CTRL & SysTick_CTRL_COUNTFLAG_Msk)) {
     15e:	6813      	ldr	r3, [r2, #0]
     160:	420b      	tst	r3, r1
     162:	d0fc      	beq.n	15e <delay_cycles_ms+0x1a>
     164:	e7f5      	b.n	152 <delay_cycles_ms+0xe>
	}
}
     166:	bd30      	pop	{r4, r5, pc}
     168:	20000000 	.word	0x20000000
     16c:	e000e010 	.word	0xe000e010

00000170 <adc_get_config_defaults>:
 *
 * \param[out] config  Pointer to configuration struct to initialize to
 *                     default values
 */
void adc_get_config_defaults(struct adc_config *const config)
{
     170:	b510      	push	{r4, lr}
	Assert(config);
	config->clock_source                  = GCLK_GENERATOR_0;
     172:	2200      	movs	r2, #0
     174:	2300      	movs	r3, #0
     176:	7002      	strb	r2, [r0, #0]
	config->reference                     = ADC_REFERENCE_INT1V;
     178:	7042      	strb	r2, [r0, #1]
	config->clock_prescaler               = ADC_CLOCK_PRESCALER_DIV4;
     17a:	2100      	movs	r1, #0
     17c:	8042      	strh	r2, [r0, #2]
	config->resolution                    = ADC_RESOLUTION_12BIT;
     17e:	7101      	strb	r1, [r0, #4]
	config->window.window_mode            = ADC_WINDOW_MODE_DISABLE;
     180:	7603      	strb	r3, [r0, #24]
	config->window.window_upper_value     = 0;
     182:	6202      	str	r2, [r0, #32]
	config->window.window_lower_value     = 0;
     184:	61c2      	str	r2, [r0, #28]
	config->gain_factor                   = ADC_GAIN_FACTOR_1X;
     186:	6082      	str	r2, [r0, #8]
#if SAMR21
	config->positive_input                = ADC_POSITIVE_INPUT_PIN6 ;
#else
 	config->positive_input                = ADC_POSITIVE_INPUT_PIN0 ;
     188:	7303      	strb	r3, [r0, #12]
#endif
	config->negative_input                = ADC_NEGATIVE_INPUT_GND ;
     18a:	24c0      	movs	r4, #192	; 0xc0
     18c:	0164      	lsls	r4, r4, #5
     18e:	81c4      	strh	r4, [r0, #14]
	config->accumulate_samples            = ADC_ACCUMULATE_DISABLE;
     190:	7403      	strb	r3, [r0, #16]
	config->divide_result                 = ADC_DIVIDE_RESULT_DISABLE;
     192:	7443      	strb	r3, [r0, #17]
	config->left_adjust                   = false;
     194:	7483      	strb	r3, [r0, #18]
	config->differential_mode             = false;
     196:	74c3      	strb	r3, [r0, #19]
	config->freerunning                   = false;
     198:	7503      	strb	r3, [r0, #20]
	config->event_action                  = ADC_EVENT_ACTION_DISABLED;
     19a:	242a      	movs	r4, #42	; 0x2a
     19c:	5503      	strb	r3, [r0, r4]
	config->run_in_standby                = false;
     19e:	7543      	strb	r3, [r0, #21]
	config->reference_compensation_enable = false;
     1a0:	7583      	strb	r3, [r0, #22]
	config->correction.correction_enable  = false;
     1a2:	3c06      	subs	r4, #6
     1a4:	5503      	strb	r3, [r0, r4]
	config->correction.gain_correction    = ADC_GAINCORR_RESETVALUE;
     1a6:	84c2      	strh	r2, [r0, #38]	; 0x26
	config->correction.offset_correction  = ADC_OFFSETCORR_RESETVALUE;
     1a8:	8502      	strh	r2, [r0, #40]	; 0x28
	config->sample_length                 = 0;
     1aa:	75c1      	strb	r1, [r0, #23]
	config->pin_scan.offset_start_scan    = 0;
     1ac:	232b      	movs	r3, #43	; 0x2b
     1ae:	54c1      	strb	r1, [r0, r3]
	config->pin_scan.inputs_to_scan       = 0;
     1b0:	3301      	adds	r3, #1
     1b2:	54c1      	strb	r1, [r0, r3]
}
     1b4:	bd10      	pop	{r4, pc}
	...

000001b8 <adc_init>:
 */
enum status_code adc_init(
		struct adc_module *const module_inst,
		Adc *hw,
		struct adc_config *config)
{
     1b8:	b5f0      	push	{r4, r5, r6, r7, lr}
     1ba:	46de      	mov	lr, fp
     1bc:	4657      	mov	r7, sl
     1be:	464e      	mov	r6, r9
     1c0:	4645      	mov	r5, r8
     1c2:	b5e0      	push	{r5, r6, r7, lr}
     1c4:	b097      	sub	sp, #92	; 0x5c
     1c6:	0007      	movs	r7, r0
     1c8:	0016      	movs	r6, r2
	Assert(module_inst);
	Assert(hw);
	Assert(config);

	/* Associate the software module instance with the hardware module */
	module_inst->hw = hw;
     1ca:	6001      	str	r1, [r0, #0]
		case SYSTEM_CLOCK_APB_APBB:
			PM->APBBMASK.reg |= mask;
			break;

		case SYSTEM_CLOCK_APB_APBC:
			PM->APBCMASK.reg |= mask;
     1cc:	4ac9      	ldr	r2, [pc, #804]	; (4f4 <adc_init+0x33c>)
     1ce:	6a10      	ldr	r0, [r2, #32]
     1d0:	2380      	movs	r3, #128	; 0x80
     1d2:	025b      	lsls	r3, r3, #9
     1d4:	4303      	orrs	r3, r0
     1d6:	6213      	str	r3, [r2, #32]

	/* Turn on the digital interface clock */
	system_apb_clock_set_mask(SYSTEM_CLOCK_APB_APBC, PM_APBCMASK_ADC);

	if (hw->CTRLA.reg & ADC_CTRLA_SWRST) {
     1d8:	780b      	ldrb	r3, [r1, #0]
		/* We are in the middle of a reset. Abort. */
		return STATUS_BUSY;
     1da:	2005      	movs	r0, #5
	if (hw->CTRLA.reg & ADC_CTRLA_SWRST) {
     1dc:	07db      	lsls	r3, r3, #31
     1de:	d506      	bpl.n	1ee <adc_init+0x36>
	}
#endif

	/* Write configuration to module */
	return _adc_set_config(module_inst, config);
}
     1e0:	b017      	add	sp, #92	; 0x5c
     1e2:	bc3c      	pop	{r2, r3, r4, r5}
     1e4:	4690      	mov	r8, r2
     1e6:	4699      	mov	r9, r3
     1e8:	46a2      	mov	sl, r4
     1ea:	46ab      	mov	fp, r5
     1ec:	bdf0      	pop	{r4, r5, r6, r7, pc}
	if (hw->CTRLA.reg & ADC_CTRLA_ENABLE) {
     1ee:	780b      	ldrb	r3, [r1, #0]
		return STATUS_ERR_DENIED;
     1f0:	3017      	adds	r0, #23
	if (hw->CTRLA.reg & ADC_CTRLA_ENABLE) {
     1f2:	079b      	lsls	r3, r3, #30
     1f4:	d4f4      	bmi.n	1e0 <adc_init+0x28>
	module_inst->reference = config->reference;
     1f6:	7873      	ldrb	r3, [r6, #1]
     1f8:	713b      	strb	r3, [r7, #4]
	if (module_inst->reference == ADC_REFERENCE_INT1V) {
     1fa:	2b00      	cmp	r3, #0
     1fc:	d104      	bne.n	208 <adc_init+0x50>
		case SYSTEM_VOLTAGE_REFERENCE_TEMPSENSE:
			SYSCTRL->VREF.reg |= SYSCTRL_VREF_TSEN;
			break;

		case SYSTEM_VOLTAGE_REFERENCE_BANDGAP:
			SYSCTRL->VREF.reg |= SYSCTRL_VREF_BGOUTEN;
     1fe:	4abe      	ldr	r2, [pc, #760]	; (4f8 <adc_init+0x340>)
     200:	6c13      	ldr	r3, [r2, #64]	; 0x40
     202:	2104      	movs	r1, #4
     204:	430b      	orrs	r3, r1
     206:	6413      	str	r3, [r2, #64]	; 0x40
	uint8_t revision_num = ((REG_DSU_DID & DSU_DID_REVISION_Msk) >> DSU_DID_REVISION_Pos);
     208:	4bbc      	ldr	r3, [pc, #752]	; (4fc <adc_init+0x344>)
     20a:	681b      	ldr	r3, [r3, #0]
     20c:	051b      	lsls	r3, r3, #20
     20e:	0f1b      	lsrs	r3, r3, #28
     210:	4698      	mov	r8, r3
	Adc *const adc_module = module_inst->hw;
     212:	683b      	ldr	r3, [r7, #0]
     214:	469b      	mov	fp, r3
	gclk_chan_conf.source_generator = config->clock_source;
     216:	7833      	ldrb	r3, [r6, #0]
     218:	466a      	mov	r2, sp
     21a:	7013      	strb	r3, [r2, #0]
	system_gclk_chan_set_config(ADC_GCLK_ID, &gclk_chan_conf);
     21c:	4669      	mov	r1, sp
     21e:	2017      	movs	r0, #23
     220:	4bb7      	ldr	r3, [pc, #732]	; (500 <adc_init+0x348>)
     222:	4798      	blx	r3
	system_gclk_chan_enable(ADC_GCLK_ID);
     224:	2017      	movs	r0, #23
     226:	4bb7      	ldr	r3, [pc, #732]	; (504 <adc_init+0x34c>)
     228:	4798      	blx	r3
	if (config->pin_scan.inputs_to_scan != 0) {
     22a:	232c      	movs	r3, #44	; 0x2c
     22c:	5cf2      	ldrb	r2, [r6, r3]
     22e:	2a00      	cmp	r2, #0
     230:	d05a      	beq.n	2e8 <adc_init+0x130>
		uint8_t offset = config->pin_scan.offset_start_scan;
     232:	3b01      	subs	r3, #1
     234:	5cf5      	ldrb	r5, [r6, r3]
		uint8_t start_pin =
     236:	7b33      	ldrb	r3, [r6, #12]
     238:	18eb      	adds	r3, r5, r3
     23a:	b2db      	uxtb	r3, r3
		uint8_t end_pin =
     23c:	18d1      	adds	r1, r2, r3
		while (start_pin < end_pin) {
     23e:	b2c9      	uxtb	r1, r1
     240:	428b      	cmp	r3, r1
     242:	d227      	bcs.n	294 <adc_init+0xdc>
     244:	1952      	adds	r2, r2, r5
     246:	b2d3      	uxtb	r3, r2
     248:	4699      	mov	r9, r3
	const uint32_t pinmapping[] = {
     24a:	4baf      	ldr	r3, [pc, #700]	; (508 <adc_init+0x350>)
     24c:	469a      	mov	sl, r3
		system_pinmux_pin_set_config(pin_map_result, &config);
     24e:	0033      	movs	r3, r6
     250:	464e      	mov	r6, r9
     252:	46b9      	mov	r9, r7
     254:	001f      	movs	r7, r3
     256:	e003      	b.n	260 <adc_init+0xa8>
			offset++;
     258:	3501      	adds	r5, #1
     25a:	b2ed      	uxtb	r5, r5
		while (start_pin < end_pin) {
     25c:	42ae      	cmp	r6, r5
     25e:	d017      	beq.n	290 <adc_init+0xd8>
			_adc_configure_ain_pin((offset % 16)+(uint8_t)config->positive_input);
     260:	240f      	movs	r4, #15
     262:	402c      	ands	r4, r5
     264:	7b3b      	ldrb	r3, [r7, #12]
     266:	18e4      	adds	r4, r4, r3
	const uint32_t pinmapping[] = {
     268:	2250      	movs	r2, #80	; 0x50
     26a:	49a8      	ldr	r1, [pc, #672]	; (50c <adc_init+0x354>)
     26c:	a802      	add	r0, sp, #8
     26e:	47d0      	blx	sl
	if (pin <= ADC_EXTCHANNEL_MSB) {
     270:	2c13      	cmp	r4, #19
     272:	d8f1      	bhi.n	258 <adc_init+0xa0>
		pin_map_result = pinmapping[pin >> ADC_INPUTCTRL_MUXPOS_Pos];
     274:	00a4      	lsls	r4, r4, #2
     276:	ab02      	add	r3, sp, #8
     278:	58e0      	ldr	r0, [r4, r3]
	/* Sanity check arguments */
	Assert(config);

	/* Default configuration values */
	config->mux_position = SYSTEM_PINMUX_GPIO;
	config->direction    = SYSTEM_PINMUX_PIN_DIR_INPUT;
     27a:	a901      	add	r1, sp, #4
     27c:	2300      	movs	r3, #0
     27e:	704b      	strb	r3, [r1, #1]
	config->input_pull   = SYSTEM_PINMUX_PIN_PULL_UP;
	config->powersave    = false;
     280:	70cb      	strb	r3, [r1, #3]
		config.input_pull   = SYSTEM_PINMUX_PIN_PULL_NONE;
     282:	708b      	strb	r3, [r1, #2]
		config.mux_position = 1;
     284:	3301      	adds	r3, #1
     286:	700b      	strb	r3, [r1, #0]
		system_pinmux_pin_set_config(pin_map_result, &config);
     288:	b2c0      	uxtb	r0, r0
     28a:	4ba1      	ldr	r3, [pc, #644]	; (510 <adc_init+0x358>)
     28c:	4798      	blx	r3
     28e:	e7e3      	b.n	258 <adc_init+0xa0>
     290:	003e      	movs	r6, r7
     292:	464f      	mov	r7, r9
		_adc_configure_ain_pin(config->negative_input);
     294:	89f4      	ldrh	r4, [r6, #14]
	const uint32_t pinmapping[] = {
     296:	2250      	movs	r2, #80	; 0x50
     298:	499c      	ldr	r1, [pc, #624]	; (50c <adc_init+0x354>)
     29a:	a802      	add	r0, sp, #8
     29c:	4b9a      	ldr	r3, [pc, #616]	; (508 <adc_init+0x350>)
     29e:	4798      	blx	r3
	if (pin <= ADC_EXTCHANNEL_MSB) {
     2a0:	2c13      	cmp	r4, #19
     2a2:	d913      	bls.n	2cc <adc_init+0x114>
	adc_module->CTRLA.reg = (config->run_in_standby << ADC_CTRLA_RUNSTDBY_Pos);
     2a4:	7d73      	ldrb	r3, [r6, #21]
     2a6:	009b      	lsls	r3, r3, #2
     2a8:	b2db      	uxtb	r3, r3
     2aa:	465a      	mov	r2, fp
     2ac:	7013      	strb	r3, [r2, #0]
			(config->reference_compensation_enable << ADC_REFCTRL_REFCOMP_Pos) |
     2ae:	7db3      	ldrb	r3, [r6, #22]
     2b0:	01db      	lsls	r3, r3, #7
     2b2:	7872      	ldrb	r2, [r6, #1]
     2b4:	4313      	orrs	r3, r2
     2b6:	b2db      	uxtb	r3, r3
	adc_module->REFCTRL.reg =
     2b8:	465a      	mov	r2, fp
     2ba:	7053      	strb	r3, [r2, #1]
	switch (config->resolution) {
     2bc:	7933      	ldrb	r3, [r6, #4]
     2be:	2b34      	cmp	r3, #52	; 0x34
     2c0:	d900      	bls.n	2c4 <adc_init+0x10c>
     2c2:	e18c      	b.n	5de <adc_init+0x426>
     2c4:	009b      	lsls	r3, r3, #2
     2c6:	4a93      	ldr	r2, [pc, #588]	; (514 <adc_init+0x35c>)
     2c8:	58d3      	ldr	r3, [r2, r3]
     2ca:	469f      	mov	pc, r3
		pin_map_result = pinmapping[pin >> ADC_INPUTCTRL_MUXPOS_Pos];
     2cc:	00a4      	lsls	r4, r4, #2
     2ce:	ab02      	add	r3, sp, #8
     2d0:	58e0      	ldr	r0, [r4, r3]
	config->direction    = SYSTEM_PINMUX_PIN_DIR_INPUT;
     2d2:	a901      	add	r1, sp, #4
     2d4:	2300      	movs	r3, #0
     2d6:	704b      	strb	r3, [r1, #1]
	config->powersave    = false;
     2d8:	70cb      	strb	r3, [r1, #3]
		config.input_pull   = SYSTEM_PINMUX_PIN_PULL_NONE;
     2da:	708b      	strb	r3, [r1, #2]
		config.mux_position = 1;
     2dc:	3301      	adds	r3, #1
     2de:	700b      	strb	r3, [r1, #0]
		system_pinmux_pin_set_config(pin_map_result, &config);
     2e0:	b2c0      	uxtb	r0, r0
     2e2:	4b8b      	ldr	r3, [pc, #556]	; (510 <adc_init+0x358>)
     2e4:	4798      	blx	r3
     2e6:	e7dd      	b.n	2a4 <adc_init+0xec>
		_adc_configure_ain_pin(config->positive_input);
     2e8:	7b34      	ldrb	r4, [r6, #12]
	const uint32_t pinmapping[] = {
     2ea:	2250      	movs	r2, #80	; 0x50
     2ec:	4987      	ldr	r1, [pc, #540]	; (50c <adc_init+0x354>)
     2ee:	a802      	add	r0, sp, #8
     2f0:	4b85      	ldr	r3, [pc, #532]	; (508 <adc_init+0x350>)
     2f2:	4798      	blx	r3
	if (pin <= ADC_EXTCHANNEL_MSB) {
     2f4:	2c13      	cmp	r4, #19
     2f6:	d915      	bls.n	324 <adc_init+0x16c>
		_adc_configure_ain_pin(config->negative_input);
     2f8:	89f4      	ldrh	r4, [r6, #14]
	const uint32_t pinmapping[] = {
     2fa:	2250      	movs	r2, #80	; 0x50
     2fc:	4983      	ldr	r1, [pc, #524]	; (50c <adc_init+0x354>)
     2fe:	a802      	add	r0, sp, #8
     300:	4b81      	ldr	r3, [pc, #516]	; (508 <adc_init+0x350>)
     302:	4798      	blx	r3
	if (pin <= ADC_EXTCHANNEL_MSB) {
     304:	2c13      	cmp	r4, #19
     306:	d8cd      	bhi.n	2a4 <adc_init+0xec>
		pin_map_result = pinmapping[pin >> ADC_INPUTCTRL_MUXPOS_Pos];
     308:	00a4      	lsls	r4, r4, #2
     30a:	ab02      	add	r3, sp, #8
     30c:	58e0      	ldr	r0, [r4, r3]
	config->direction    = SYSTEM_PINMUX_PIN_DIR_INPUT;
     30e:	a901      	add	r1, sp, #4
     310:	2300      	movs	r3, #0
     312:	704b      	strb	r3, [r1, #1]
	config->powersave    = false;
     314:	70cb      	strb	r3, [r1, #3]
		config.input_pull   = SYSTEM_PINMUX_PIN_PULL_NONE;
     316:	708b      	strb	r3, [r1, #2]
		config.mux_position = 1;
     318:	3301      	adds	r3, #1
     31a:	700b      	strb	r3, [r1, #0]
		system_pinmux_pin_set_config(pin_map_result, &config);
     31c:	b2c0      	uxtb	r0, r0
     31e:	4b7c      	ldr	r3, [pc, #496]	; (510 <adc_init+0x358>)
     320:	4798      	blx	r3
     322:	e7bf      	b.n	2a4 <adc_init+0xec>
		pin_map_result = pinmapping[pin >> ADC_INPUTCTRL_MUXPOS_Pos];
     324:	00a4      	lsls	r4, r4, #2
     326:	ab02      	add	r3, sp, #8
     328:	58e0      	ldr	r0, [r4, r3]
	config->direction    = SYSTEM_PINMUX_PIN_DIR_INPUT;
     32a:	a901      	add	r1, sp, #4
     32c:	2300      	movs	r3, #0
     32e:	704b      	strb	r3, [r1, #1]
	config->powersave    = false;
     330:	70cb      	strb	r3, [r1, #3]
		config.input_pull   = SYSTEM_PINMUX_PIN_PULL_NONE;
     332:	708b      	strb	r3, [r1, #2]
		config.mux_position = 1;
     334:	3301      	adds	r3, #1
     336:	700b      	strb	r3, [r1, #0]
		system_pinmux_pin_set_config(pin_map_result, &config);
     338:	b2c0      	uxtb	r0, r0
     33a:	4b75      	ldr	r3, [pc, #468]	; (510 <adc_init+0x358>)
     33c:	4798      	blx	r3
     33e:	e7db      	b.n	2f8 <adc_init+0x140>
		accumulate = ADC_ACCUMULATE_SAMPLES_16;
     340:	2304      	movs	r3, #4
		resolution = ADC_RESOLUTION_16BIT;
     342:	2410      	movs	r4, #16
		adjres = ADC_DIVIDE_RESULT_4;
     344:	2102      	movs	r1, #2
     346:	e022      	b.n	38e <adc_init+0x1d6>
		adjres = config->divide_result;
     348:	7c71      	ldrb	r1, [r6, #17]
		accumulate = config->accumulate_samples;
     34a:	7c33      	ldrb	r3, [r6, #16]
		resolution = ADC_RESOLUTION_16BIT;
     34c:	2410      	movs	r4, #16
     34e:	e01e      	b.n	38e <adc_init+0x1d6>
		if(revision_num < REVISON_D_NUM) {
     350:	4643      	mov	r3, r8
     352:	2b02      	cmp	r3, #2
     354:	d800      	bhi.n	358 <adc_init+0x1a0>
     356:	e0c4      	b.n	4e2 <adc_init+0x32a>
		accumulate = ADC_ACCUMULATE_SAMPLES_64;
     358:	2306      	movs	r3, #6
		resolution = ADC_RESOLUTION_16BIT;
     35a:	2410      	movs	r4, #16
			adjres = ADC_DIVIDE_RESULT_2;
     35c:	2101      	movs	r1, #1
     35e:	e016      	b.n	38e <adc_init+0x1d6>
		if(revision_num < REVISON_D_NUM) {
     360:	4643      	mov	r3, r8
     362:	2b02      	cmp	r3, #2
     364:	d800      	bhi.n	368 <adc_init+0x1b0>
     366:	e0c0      	b.n	4ea <adc_init+0x332>
		accumulate = ADC_ACCUMULATE_SAMPLES_256;
     368:	2308      	movs	r3, #8
		resolution = ADC_RESOLUTION_16BIT;
     36a:	2410      	movs	r4, #16
			adjres = ADC_DIVIDE_RESULT_DISABLE;
     36c:	2100      	movs	r1, #0
     36e:	e00e      	b.n	38e <adc_init+0x1d6>
	enum adc_accumulate_samples accumulate = ADC_ACCUMULATE_DISABLE;
     370:	2300      	movs	r3, #0
		resolution = ADC_RESOLUTION_8BIT;
     372:	2430      	movs	r4, #48	; 0x30
	uint8_t adjres = 0;
     374:	2100      	movs	r1, #0
     376:	e00a      	b.n	38e <adc_init+0x1d6>
	enum adc_accumulate_samples accumulate = ADC_ACCUMULATE_DISABLE;
     378:	2300      	movs	r3, #0
		resolution = ADC_RESOLUTION_10BIT;
     37a:	2420      	movs	r4, #32
	uint8_t adjres = 0;
     37c:	2100      	movs	r1, #0
     37e:	e006      	b.n	38e <adc_init+0x1d6>
	enum adc_accumulate_samples accumulate = ADC_ACCUMULATE_DISABLE;
     380:	2300      	movs	r3, #0
		resolution = ADC_RESOLUTION_12BIT;
     382:	2400      	movs	r4, #0
	uint8_t adjres = 0;
     384:	2100      	movs	r1, #0
     386:	e002      	b.n	38e <adc_init+0x1d6>
		accumulate = ADC_ACCUMULATE_SAMPLES_4;
     388:	2302      	movs	r3, #2
		resolution = ADC_RESOLUTION_16BIT;
     38a:	2410      	movs	r4, #16
		adjres = ADC_DIVIDE_RESULT_2;
     38c:	2101      	movs	r1, #1
	adc_module->AVGCTRL.reg = ADC_AVGCTRL_ADJRES(adjres) | accumulate;
     38e:	0109      	lsls	r1, r1, #4
     390:	2270      	movs	r2, #112	; 0x70
     392:	400a      	ands	r2, r1
     394:	4313      	orrs	r3, r2
     396:	465a      	mov	r2, fp
     398:	7093      	strb	r3, [r2, #2]
	if (config->sample_length > 63) {
     39a:	7df3      	ldrb	r3, [r6, #23]
		return STATUS_ERR_INVALID_ARG;
     39c:	2017      	movs	r0, #23
	if (config->sample_length > 63) {
     39e:	2b3f      	cmp	r3, #63	; 0x3f
     3a0:	d900      	bls.n	3a4 <adc_init+0x1ec>
     3a2:	e71d      	b.n	1e0 <adc_init+0x28>
		adc_module->SAMPCTRL.reg =
     3a4:	70d3      	strb	r3, [r2, #3]
	struct adc_module *const module_inst)
{
	/* Sanity check arguments */
	Assert(module_inst);

	Adc *const adc_module = module_inst->hw;
     3a6:	683a      	ldr	r2, [r7, #0]

	if (adc_module->STATUS.reg & ADC_STATUS_SYNCBUSY) {
     3a8:	7e53      	ldrb	r3, [r2, #25]
	while (adc_is_syncing(module_inst)) {
     3aa:	b25b      	sxtb	r3, r3
     3ac:	2b00      	cmp	r3, #0
     3ae:	dbfb      	blt.n	3a8 <adc_init+0x1f0>
			(config->differential_mode << ADC_CTRLB_DIFFMODE_Pos);
     3b0:	7cf3      	ldrb	r3, [r6, #19]
			(config->left_adjust << ADC_CTRLB_LEFTADJ_Pos) |
     3b2:	8872      	ldrh	r2, [r6, #2]
     3b4:	4313      	orrs	r3, r2
			(config->correction.correction_enable << ADC_CTRLB_CORREN_Pos) |
     3b6:	2224      	movs	r2, #36	; 0x24
     3b8:	5cb2      	ldrb	r2, [r6, r2]
     3ba:	00d2      	lsls	r2, r2, #3
			(config->left_adjust << ADC_CTRLB_LEFTADJ_Pos) |
     3bc:	4313      	orrs	r3, r2
			(config->freerunning << ADC_CTRLB_FREERUN_Pos) |
     3be:	7d32      	ldrb	r2, [r6, #20]
     3c0:	0092      	lsls	r2, r2, #2
			(config->left_adjust << ADC_CTRLB_LEFTADJ_Pos) |
     3c2:	4313      	orrs	r3, r2
     3c4:	7cb2      	ldrb	r2, [r6, #18]
     3c6:	0052      	lsls	r2, r2, #1
     3c8:	4313      	orrs	r3, r2
     3ca:	4323      	orrs	r3, r4
	adc_module->CTRLB.reg =
     3cc:	465a      	mov	r2, fp
     3ce:	8093      	strh	r3, [r2, #4]
	if (config->window.window_mode != ADC_WINDOW_MODE_DISABLE) {
     3d0:	7e33      	ldrb	r3, [r6, #24]
     3d2:	2b00      	cmp	r3, #0
     3d4:	d020      	beq.n	418 <adc_init+0x260>
		switch (resolution) {
     3d6:	2c10      	cmp	r4, #16
     3d8:	d100      	bne.n	3dc <adc_init+0x224>
     3da:	e0e2      	b.n	5a2 <adc_init+0x3ea>
     3dc:	d800      	bhi.n	3e0 <adc_init+0x228>
     3de:	e0a1      	b.n	524 <adc_init+0x36c>
     3e0:	2c20      	cmp	r4, #32
     3e2:	d100      	bne.n	3e6 <adc_init+0x22e>
     3e4:	e0bf      	b.n	566 <adc_init+0x3ae>
     3e6:	2c30      	cmp	r4, #48	; 0x30
     3e8:	d116      	bne.n	418 <adc_init+0x260>
			if (config->differential_mode &&
     3ea:	7cf2      	ldrb	r2, [r6, #19]
     3ec:	2a00      	cmp	r2, #0
     3ee:	d00a      	beq.n	406 <adc_init+0x24e>
					(config->window.window_lower_value > 127 ||
     3f0:	69f2      	ldr	r2, [r6, #28]
     3f2:	3280      	adds	r2, #128	; 0x80
				return STATUS_ERR_INVALID_ARG;
     3f4:	2017      	movs	r0, #23
			if (config->differential_mode &&
     3f6:	2aff      	cmp	r2, #255	; 0xff
     3f8:	d900      	bls.n	3fc <adc_init+0x244>
     3fa:	e6f1      	b.n	1e0 <adc_init+0x28>
					config->window.window_lower_value < -128 ||
     3fc:	6a32      	ldr	r2, [r6, #32]
     3fe:	3280      	adds	r2, #128	; 0x80
     400:	2aff      	cmp	r2, #255	; 0xff
     402:	d900      	bls.n	406 <adc_init+0x24e>
     404:	e6ec      	b.n	1e0 <adc_init+0x28>
				return STATUS_ERR_INVALID_ARG;
     406:	2017      	movs	r0, #23
			} else if (config->window.window_lower_value > 255 ||
     408:	69f2      	ldr	r2, [r6, #28]
     40a:	2aff      	cmp	r2, #255	; 0xff
     40c:	dd00      	ble.n	410 <adc_init+0x258>
     40e:	e6e7      	b.n	1e0 <adc_init+0x28>
     410:	6a32      	ldr	r2, [r6, #32]
     412:	2aff      	cmp	r2, #255	; 0xff
     414:	dd00      	ble.n	418 <adc_init+0x260>
     416:	e6e3      	b.n	1e0 <adc_init+0x28>
	Adc *const adc_module = module_inst->hw;
     418:	6839      	ldr	r1, [r7, #0]
	if (adc_module->STATUS.reg & ADC_STATUS_SYNCBUSY) {
     41a:	7e4a      	ldrb	r2, [r1, #25]
	while (adc_is_syncing(module_inst)) {
     41c:	b252      	sxtb	r2, r2
     41e:	2a00      	cmp	r2, #0
     420:	dbfb      	blt.n	41a <adc_init+0x262>
	adc_module->WINCTRL.reg = config->window.window_mode;
     422:	465a      	mov	r2, fp
     424:	7213      	strb	r3, [r2, #8]
	Adc *const adc_module = module_inst->hw;
     426:	683a      	ldr	r2, [r7, #0]
	if (adc_module->STATUS.reg & ADC_STATUS_SYNCBUSY) {
     428:	7e53      	ldrb	r3, [r2, #25]
	while (adc_is_syncing(module_inst)) {
     42a:	b25b      	sxtb	r3, r3
     42c:	2b00      	cmp	r3, #0
     42e:	dbfb      	blt.n	428 <adc_init+0x270>
	adc_module->WINLT.reg =
     430:	8bb3      	ldrh	r3, [r6, #28]
     432:	465a      	mov	r2, fp
     434:	8393      	strh	r3, [r2, #28]
	Adc *const adc_module = module_inst->hw;
     436:	683a      	ldr	r2, [r7, #0]
	if (adc_module->STATUS.reg & ADC_STATUS_SYNCBUSY) {
     438:	7e53      	ldrb	r3, [r2, #25]
	while (adc_is_syncing(module_inst)) {
     43a:	b25b      	sxtb	r3, r3
     43c:	2b00      	cmp	r3, #0
     43e:	dbfb      	blt.n	438 <adc_init+0x280>
	adc_module->WINUT.reg = config->window.window_upper_value <<
     440:	8c33      	ldrh	r3, [r6, #32]
     442:	465a      	mov	r2, fp
     444:	8413      	strh	r3, [r2, #32]
	uint8_t inputs_to_scan = config->pin_scan.inputs_to_scan;
     446:	232c      	movs	r3, #44	; 0x2c
     448:	5cf3      	ldrb	r3, [r6, r3]
	if (inputs_to_scan > 0) {
     44a:	2b00      	cmp	r3, #0
     44c:	d005      	beq.n	45a <adc_init+0x2a2>
		inputs_to_scan--;
     44e:	3b01      	subs	r3, #1
     450:	b2db      	uxtb	r3, r3
		return STATUS_ERR_INVALID_ARG;
     452:	2017      	movs	r0, #23
	if (inputs_to_scan > (ADC_INPUTCTRL_INPUTSCAN_Msk >> ADC_INPUTCTRL_INPUTSCAN_Pos) ||
     454:	2b0f      	cmp	r3, #15
     456:	d900      	bls.n	45a <adc_init+0x2a2>
     458:	e6c2      	b.n	1e0 <adc_init+0x28>
			config->pin_scan.offset_start_scan > (ADC_INPUTCTRL_INPUTOFFSET_Msk >> ADC_INPUTCTRL_INPUTOFFSET_Pos)) {
     45a:	222b      	movs	r2, #43	; 0x2b
     45c:	5cb1      	ldrb	r1, [r6, r2]
		return STATUS_ERR_INVALID_ARG;
     45e:	2017      	movs	r0, #23
	if (inputs_to_scan > (ADC_INPUTCTRL_INPUTSCAN_Msk >> ADC_INPUTCTRL_INPUTSCAN_Pos) ||
     460:	290f      	cmp	r1, #15
     462:	d900      	bls.n	466 <adc_init+0x2ae>
     464:	e6bc      	b.n	1e0 <adc_init+0x28>
	Adc *const adc_module = module_inst->hw;
     466:	6838      	ldr	r0, [r7, #0]
	if (adc_module->STATUS.reg & ADC_STATUS_SYNCBUSY) {
     468:	7e42      	ldrb	r2, [r0, #25]
	while (adc_is_syncing(module_inst)) {
     46a:	b252      	sxtb	r2, r2
     46c:	2a00      	cmp	r2, #0
     46e:	dbfb      	blt.n	468 <adc_init+0x2b0>
			config->negative_input |
     470:	89f2      	ldrh	r2, [r6, #14]
			config->positive_input;
     472:	7b30      	ldrb	r0, [r6, #12]
			config->negative_input |
     474:	4302      	orrs	r2, r0
     476:	68b0      	ldr	r0, [r6, #8]
     478:	4302      	orrs	r2, r0
			(config->pin_scan.offset_start_scan <<
     47a:	0509      	lsls	r1, r1, #20
			config->negative_input |
     47c:	430a      	orrs	r2, r1
			(inputs_to_scan << ADC_INPUTCTRL_INPUTSCAN_Pos) |
     47e:	041b      	lsls	r3, r3, #16
			config->negative_input |
     480:	4313      	orrs	r3, r2
	adc_module->INPUTCTRL.reg =
     482:	465a      	mov	r2, fp
     484:	6113      	str	r3, [r2, #16]
	adc_module->EVCTRL.reg = config->event_action;
     486:	232a      	movs	r3, #42	; 0x2a
     488:	5cf3      	ldrb	r3, [r6, r3]
     48a:	7513      	strb	r3, [r2, #20]
	adc_module->INTENCLR.reg =
     48c:	230f      	movs	r3, #15
     48e:	7593      	strb	r3, [r2, #22]
	if (config->correction.correction_enable){
     490:	3315      	adds	r3, #21
     492:	5cf3      	ldrb	r3, [r6, r3]
     494:	2b00      	cmp	r3, #0
     496:	d012      	beq.n	4be <adc_init+0x306>
		if (config->correction.gain_correction > ADC_GAINCORR_GAINCORR_Msk) {
     498:	8cf3      	ldrh	r3, [r6, #38]	; 0x26
     49a:	4a1f      	ldr	r2, [pc, #124]	; (518 <adc_init+0x360>)
			return STATUS_ERR_INVALID_ARG;
     49c:	2017      	movs	r0, #23
		if (config->correction.gain_correction > ADC_GAINCORR_GAINCORR_Msk) {
     49e:	4293      	cmp	r3, r2
     4a0:	d900      	bls.n	4a4 <adc_init+0x2ec>
     4a2:	e69d      	b.n	1e0 <adc_init+0x28>
			adc_module->GAINCORR.reg = config->correction.gain_correction <<
     4a4:	465a      	mov	r2, fp
     4a6:	8493      	strh	r3, [r2, #36]	; 0x24
		if (config->correction.offset_correction > 2047 ||
     4a8:	8d32      	ldrh	r2, [r6, #40]	; 0x28
     4aa:	2380      	movs	r3, #128	; 0x80
     4ac:	011b      	lsls	r3, r3, #4
     4ae:	18d3      	adds	r3, r2, r3
     4b0:	4919      	ldr	r1, [pc, #100]	; (518 <adc_init+0x360>)
     4b2:	b29b      	uxth	r3, r3
     4b4:	428b      	cmp	r3, r1
     4b6:	d900      	bls.n	4ba <adc_init+0x302>
     4b8:	e692      	b.n	1e0 <adc_init+0x28>
			adc_module->OFFSETCORR.reg = config->correction.offset_correction <<
     4ba:	465b      	mov	r3, fp
     4bc:	84da      	strh	r2, [r3, #38]	; 0x26
			ADC_CALIB_BIAS_CAL(
     4be:	4b17      	ldr	r3, [pc, #92]	; (51c <adc_init+0x364>)
     4c0:	681b      	ldr	r3, [r3, #0]
     4c2:	015b      	lsls	r3, r3, #5
     4c4:	22e0      	movs	r2, #224	; 0xe0
     4c6:	00d2      	lsls	r2, r2, #3
     4c8:	4013      	ands	r3, r2
			ADC_CALIB_LINEARITY_CAL(
     4ca:	4a15      	ldr	r2, [pc, #84]	; (520 <adc_init+0x368>)
     4cc:	6851      	ldr	r1, [r2, #4]
     4ce:	0149      	lsls	r1, r1, #5
     4d0:	6812      	ldr	r2, [r2, #0]
     4d2:	0ed2      	lsrs	r2, r2, #27
     4d4:	430a      	orrs	r2, r1
     4d6:	b2d2      	uxtb	r2, r2
			) |
     4d8:	4313      	orrs	r3, r2
	adc_module->CALIB.reg =
     4da:	465a      	mov	r2, fp
     4dc:	8513      	strh	r3, [r2, #40]	; 0x28
	return STATUS_OK;
     4de:	2000      	movs	r0, #0
     4e0:	e67e      	b.n	1e0 <adc_init+0x28>
		accumulate = ADC_ACCUMULATE_SAMPLES_64;
     4e2:	2306      	movs	r3, #6
		resolution = ADC_RESOLUTION_16BIT;
     4e4:	2410      	movs	r4, #16
			adjres = ADC_DIVIDE_RESULT_8;
     4e6:	2103      	movs	r1, #3
     4e8:	e751      	b.n	38e <adc_init+0x1d6>
		accumulate = ADC_ACCUMULATE_SAMPLES_256;
     4ea:	2308      	movs	r3, #8
		resolution = ADC_RESOLUTION_16BIT;
     4ec:	2410      	movs	r4, #16
			adjres = ADC_DIVIDE_RESULT_16;
     4ee:	2104      	movs	r1, #4
     4f0:	e74d      	b.n	38e <adc_init+0x1d6>
     4f2:	46c0      	nop			; (mov r8, r8)
     4f4:	40000400 	.word	0x40000400
     4f8:	40000800 	.word	0x40000800
     4fc:	41002018 	.word	0x41002018
     500:	00002ad9 	.word	0x00002ad9
     504:	00002a4d 	.word	0x00002a4d
     508:	000035a1 	.word	0x000035a1
     50c:	00003698 	.word	0x00003698
     510:	00002bd1 	.word	0x00002bd1
     514:	000035c4 	.word	0x000035c4
     518:	00000fff 	.word	0x00000fff
     51c:	00806024 	.word	0x00806024
     520:	00806020 	.word	0x00806020
		switch (resolution) {
     524:	2c00      	cmp	r4, #0
     526:	d000      	beq.n	52a <adc_init+0x372>
     528:	e776      	b.n	418 <adc_init+0x260>
			if (config->differential_mode &&
     52a:	7cf2      	ldrb	r2, [r6, #19]
     52c:	2a00      	cmp	r2, #0
     52e:	d00f      	beq.n	550 <adc_init+0x398>
					(config->window.window_lower_value > 2047 ||
     530:	69f2      	ldr	r2, [r6, #28]
     532:	2180      	movs	r1, #128	; 0x80
     534:	0109      	lsls	r1, r1, #4
     536:	468c      	mov	ip, r1
     538:	4462      	add	r2, ip
			if (config->differential_mode &&
     53a:	492a      	ldr	r1, [pc, #168]	; (5e4 <adc_init+0x42c>)
				return STATUS_ERR_INVALID_ARG;
     53c:	2017      	movs	r0, #23
			if (config->differential_mode &&
     53e:	428a      	cmp	r2, r1
     540:	d900      	bls.n	544 <adc_init+0x38c>
     542:	e64d      	b.n	1e0 <adc_init+0x28>
					config->window.window_lower_value < -2048 ||
     544:	6a32      	ldr	r2, [r6, #32]
     546:	4462      	add	r2, ip
     548:	4926      	ldr	r1, [pc, #152]	; (5e4 <adc_init+0x42c>)
     54a:	428a      	cmp	r2, r1
     54c:	d900      	bls.n	550 <adc_init+0x398>
     54e:	e647      	b.n	1e0 <adc_init+0x28>
			} else if (config->window.window_lower_value > 4095 ||
     550:	4a24      	ldr	r2, [pc, #144]	; (5e4 <adc_init+0x42c>)
				return STATUS_ERR_INVALID_ARG;
     552:	2017      	movs	r0, #23
			} else if (config->window.window_lower_value > 4095 ||
     554:	69f1      	ldr	r1, [r6, #28]
     556:	4291      	cmp	r1, r2
     558:	dd00      	ble.n	55c <adc_init+0x3a4>
     55a:	e641      	b.n	1e0 <adc_init+0x28>
     55c:	6a31      	ldr	r1, [r6, #32]
     55e:	4291      	cmp	r1, r2
     560:	dd00      	ble.n	564 <adc_init+0x3ac>
     562:	e63d      	b.n	1e0 <adc_init+0x28>
     564:	e758      	b.n	418 <adc_init+0x260>
			if (config->differential_mode &&
     566:	7cf2      	ldrb	r2, [r6, #19]
     568:	2a00      	cmp	r2, #0
     56a:	d00f      	beq.n	58c <adc_init+0x3d4>
					(config->window.window_lower_value > 511 ||
     56c:	69f2      	ldr	r2, [r6, #28]
     56e:	2180      	movs	r1, #128	; 0x80
     570:	0089      	lsls	r1, r1, #2
     572:	468c      	mov	ip, r1
     574:	4462      	add	r2, ip
			if (config->differential_mode &&
     576:	491c      	ldr	r1, [pc, #112]	; (5e8 <adc_init+0x430>)
				return STATUS_ERR_INVALID_ARG;
     578:	2017      	movs	r0, #23
			if (config->differential_mode &&
     57a:	428a      	cmp	r2, r1
     57c:	d900      	bls.n	580 <adc_init+0x3c8>
     57e:	e62f      	b.n	1e0 <adc_init+0x28>
					config->window.window_lower_value < -512 ||
     580:	6a32      	ldr	r2, [r6, #32]
     582:	4462      	add	r2, ip
     584:	4918      	ldr	r1, [pc, #96]	; (5e8 <adc_init+0x430>)
     586:	428a      	cmp	r2, r1
     588:	d900      	bls.n	58c <adc_init+0x3d4>
     58a:	e629      	b.n	1e0 <adc_init+0x28>
			} else if (config->window.window_lower_value > 1023 ||
     58c:	4a16      	ldr	r2, [pc, #88]	; (5e8 <adc_init+0x430>)
				return STATUS_ERR_INVALID_ARG;
     58e:	2017      	movs	r0, #23
			} else if (config->window.window_lower_value > 1023 ||
     590:	69f1      	ldr	r1, [r6, #28]
     592:	4291      	cmp	r1, r2
     594:	dd00      	ble.n	598 <adc_init+0x3e0>
     596:	e623      	b.n	1e0 <adc_init+0x28>
     598:	6a31      	ldr	r1, [r6, #32]
     59a:	4291      	cmp	r1, r2
     59c:	dd00      	ble.n	5a0 <adc_init+0x3e8>
     59e:	e61f      	b.n	1e0 <adc_init+0x28>
     5a0:	e73a      	b.n	418 <adc_init+0x260>
			if (config->differential_mode &&
     5a2:	7cf2      	ldrb	r2, [r6, #19]
     5a4:	2a00      	cmp	r2, #0
     5a6:	d00f      	beq.n	5c8 <adc_init+0x410>
					(config->window.window_lower_value > 32767 ||
     5a8:	69f2      	ldr	r2, [r6, #28]
     5aa:	2180      	movs	r1, #128	; 0x80
     5ac:	0209      	lsls	r1, r1, #8
     5ae:	468c      	mov	ip, r1
     5b0:	4462      	add	r2, ip
			if (config->differential_mode &&
     5b2:	490e      	ldr	r1, [pc, #56]	; (5ec <adc_init+0x434>)
				return STATUS_ERR_INVALID_ARG;
     5b4:	2017      	movs	r0, #23
			if (config->differential_mode &&
     5b6:	428a      	cmp	r2, r1
     5b8:	d900      	bls.n	5bc <adc_init+0x404>
     5ba:	e611      	b.n	1e0 <adc_init+0x28>
					config->window.window_lower_value < -32768 ||
     5bc:	6a32      	ldr	r2, [r6, #32]
     5be:	4462      	add	r2, ip
     5c0:	490a      	ldr	r1, [pc, #40]	; (5ec <adc_init+0x434>)
     5c2:	428a      	cmp	r2, r1
     5c4:	d900      	bls.n	5c8 <adc_init+0x410>
     5c6:	e60b      	b.n	1e0 <adc_init+0x28>
			} else if (config->window.window_lower_value > 65535 ||
     5c8:	4a08      	ldr	r2, [pc, #32]	; (5ec <adc_init+0x434>)
				return STATUS_ERR_INVALID_ARG;
     5ca:	2017      	movs	r0, #23
			} else if (config->window.window_lower_value > 65535 ||
     5cc:	69f1      	ldr	r1, [r6, #28]
     5ce:	4291      	cmp	r1, r2
     5d0:	dd00      	ble.n	5d4 <adc_init+0x41c>
     5d2:	e605      	b.n	1e0 <adc_init+0x28>
     5d4:	6a31      	ldr	r1, [r6, #32]
     5d6:	4291      	cmp	r1, r2
     5d8:	dd00      	ble.n	5dc <adc_init+0x424>
     5da:	e601      	b.n	1e0 <adc_init+0x28>
     5dc:	e71c      	b.n	418 <adc_init+0x260>
		return STATUS_ERR_INVALID_ARG;
     5de:	2017      	movs	r0, #23
     5e0:	e5fe      	b.n	1e0 <adc_init+0x28>
     5e2:	46c0      	nop			; (mov r8, r8)
     5e4:	00000fff 	.word	0x00000fff
     5e8:	000003ff 	.word	0x000003ff
     5ec:	0000ffff 	.word	0x0000ffff

000005f0 <long_division>:
/**
 * \internal Calculate 64 bit division, ref can be found in
 * http://en.wikipedia.org/wiki/Division_algorithm#Long_division
 */
static uint64_t long_division(uint64_t n, uint64_t d)
{
     5f0:	b5f0      	push	{r4, r5, r6, r7, lr}
     5f2:	46de      	mov	lr, fp
     5f4:	4657      	mov	r7, sl
     5f6:	464e      	mov	r6, r9
     5f8:	4645      	mov	r5, r8
     5fa:	b5e0      	push	{r5, r6, r7, lr}
     5fc:	b087      	sub	sp, #28
     5fe:	4680      	mov	r8, r0
     600:	9104      	str	r1, [sp, #16]
     602:	0016      	movs	r6, r2
     604:	001f      	movs	r7, r3
	int32_t i;
	uint64_t q = 0, r = 0, bit_shift;
     606:	2200      	movs	r2, #0
     608:	2300      	movs	r3, #0
     60a:	2100      	movs	r1, #0
     60c:	468b      	mov	fp, r1
	for (i = 63; i >= 0; i--) {
     60e:	243f      	movs	r4, #63	; 0x3f
		bit_shift = (uint64_t)1 << i;
     610:	2001      	movs	r0, #1
     612:	0021      	movs	r1, r4
     614:	9600      	str	r6, [sp, #0]
     616:	9701      	str	r7, [sp, #4]
     618:	465c      	mov	r4, fp
     61a:	9403      	str	r4, [sp, #12]
     61c:	4644      	mov	r4, r8
     61e:	9405      	str	r4, [sp, #20]
     620:	e013      	b.n	64a <long_division+0x5a>
     622:	2420      	movs	r4, #32
     624:	1a64      	subs	r4, r4, r1
     626:	0005      	movs	r5, r0
     628:	40e5      	lsrs	r5, r4
     62a:	46a8      	mov	r8, r5
     62c:	e014      	b.n	658 <long_division+0x68>
		if (n & bit_shift) {
			r |= 0x01;
		}

		if (r >= d) {
			r = r - d;
     62e:	9c00      	ldr	r4, [sp, #0]
     630:	9d01      	ldr	r5, [sp, #4]
     632:	1b12      	subs	r2, r2, r4
     634:	41ab      	sbcs	r3, r5
			q |= bit_shift;
     636:	465c      	mov	r4, fp
     638:	464d      	mov	r5, r9
     63a:	432c      	orrs	r4, r5
     63c:	46a3      	mov	fp, r4
     63e:	9c03      	ldr	r4, [sp, #12]
     640:	4645      	mov	r5, r8
     642:	432c      	orrs	r4, r5
     644:	9403      	str	r4, [sp, #12]
	for (i = 63; i >= 0; i--) {
     646:	3901      	subs	r1, #1
     648:	d325      	bcc.n	696 <long_division+0xa6>
		bit_shift = (uint64_t)1 << i;
     64a:	2420      	movs	r4, #32
     64c:	4264      	negs	r4, r4
     64e:	190c      	adds	r4, r1, r4
     650:	d4e7      	bmi.n	622 <long_division+0x32>
     652:	0005      	movs	r5, r0
     654:	40a5      	lsls	r5, r4
     656:	46a8      	mov	r8, r5
     658:	0004      	movs	r4, r0
     65a:	408c      	lsls	r4, r1
     65c:	46a1      	mov	r9, r4
		r = r << 1;
     65e:	1892      	adds	r2, r2, r2
     660:	415b      	adcs	r3, r3
     662:	0014      	movs	r4, r2
     664:	001d      	movs	r5, r3
		if (n & bit_shift) {
     666:	9e05      	ldr	r6, [sp, #20]
     668:	464f      	mov	r7, r9
     66a:	403e      	ands	r6, r7
     66c:	46b4      	mov	ip, r6
     66e:	9e04      	ldr	r6, [sp, #16]
     670:	4647      	mov	r7, r8
     672:	403e      	ands	r6, r7
     674:	46b2      	mov	sl, r6
     676:	4666      	mov	r6, ip
     678:	4657      	mov	r7, sl
     67a:	433e      	orrs	r6, r7
     67c:	d003      	beq.n	686 <long_division+0x96>
			r |= 0x01;
     67e:	0006      	movs	r6, r0
     680:	4326      	orrs	r6, r4
     682:	0032      	movs	r2, r6
     684:	002b      	movs	r3, r5
		if (r >= d) {
     686:	9c00      	ldr	r4, [sp, #0]
     688:	9d01      	ldr	r5, [sp, #4]
     68a:	429d      	cmp	r5, r3
     68c:	d8db      	bhi.n	646 <long_division+0x56>
     68e:	d1ce      	bne.n	62e <long_division+0x3e>
     690:	4294      	cmp	r4, r2
     692:	d8d8      	bhi.n	646 <long_division+0x56>
     694:	e7cb      	b.n	62e <long_division+0x3e>
     696:	9b03      	ldr	r3, [sp, #12]
		}
	}

	return q;
}
     698:	4658      	mov	r0, fp
     69a:	0019      	movs	r1, r3
     69c:	b007      	add	sp, #28
     69e:	bc3c      	pop	{r2, r3, r4, r5}
     6a0:	4690      	mov	r8, r2
     6a2:	4699      	mov	r9, r3
     6a4:	46a2      	mov	sl, r4
     6a6:	46ab      	mov	fp, r5
     6a8:	bdf0      	pop	{r4, r5, r6, r7, pc}

000006aa <_sercom_get_sync_baud_val>:
 */
enum status_code _sercom_get_sync_baud_val(
		const uint32_t baudrate,
		const uint32_t external_clock,
		uint16_t *const baudvalue)
{
     6aa:	b510      	push	{r4, lr}
	uint16_t baud_calculated = 0;
	uint32_t clock_value = external_clock;


	/* Check if baudrate is outside of valid range */
	if (baudrate > (external_clock / 2)) {
     6ac:	0849      	lsrs	r1, r1, #1
		/* Return with error code */
		return STATUS_ERR_BAUDRATE_UNAVAILABLE;
     6ae:	2340      	movs	r3, #64	; 0x40
     6b0:	2400      	movs	r4, #0
	if (baudrate > (external_clock / 2)) {
     6b2:	4281      	cmp	r1, r0
     6b4:	d202      	bcs.n	6bc <_sercom_get_sync_baud_val+0x12>
		return STATUS_ERR_BAUDRATE_UNAVAILABLE;
	} else {
		*baudvalue = baud_calculated;
		return STATUS_OK;
	}
}
     6b6:	0018      	movs	r0, r3
     6b8:	bd10      	pop	{r4, pc}
		baud_calculated++;
     6ba:	001c      	movs	r4, r3
		clock_value = clock_value - baudrate;
     6bc:	1a09      	subs	r1, r1, r0
		baud_calculated++;
     6be:	1c63      	adds	r3, r4, #1
     6c0:	b29b      	uxth	r3, r3
	while (clock_value >= baudrate) {
     6c2:	4288      	cmp	r0, r1
     6c4:	d9f9      	bls.n	6ba <_sercom_get_sync_baud_val+0x10>
		return STATUS_ERR_BAUDRATE_UNAVAILABLE;
     6c6:	2340      	movs	r3, #64	; 0x40
	if (baud_calculated > 0xFF) {
     6c8:	2cff      	cmp	r4, #255	; 0xff
     6ca:	d8f4      	bhi.n	6b6 <_sercom_get_sync_baud_val+0xc>
		*baudvalue = baud_calculated;
     6cc:	8014      	strh	r4, [r2, #0]
		return STATUS_OK;
     6ce:	2300      	movs	r3, #0
     6d0:	e7f1      	b.n	6b6 <_sercom_get_sync_baud_val+0xc>
	...

000006d4 <_sercom_get_async_baud_val>:
		const uint32_t baudrate,
		const uint32_t peripheral_clock,
		uint16_t *const baudval,
		enum sercom_asynchronous_operation_mode mode,
		enum sercom_asynchronous_sample_num sample_num)
{
     6d4:	b5f0      	push	{r4, r5, r6, r7, lr}
     6d6:	b083      	sub	sp, #12
     6d8:	000f      	movs	r7, r1
     6da:	0016      	movs	r6, r2
     6dc:	aa08      	add	r2, sp, #32
     6de:	7811      	ldrb	r1, [r2, #0]
	uint8_t baud_fp;
	uint32_t baud_int = 0;
	uint64_t temp1;

	/* Check if the baudrate is outside of valid range */
	if ((baudrate * sample_num) > peripheral_clock) {
     6e0:	0004      	movs	r4, r0
     6e2:	434c      	muls	r4, r1
		/* Return with error code */
		return STATUS_ERR_BAUDRATE_UNAVAILABLE;
     6e4:	2240      	movs	r2, #64	; 0x40
	if ((baudrate * sample_num) > peripheral_clock) {
     6e6:	42bc      	cmp	r4, r7
     6e8:	d902      	bls.n	6f0 <_sercom_get_async_baud_val+0x1c>
		baud_calculated = baud_int | (baud_fp << 13);
	}

	*baudval = baud_calculated;
	return STATUS_OK;
}
     6ea:	0010      	movs	r0, r2
     6ec:	b003      	add	sp, #12
     6ee:	bdf0      	pop	{r4, r5, r6, r7, pc}
	if(mode == SERCOM_ASYNC_OPERATION_MODE_ARITHMETIC) {
     6f0:	2b00      	cmp	r3, #0
     6f2:	d114      	bne.n	71e <_sercom_get_async_baud_val+0x4a>
		temp1 = ((sample_num * (uint64_t)baudrate) << SHIFT);
     6f4:	0002      	movs	r2, r0
     6f6:	0008      	movs	r0, r1
     6f8:	2100      	movs	r1, #0
     6fa:	4c19      	ldr	r4, [pc, #100]	; (760 <_sercom_get_async_baud_val+0x8c>)
     6fc:	47a0      	blx	r4
     6fe:	0001      	movs	r1, r0
		ratio = long_division(temp1, peripheral_clock);
     700:	003a      	movs	r2, r7
     702:	2300      	movs	r3, #0
     704:	2000      	movs	r0, #0
     706:	4c17      	ldr	r4, [pc, #92]	; (764 <_sercom_get_async_baud_val+0x90>)
     708:	47a0      	blx	r4
		scale = ((uint64_t)1 << SHIFT) - ratio;
     70a:	2200      	movs	r2, #0
     70c:	2301      	movs	r3, #1
     70e:	1a12      	subs	r2, r2, r0
     710:	418b      	sbcs	r3, r1
		baud_calculated = (65536 * scale) >> SHIFT;
     712:	0c12      	lsrs	r2, r2, #16
     714:	041b      	lsls	r3, r3, #16
     716:	431a      	orrs	r2, r3
	*baudval = baud_calculated;
     718:	8032      	strh	r2, [r6, #0]
	return STATUS_OK;
     71a:	2200      	movs	r2, #0
     71c:	e7e5      	b.n	6ea <_sercom_get_async_baud_val+0x16>
	uint64_t baud_calculated = 0;
     71e:	2200      	movs	r2, #0
	} else if(mode == SERCOM_ASYNC_OPERATION_MODE_FRACTIONAL) {
     720:	2b01      	cmp	r3, #1
     722:	d1f9      	bne.n	718 <_sercom_get_async_baud_val+0x44>
		temp1 = ((uint64_t)baudrate * sample_num);
     724:	000a      	movs	r2, r1
     726:	2300      	movs	r3, #0
     728:	2100      	movs	r1, #0
     72a:	4c0d      	ldr	r4, [pc, #52]	; (760 <_sercom_get_async_baud_val+0x8c>)
     72c:	47a0      	blx	r4
     72e:	0002      	movs	r2, r0
     730:	000b      	movs	r3, r1
     732:	9200      	str	r2, [sp, #0]
     734:	9301      	str	r3, [sp, #4]
		baud_int = long_division( peripheral_clock, temp1);
     736:	0038      	movs	r0, r7
     738:	2100      	movs	r1, #0
     73a:	4c0a      	ldr	r4, [pc, #40]	; (764 <_sercom_get_async_baud_val+0x90>)
     73c:	47a0      	blx	r4
     73e:	0005      	movs	r5, r0
		if(baud_int > BAUD_INT_MAX) {
     740:	2380      	movs	r3, #128	; 0x80
     742:	019b      	lsls	r3, r3, #6
				return STATUS_ERR_BAUDRATE_UNAVAILABLE;
     744:	2240      	movs	r2, #64	; 0x40
		if(baud_int > BAUD_INT_MAX) {
     746:	4298      	cmp	r0, r3
     748:	d8cf      	bhi.n	6ea <_sercom_get_async_baud_val+0x16>
		temp1 = long_division( 8 * (uint64_t)peripheral_clock, temp1);
     74a:	0f79      	lsrs	r1, r7, #29
     74c:	00f8      	lsls	r0, r7, #3
     74e:	9a00      	ldr	r2, [sp, #0]
     750:	9b01      	ldr	r3, [sp, #4]
     752:	47a0      	blx	r4
		baud_fp = temp1 - 8 * baud_int;
     754:	00ea      	lsls	r2, r5, #3
     756:	1a82      	subs	r2, r0, r2
		baud_calculated = baud_int | (baud_fp << 13);
     758:	b2d2      	uxtb	r2, r2
     75a:	0352      	lsls	r2, r2, #13
     75c:	432a      	orrs	r2, r5
     75e:	e7db      	b.n	718 <_sercom_get_async_baud_val+0x44>
     760:	00003505 	.word	0x00003505
     764:	000005f1 	.word	0x000005f1

00000768 <sercom_set_gclk_generator>:
 *                                         forced.
 */
enum status_code sercom_set_gclk_generator(
		const enum gclk_generator generator_source,
		const bool force_change)
{
     768:	b510      	push	{r4, lr}
     76a:	b082      	sub	sp, #8
     76c:	0004      	movs	r4, r0
	/* Check if valid option */
	if (!_sercom_config.generator_is_set || force_change) {
     76e:	4b0e      	ldr	r3, [pc, #56]	; (7a8 <sercom_set_gclk_generator+0x40>)
     770:	781b      	ldrb	r3, [r3, #0]
     772:	2b00      	cmp	r3, #0
     774:	d007      	beq.n	786 <sercom_set_gclk_generator+0x1e>
     776:	2900      	cmp	r1, #0
     778:	d105      	bne.n	786 <sercom_set_gclk_generator+0x1e>
		/* Save config */
		_sercom_config.generator_source = generator_source;
		_sercom_config.generator_is_set = true;

		return STATUS_OK;
	} else if (generator_source == _sercom_config.generator_source) {
     77a:	4b0b      	ldr	r3, [pc, #44]	; (7a8 <sercom_set_gclk_generator+0x40>)
     77c:	785b      	ldrb	r3, [r3, #1]
     77e:	4283      	cmp	r3, r0
     780:	d010      	beq.n	7a4 <sercom_set_gclk_generator+0x3c>
		/* Return status OK if same config */
		return STATUS_OK;
	}

	/* Return invalid config to already initialized GCLK */
	return STATUS_ERR_ALREADY_INITIALIZED;
     782:	201d      	movs	r0, #29
     784:	e00c      	b.n	7a0 <sercom_set_gclk_generator+0x38>
		gclk_chan_conf.source_generator = generator_source;
     786:	a901      	add	r1, sp, #4
     788:	700c      	strb	r4, [r1, #0]
		system_gclk_chan_set_config(SERCOM_GCLK_ID, &gclk_chan_conf);
     78a:	200c      	movs	r0, #12
     78c:	4b07      	ldr	r3, [pc, #28]	; (7ac <sercom_set_gclk_generator+0x44>)
     78e:	4798      	blx	r3
		system_gclk_chan_enable(SERCOM_GCLK_ID);
     790:	200c      	movs	r0, #12
     792:	4b07      	ldr	r3, [pc, #28]	; (7b0 <sercom_set_gclk_generator+0x48>)
     794:	4798      	blx	r3
		_sercom_config.generator_source = generator_source;
     796:	4b04      	ldr	r3, [pc, #16]	; (7a8 <sercom_set_gclk_generator+0x40>)
     798:	705c      	strb	r4, [r3, #1]
		_sercom_config.generator_is_set = true;
     79a:	2201      	movs	r2, #1
     79c:	701a      	strb	r2, [r3, #0]
		return STATUS_OK;
     79e:	2000      	movs	r0, #0
}
     7a0:	b002      	add	sp, #8
     7a2:	bd10      	pop	{r4, pc}
		return STATUS_OK;
     7a4:	2000      	movs	r0, #0
     7a6:	e7fb      	b.n	7a0 <sercom_set_gclk_generator+0x38>
     7a8:	20000028 	.word	0x20000028
     7ac:	00002ad9 	.word	0x00002ad9
     7b0:	00002a4d 	.word	0x00002a4d

000007b4 <_sercom_get_default_pad>:
 */
uint32_t _sercom_get_default_pad(
		Sercom *const sercom_module,
		const uint8_t pad)
{
	switch ((uintptr_t)sercom_module) {
     7b4:	4b40      	ldr	r3, [pc, #256]	; (8b8 <_sercom_get_default_pad+0x104>)
     7b6:	4298      	cmp	r0, r3
     7b8:	d031      	beq.n	81e <_sercom_get_default_pad+0x6a>
     7ba:	d90a      	bls.n	7d2 <_sercom_get_default_pad+0x1e>
     7bc:	4b3f      	ldr	r3, [pc, #252]	; (8bc <_sercom_get_default_pad+0x108>)
     7be:	4298      	cmp	r0, r3
     7c0:	d04d      	beq.n	85e <_sercom_get_default_pad+0xaa>
     7c2:	4b3f      	ldr	r3, [pc, #252]	; (8c0 <_sercom_get_default_pad+0x10c>)
     7c4:	4298      	cmp	r0, r3
     7c6:	d05a      	beq.n	87e <_sercom_get_default_pad+0xca>
     7c8:	4b3e      	ldr	r3, [pc, #248]	; (8c4 <_sercom_get_default_pad+0x110>)
     7ca:	4298      	cmp	r0, r3
     7cc:	d037      	beq.n	83e <_sercom_get_default_pad+0x8a>
		/* Auto-generate a lookup table for the default SERCOM pad defaults */
		MREPEAT(SERCOM_INST_NUM, _SERCOM_PAD_DEFAULTS_CASE, pad)
	}

	Assert(false);
	return 0;
     7ce:	2000      	movs	r0, #0
}
     7d0:	4770      	bx	lr
	switch ((uintptr_t)sercom_module) {
     7d2:	4b3d      	ldr	r3, [pc, #244]	; (8c8 <_sercom_get_default_pad+0x114>)
     7d4:	4298      	cmp	r0, r3
     7d6:	d00c      	beq.n	7f2 <_sercom_get_default_pad+0x3e>
     7d8:	4b3c      	ldr	r3, [pc, #240]	; (8cc <_sercom_get_default_pad+0x118>)
     7da:	4298      	cmp	r0, r3
     7dc:	d1f7      	bne.n	7ce <_sercom_get_default_pad+0x1a>
		MREPEAT(SERCOM_INST_NUM, _SERCOM_PAD_DEFAULTS_CASE, pad)
     7de:	2901      	cmp	r1, #1
     7e0:	d017      	beq.n	812 <_sercom_get_default_pad+0x5e>
     7e2:	2900      	cmp	r1, #0
     7e4:	d05d      	beq.n	8a2 <_sercom_get_default_pad+0xee>
     7e6:	2902      	cmp	r1, #2
     7e8:	d015      	beq.n	816 <_sercom_get_default_pad+0x62>
     7ea:	2903      	cmp	r1, #3
     7ec:	d015      	beq.n	81a <_sercom_get_default_pad+0x66>
	return 0;
     7ee:	2000      	movs	r0, #0
     7f0:	e7ee      	b.n	7d0 <_sercom_get_default_pad+0x1c>
		MREPEAT(SERCOM_INST_NUM, _SERCOM_PAD_DEFAULTS_CASE, pad)
     7f2:	2901      	cmp	r1, #1
     7f4:	d007      	beq.n	806 <_sercom_get_default_pad+0x52>
     7f6:	2900      	cmp	r1, #0
     7f8:	d051      	beq.n	89e <_sercom_get_default_pad+0xea>
     7fa:	2902      	cmp	r1, #2
     7fc:	d005      	beq.n	80a <_sercom_get_default_pad+0x56>
     7fe:	2903      	cmp	r1, #3
     800:	d005      	beq.n	80e <_sercom_get_default_pad+0x5a>
	return 0;
     802:	2000      	movs	r0, #0
     804:	e7e4      	b.n	7d0 <_sercom_get_default_pad+0x1c>
		MREPEAT(SERCOM_INST_NUM, _SERCOM_PAD_DEFAULTS_CASE, pad)
     806:	4832      	ldr	r0, [pc, #200]	; (8d0 <_sercom_get_default_pad+0x11c>)
     808:	e7e2      	b.n	7d0 <_sercom_get_default_pad+0x1c>
     80a:	4832      	ldr	r0, [pc, #200]	; (8d4 <_sercom_get_default_pad+0x120>)
     80c:	e7e0      	b.n	7d0 <_sercom_get_default_pad+0x1c>
     80e:	4832      	ldr	r0, [pc, #200]	; (8d8 <_sercom_get_default_pad+0x124>)
     810:	e7de      	b.n	7d0 <_sercom_get_default_pad+0x1c>
     812:	4832      	ldr	r0, [pc, #200]	; (8dc <_sercom_get_default_pad+0x128>)
     814:	e7dc      	b.n	7d0 <_sercom_get_default_pad+0x1c>
     816:	4832      	ldr	r0, [pc, #200]	; (8e0 <_sercom_get_default_pad+0x12c>)
     818:	e7da      	b.n	7d0 <_sercom_get_default_pad+0x1c>
     81a:	4832      	ldr	r0, [pc, #200]	; (8e4 <_sercom_get_default_pad+0x130>)
     81c:	e7d8      	b.n	7d0 <_sercom_get_default_pad+0x1c>
     81e:	2901      	cmp	r1, #1
     820:	d007      	beq.n	832 <_sercom_get_default_pad+0x7e>
     822:	2900      	cmp	r1, #0
     824:	d03f      	beq.n	8a6 <_sercom_get_default_pad+0xf2>
     826:	2902      	cmp	r1, #2
     828:	d005      	beq.n	836 <_sercom_get_default_pad+0x82>
     82a:	2903      	cmp	r1, #3
     82c:	d005      	beq.n	83a <_sercom_get_default_pad+0x86>
	return 0;
     82e:	2000      	movs	r0, #0
     830:	e7ce      	b.n	7d0 <_sercom_get_default_pad+0x1c>
		MREPEAT(SERCOM_INST_NUM, _SERCOM_PAD_DEFAULTS_CASE, pad)
     832:	482d      	ldr	r0, [pc, #180]	; (8e8 <_sercom_get_default_pad+0x134>)
     834:	e7cc      	b.n	7d0 <_sercom_get_default_pad+0x1c>
     836:	482d      	ldr	r0, [pc, #180]	; (8ec <_sercom_get_default_pad+0x138>)
     838:	e7ca      	b.n	7d0 <_sercom_get_default_pad+0x1c>
     83a:	482d      	ldr	r0, [pc, #180]	; (8f0 <_sercom_get_default_pad+0x13c>)
     83c:	e7c8      	b.n	7d0 <_sercom_get_default_pad+0x1c>
     83e:	2901      	cmp	r1, #1
     840:	d007      	beq.n	852 <_sercom_get_default_pad+0x9e>
     842:	2900      	cmp	r1, #0
     844:	d031      	beq.n	8aa <_sercom_get_default_pad+0xf6>
     846:	2902      	cmp	r1, #2
     848:	d005      	beq.n	856 <_sercom_get_default_pad+0xa2>
     84a:	2903      	cmp	r1, #3
     84c:	d005      	beq.n	85a <_sercom_get_default_pad+0xa6>
	return 0;
     84e:	2000      	movs	r0, #0
     850:	e7be      	b.n	7d0 <_sercom_get_default_pad+0x1c>
		MREPEAT(SERCOM_INST_NUM, _SERCOM_PAD_DEFAULTS_CASE, pad)
     852:	4828      	ldr	r0, [pc, #160]	; (8f4 <_sercom_get_default_pad+0x140>)
     854:	e7bc      	b.n	7d0 <_sercom_get_default_pad+0x1c>
     856:	4828      	ldr	r0, [pc, #160]	; (8f8 <_sercom_get_default_pad+0x144>)
     858:	e7ba      	b.n	7d0 <_sercom_get_default_pad+0x1c>
     85a:	4828      	ldr	r0, [pc, #160]	; (8fc <_sercom_get_default_pad+0x148>)
     85c:	e7b8      	b.n	7d0 <_sercom_get_default_pad+0x1c>
     85e:	2901      	cmp	r1, #1
     860:	d007      	beq.n	872 <_sercom_get_default_pad+0xbe>
     862:	2900      	cmp	r1, #0
     864:	d023      	beq.n	8ae <_sercom_get_default_pad+0xfa>
     866:	2902      	cmp	r1, #2
     868:	d005      	beq.n	876 <_sercom_get_default_pad+0xc2>
     86a:	2903      	cmp	r1, #3
     86c:	d005      	beq.n	87a <_sercom_get_default_pad+0xc6>
	return 0;
     86e:	2000      	movs	r0, #0
     870:	e7ae      	b.n	7d0 <_sercom_get_default_pad+0x1c>
		MREPEAT(SERCOM_INST_NUM, _SERCOM_PAD_DEFAULTS_CASE, pad)
     872:	4823      	ldr	r0, [pc, #140]	; (900 <_sercom_get_default_pad+0x14c>)
     874:	e7ac      	b.n	7d0 <_sercom_get_default_pad+0x1c>
     876:	4823      	ldr	r0, [pc, #140]	; (904 <_sercom_get_default_pad+0x150>)
     878:	e7aa      	b.n	7d0 <_sercom_get_default_pad+0x1c>
     87a:	4823      	ldr	r0, [pc, #140]	; (908 <_sercom_get_default_pad+0x154>)
     87c:	e7a8      	b.n	7d0 <_sercom_get_default_pad+0x1c>
     87e:	2901      	cmp	r1, #1
     880:	d007      	beq.n	892 <_sercom_get_default_pad+0xde>
     882:	2900      	cmp	r1, #0
     884:	d015      	beq.n	8b2 <_sercom_get_default_pad+0xfe>
     886:	2902      	cmp	r1, #2
     888:	d005      	beq.n	896 <_sercom_get_default_pad+0xe2>
     88a:	2903      	cmp	r1, #3
     88c:	d005      	beq.n	89a <_sercom_get_default_pad+0xe6>
	return 0;
     88e:	2000      	movs	r0, #0
     890:	e79e      	b.n	7d0 <_sercom_get_default_pad+0x1c>
		MREPEAT(SERCOM_INST_NUM, _SERCOM_PAD_DEFAULTS_CASE, pad)
     892:	481e      	ldr	r0, [pc, #120]	; (90c <_sercom_get_default_pad+0x158>)
     894:	e79c      	b.n	7d0 <_sercom_get_default_pad+0x1c>
     896:	481e      	ldr	r0, [pc, #120]	; (910 <_sercom_get_default_pad+0x15c>)
     898:	e79a      	b.n	7d0 <_sercom_get_default_pad+0x1c>
     89a:	481e      	ldr	r0, [pc, #120]	; (914 <_sercom_get_default_pad+0x160>)
     89c:	e798      	b.n	7d0 <_sercom_get_default_pad+0x1c>
     89e:	481e      	ldr	r0, [pc, #120]	; (918 <_sercom_get_default_pad+0x164>)
     8a0:	e796      	b.n	7d0 <_sercom_get_default_pad+0x1c>
     8a2:	2003      	movs	r0, #3
     8a4:	e794      	b.n	7d0 <_sercom_get_default_pad+0x1c>
     8a6:	481d      	ldr	r0, [pc, #116]	; (91c <_sercom_get_default_pad+0x168>)
     8a8:	e792      	b.n	7d0 <_sercom_get_default_pad+0x1c>
     8aa:	481d      	ldr	r0, [pc, #116]	; (920 <_sercom_get_default_pad+0x16c>)
     8ac:	e790      	b.n	7d0 <_sercom_get_default_pad+0x1c>
     8ae:	481d      	ldr	r0, [pc, #116]	; (924 <_sercom_get_default_pad+0x170>)
     8b0:	e78e      	b.n	7d0 <_sercom_get_default_pad+0x1c>
     8b2:	481d      	ldr	r0, [pc, #116]	; (928 <_sercom_get_default_pad+0x174>)
     8b4:	e78c      	b.n	7d0 <_sercom_get_default_pad+0x1c>
     8b6:	46c0      	nop			; (mov r8, r8)
     8b8:	42001000 	.word	0x42001000
     8bc:	42001800 	.word	0x42001800
     8c0:	42001c00 	.word	0x42001c00
     8c4:	42001400 	.word	0x42001400
     8c8:	42000800 	.word	0x42000800
     8cc:	42000c00 	.word	0x42000c00
     8d0:	00050003 	.word	0x00050003
     8d4:	00060003 	.word	0x00060003
     8d8:	00070003 	.word	0x00070003
     8dc:	00010003 	.word	0x00010003
     8e0:	001e0003 	.word	0x001e0003
     8e4:	001f0003 	.word	0x001f0003
     8e8:	00090003 	.word	0x00090003
     8ec:	000a0003 	.word	0x000a0003
     8f0:	000b0003 	.word	0x000b0003
     8f4:	00110003 	.word	0x00110003
     8f8:	00120003 	.word	0x00120003
     8fc:	00130003 	.word	0x00130003
     900:	000d0003 	.word	0x000d0003
     904:	000e0003 	.word	0x000e0003
     908:	000f0003 	.word	0x000f0003
     90c:	00170003 	.word	0x00170003
     910:	00180003 	.word	0x00180003
     914:	00190003 	.word	0x00190003
     918:	00040003 	.word	0x00040003
     91c:	00080003 	.word	0x00080003
     920:	00100003 	.word	0x00100003
     924:	000c0003 	.word	0x000c0003
     928:	00160003 	.word	0x00160003

0000092c <_sercom_get_sercom_inst_index>:
 *
 * \return Index of given instance.
 */
uint8_t _sercom_get_sercom_inst_index(
		Sercom *const sercom_instance)
{
     92c:	b530      	push	{r4, r5, lr}
     92e:	b087      	sub	sp, #28
	/* Save all available SERCOM instances for compare */
	Sercom *sercom_instances[SERCOM_INST_NUM] = SERCOM_INSTS;
     930:	4b0b      	ldr	r3, [pc, #44]	; (960 <_sercom_get_sercom_inst_index+0x34>)
     932:	466a      	mov	r2, sp
     934:	cb32      	ldmia	r3!, {r1, r4, r5}
     936:	c232      	stmia	r2!, {r1, r4, r5}
     938:	cb32      	ldmia	r3!, {r1, r4, r5}
     93a:	c232      	stmia	r2!, {r1, r4, r5}

	/* Find index for sercom instance */
	for (uint32_t i = 0; i < SERCOM_INST_NUM; i++) {
		if ((uintptr_t)sercom_instance == (uintptr_t)sercom_instances[i]) {
     93c:	9b00      	ldr	r3, [sp, #0]
     93e:	4283      	cmp	r3, r0
     940:	d00b      	beq.n	95a <_sercom_get_sercom_inst_index+0x2e>
     942:	2301      	movs	r3, #1
     944:	009a      	lsls	r2, r3, #2
     946:	4669      	mov	r1, sp
     948:	5852      	ldr	r2, [r2, r1]
     94a:	4282      	cmp	r2, r0
     94c:	d006      	beq.n	95c <_sercom_get_sercom_inst_index+0x30>
	for (uint32_t i = 0; i < SERCOM_INST_NUM; i++) {
     94e:	3301      	adds	r3, #1
     950:	2b06      	cmp	r3, #6
     952:	d1f7      	bne.n	944 <_sercom_get_sercom_inst_index+0x18>
		}
	}

	/* Invalid data given */
	Assert(false);
	return 0;
     954:	2000      	movs	r0, #0
}
     956:	b007      	add	sp, #28
     958:	bd30      	pop	{r4, r5, pc}
	for (uint32_t i = 0; i < SERCOM_INST_NUM; i++) {
     95a:	2300      	movs	r3, #0
			return i;
     95c:	b2d8      	uxtb	r0, r3
     95e:	e7fa      	b.n	956 <_sercom_get_sercom_inst_index+0x2a>
     960:	000036e8 	.word	0x000036e8

00000964 <_sercom_default_handler>:
 */
static void _sercom_default_handler(
		const uint8_t instance)
{
	Assert(false);
}
     964:	4770      	bx	lr
	...

00000968 <_sercom_set_handler>:
 * \param[in]  interrupt_handler  Pointer to instance callback handler.
 */
void _sercom_set_handler(
		const uint8_t instance,
		const sercom_handler_t interrupt_handler)
{
     968:	b5f0      	push	{r4, r5, r6, r7, lr}
	/* Initialize handlers with default handler and device instances with 0 */
	if (_handler_table_initialized == false) {
     96a:	4b0a      	ldr	r3, [pc, #40]	; (994 <_sercom_set_handler+0x2c>)
     96c:	781b      	ldrb	r3, [r3, #0]
     96e:	2b00      	cmp	r3, #0
     970:	d10c      	bne.n	98c <_sercom_set_handler+0x24>
		for (uint32_t i = 0; i < SERCOM_INST_NUM; i++) {
			_sercom_interrupt_handlers[i] = &_sercom_default_handler;
     972:	4f09      	ldr	r7, [pc, #36]	; (998 <_sercom_set_handler+0x30>)
     974:	4e09      	ldr	r6, [pc, #36]	; (99c <_sercom_set_handler+0x34>)
			_sercom_instances[i] = NULL;
     976:	4d0a      	ldr	r5, [pc, #40]	; (9a0 <_sercom_set_handler+0x38>)
     978:	2400      	movs	r4, #0
			_sercom_interrupt_handlers[i] = &_sercom_default_handler;
     97a:	51de      	str	r6, [r3, r7]
			_sercom_instances[i] = NULL;
     97c:	195a      	adds	r2, r3, r5
     97e:	6014      	str	r4, [r2, #0]
     980:	3304      	adds	r3, #4
		for (uint32_t i = 0; i < SERCOM_INST_NUM; i++) {
     982:	2b18      	cmp	r3, #24
     984:	d1f9      	bne.n	97a <_sercom_set_handler+0x12>
		}

		_handler_table_initialized = true;
     986:	2201      	movs	r2, #1
     988:	4b02      	ldr	r3, [pc, #8]	; (994 <_sercom_set_handler+0x2c>)
     98a:	701a      	strb	r2, [r3, #0]
	}

	/* Save interrupt handler */
	_sercom_interrupt_handlers[instance] = interrupt_handler;
     98c:	0080      	lsls	r0, r0, #2
     98e:	4b02      	ldr	r3, [pc, #8]	; (998 <_sercom_set_handler+0x30>)
     990:	50c1      	str	r1, [r0, r3]
}
     992:	bdf0      	pop	{r4, r5, r6, r7, pc}
     994:	2000002a 	.word	0x2000002a
     998:	2000002c 	.word	0x2000002c
     99c:	00000965 	.word	0x00000965
     9a0:	200000a0 	.word	0x200000a0

000009a4 <_sercom_get_interrupt_vector>:
 * \retval SYSTEM_INTERRUPT_MODULE_SERCOM6
 * \retval SYSTEM_INTERRUPT_MODULE_SERCOM7
 */
enum system_interrupt_vector _sercom_get_interrupt_vector(
		Sercom *const sercom_instance)
{
     9a4:	b500      	push	{lr}
     9a6:	b083      	sub	sp, #12
	const uint8_t sercom_int_vectors[SERCOM_INST_NUM] =
     9a8:	2307      	movs	r3, #7
     9aa:	466a      	mov	r2, sp
     9ac:	7013      	strb	r3, [r2, #0]
     9ae:	3301      	adds	r3, #1
     9b0:	7053      	strb	r3, [r2, #1]
     9b2:	3301      	adds	r3, #1
     9b4:	7093      	strb	r3, [r2, #2]
     9b6:	3301      	adds	r3, #1
     9b8:	70d3      	strb	r3, [r2, #3]
     9ba:	3301      	adds	r3, #1
     9bc:	7113      	strb	r3, [r2, #4]
     9be:	3301      	adds	r3, #1
     9c0:	7153      	strb	r3, [r2, #5]
		{
			MREPEAT(SERCOM_INST_NUM, _SERCOM_INTERRUPT_VECT_NUM, ~)
		};

	/* Retrieve the index of the SERCOM being requested */
	uint8_t instance_index = _sercom_get_sercom_inst_index(sercom_instance);
     9c2:	4b03      	ldr	r3, [pc, #12]	; (9d0 <_sercom_get_interrupt_vector+0x2c>)
     9c4:	4798      	blx	r3

	/* Get the vector number from the lookup table for the requested SERCOM */
	return (enum system_interrupt_vector)sercom_int_vectors[instance_index];
     9c6:	466b      	mov	r3, sp
     9c8:	5618      	ldrsb	r0, [r3, r0]
}
     9ca:	b003      	add	sp, #12
     9cc:	bd00      	pop	{pc}
     9ce:	46c0      	nop			; (mov r8, r8)
     9d0:	0000092d 	.word	0x0000092d

000009d4 <SERCOM0_Handler>:

/** Auto-generate a set of interrupt handlers for each SERCOM in the device */
MREPEAT(SERCOM_INST_NUM, _SERCOM_INTERRUPT_HANDLER, ~)
     9d4:	b510      	push	{r4, lr}
     9d6:	4b02      	ldr	r3, [pc, #8]	; (9e0 <SERCOM0_Handler+0xc>)
     9d8:	681b      	ldr	r3, [r3, #0]
     9da:	2000      	movs	r0, #0
     9dc:	4798      	blx	r3
     9de:	bd10      	pop	{r4, pc}
     9e0:	2000002c 	.word	0x2000002c

000009e4 <SERCOM1_Handler>:
     9e4:	b510      	push	{r4, lr}
     9e6:	4b02      	ldr	r3, [pc, #8]	; (9f0 <SERCOM1_Handler+0xc>)
     9e8:	685b      	ldr	r3, [r3, #4]
     9ea:	2001      	movs	r0, #1
     9ec:	4798      	blx	r3
     9ee:	bd10      	pop	{r4, pc}
     9f0:	2000002c 	.word	0x2000002c

000009f4 <SERCOM2_Handler>:
     9f4:	b510      	push	{r4, lr}
     9f6:	4b02      	ldr	r3, [pc, #8]	; (a00 <SERCOM2_Handler+0xc>)
     9f8:	689b      	ldr	r3, [r3, #8]
     9fa:	2002      	movs	r0, #2
     9fc:	4798      	blx	r3
     9fe:	bd10      	pop	{r4, pc}
     a00:	2000002c 	.word	0x2000002c

00000a04 <SERCOM3_Handler>:
     a04:	b510      	push	{r4, lr}
     a06:	4b02      	ldr	r3, [pc, #8]	; (a10 <SERCOM3_Handler+0xc>)
     a08:	68db      	ldr	r3, [r3, #12]
     a0a:	2003      	movs	r0, #3
     a0c:	4798      	blx	r3
     a0e:	bd10      	pop	{r4, pc}
     a10:	2000002c 	.word	0x2000002c

00000a14 <SERCOM4_Handler>:
     a14:	b510      	push	{r4, lr}
     a16:	4b02      	ldr	r3, [pc, #8]	; (a20 <SERCOM4_Handler+0xc>)
     a18:	691b      	ldr	r3, [r3, #16]
     a1a:	2004      	movs	r0, #4
     a1c:	4798      	blx	r3
     a1e:	bd10      	pop	{r4, pc}
     a20:	2000002c 	.word	0x2000002c

00000a24 <SERCOM5_Handler>:
     a24:	b510      	push	{r4, lr}
     a26:	4b02      	ldr	r3, [pc, #8]	; (a30 <SERCOM5_Handler+0xc>)
     a28:	695b      	ldr	r3, [r3, #20]
     a2a:	2005      	movs	r0, #5
     a2c:	4798      	blx	r3
     a2e:	bd10      	pop	{r4, pc}
     a30:	2000002c 	.word	0x2000002c

00000a34 <spi_init>:
 */
enum status_code spi_init(
		struct spi_module *const module,
		Sercom *const hw,
		const struct spi_config *const config)
{
     a34:	b5f0      	push	{r4, r5, r6, r7, lr}
     a36:	46d6      	mov	lr, sl
     a38:	464f      	mov	r7, r9
     a3a:	b580      	push	{r7, lr}
     a3c:	b08b      	sub	sp, #44	; 0x2c
     a3e:	4681      	mov	r9, r0
     a40:	000f      	movs	r7, r1
     a42:	0014      	movs	r4, r2
	Assert(module);
	Assert(hw);
	Assert(config);

	/* Initialize device instance */
	module->hw = hw;
     a44:	0003      	movs	r3, r0
     a46:	6019      	str	r1, [r3, #0]

	SercomSpi *const spi_module = &(module->hw->SPI);

	/* Check if module is enabled. */
	if (spi_module->CTRLA.reg & SERCOM_SPI_CTRLA_ENABLE) {
     a48:	680b      	ldr	r3, [r1, #0]
     a4a:	079b      	lsls	r3, r3, #30
     a4c:	d409      	bmi.n	a62 <spi_init+0x2e>
		return STATUS_ERR_DENIED;
#  endif
	}

	/* Check if reset is in progress. */
	if (spi_module->CTRLA.reg & SERCOM_SPI_CTRLA_SWRST){
     a4e:	680b      	ldr	r3, [r1, #0]
		return STATUS_BUSY;
     a50:	2005      	movs	r0, #5
	if (spi_module->CTRLA.reg & SERCOM_SPI_CTRLA_SWRST){
     a52:	07db      	lsls	r3, r3, #31
     a54:	d400      	bmi.n	a58 <spi_init+0x24>
     a56:	e0a4      	b.n	ba2 <spi_init+0x16e>
	_sercom_instances[instance_index] = module;
#endif

	/* Write configuration to module and return status code */
	return _spi_set_config(module, config);
}
     a58:	b00b      	add	sp, #44	; 0x2c
     a5a:	bc0c      	pop	{r2, r3}
     a5c:	4691      	mov	r9, r2
     a5e:	469a      	mov	sl, r3
     a60:	bdf0      	pop	{r4, r5, r6, r7, pc}
	uint32_t pad_pinmuxes[] = {
     a62:	6a53      	ldr	r3, [r2, #36]	; 0x24
     a64:	9305      	str	r3, [sp, #20]
     a66:	6a93      	ldr	r3, [r2, #40]	; 0x28
     a68:	9306      	str	r3, [sp, #24]
     a6a:	6ad3      	ldr	r3, [r2, #44]	; 0x2c
     a6c:	9307      	str	r3, [sp, #28]
     a6e:	6b13      	ldr	r3, [r2, #48]	; 0x30
     a70:	9308      	str	r3, [sp, #32]
     a72:	2600      	movs	r6, #0
		uint32_t current_pinmux = pad_pinmuxes[pad];
     a74:	ab05      	add	r3, sp, #20
     a76:	9301      	str	r3, [sp, #4]
     a78:	e00a      	b.n	a90 <spi_init+0x5c>
			current_pinmux = _sercom_get_default_pad(hw, pad);
     a7a:	0038      	movs	r0, r7
     a7c:	4ba1      	ldr	r3, [pc, #644]	; (d04 <spi_init+0x2d0>)
     a7e:	4798      	blx	r3
     a80:	e00c      	b.n	a9c <spi_init+0x68>

	if (pin_index & 1) {
		return (pmux_reg & PORT_PMUX_PMUXO_Msk) >> PORT_PMUX_PMUXO_Pos;
	}
	else {
		return (pmux_reg & PORT_PMUX_PMUXE_Msk) >> PORT_PMUX_PMUXE_Pos;
     a82:	230f      	movs	r3, #15
     a84:	4018      	ands	r0, r3
		if ((current_pinmux & 0xFFFF) !=
     a86:	4281      	cmp	r1, r0
     a88:	d12d      	bne.n	ae6 <spi_init+0xb2>
     a8a:	3601      	adds	r6, #1
	for (uint8_t pad = 0; pad < 4; pad++) {
     a8c:	2e04      	cmp	r6, #4
     a8e:	d02f      	beq.n	af0 <spi_init+0xbc>
     a90:	b2f1      	uxtb	r1, r6
		uint32_t current_pinmux = pad_pinmuxes[pad];
     a92:	00b3      	lsls	r3, r6, #2
     a94:	9a01      	ldr	r2, [sp, #4]
     a96:	5898      	ldr	r0, [r3, r2]
		if (current_pinmux == PINMUX_DEFAULT) {
     a98:	2800      	cmp	r0, #0
     a9a:	d0ee      	beq.n	a7a <spi_init+0x46>
		if (current_pinmux == PINMUX_UNUSED) {
     a9c:	1c43      	adds	r3, r0, #1
     a9e:	d0f4      	beq.n	a8a <spi_init+0x56>
		if ((current_pinmux & 0xFFFF) !=
     aa0:	0401      	lsls	r1, r0, #16
     aa2:	0c09      	lsrs	r1, r1, #16
				system_pinmux_pin_get_mux_position(current_pinmux >> 16)) {
     aa4:	0c00      	lsrs	r0, r0, #16
	if (port_index < PORT_INST_NUM) {
     aa6:	b2c3      	uxtb	r3, r0
     aa8:	469c      	mov	ip, r3
		return NULL;
     aaa:	2300      	movs	r3, #0
	if (port_index < PORT_INST_NUM) {
     aac:	0602      	lsls	r2, r0, #24
     aae:	d405      	bmi.n	abc <spi_init+0x88>
		return &(ports[port_index]->Group[group_index]);
     ab0:	4663      	mov	r3, ip
     ab2:	095b      	lsrs	r3, r3, #5
     ab4:	01db      	lsls	r3, r3, #7
     ab6:	4a94      	ldr	r2, [pc, #592]	; (d08 <spi_init+0x2d4>)
     ab8:	4692      	mov	sl, r2
     aba:	4453      	add	r3, sl
	uint32_t pin_index = (gpio_pin % 32);
     abc:	221f      	movs	r2, #31
     abe:	4660      	mov	r0, ip
     ac0:	4002      	ands	r2, r0
	if (!(port->PINCFG[pin_index].reg & PORT_PINCFG_PMUXEN)) {
     ac2:	1898      	adds	r0, r3, r2
     ac4:	3040      	adds	r0, #64	; 0x40
     ac6:	7800      	ldrb	r0, [r0, #0]
     ac8:	4682      	mov	sl, r0
		return SYSTEM_PINMUX_GPIO;
     aca:	2080      	movs	r0, #128	; 0x80
	if (!(port->PINCFG[pin_index].reg & PORT_PINCFG_PMUXEN)) {
     acc:	4655      	mov	r5, sl
     ace:	07ed      	lsls	r5, r5, #31
     ad0:	d5d9      	bpl.n	a86 <spi_init+0x52>
	uint32_t pmux_reg = port->PMUX[pin_index / 2].reg;
     ad2:	0852      	lsrs	r2, r2, #1
     ad4:	189b      	adds	r3, r3, r2
     ad6:	3330      	adds	r3, #48	; 0x30
     ad8:	7818      	ldrb	r0, [r3, #0]
     ada:	b2c0      	uxtb	r0, r0
	if (pin_index & 1) {
     adc:	4663      	mov	r3, ip
     ade:	07db      	lsls	r3, r3, #31
     ae0:	d5cf      	bpl.n	a82 <spi_init+0x4e>
		return (pmux_reg & PORT_PMUX_PMUXO_Msk) >> PORT_PMUX_PMUXO_Pos;
     ae2:	0900      	lsrs	r0, r0, #4
     ae4:	e7cf      	b.n	a86 <spi_init+0x52>
			module->hw = NULL;
     ae6:	2300      	movs	r3, #0
     ae8:	464a      	mov	r2, r9
     aea:	6013      	str	r3, [r2, #0]
			return STATUS_ERR_DENIED;
     aec:	201c      	movs	r0, #28
     aee:	e7b3      	b.n	a58 <spi_init+0x24>
	uint32_t external_clock = system_gclk_chan_get_hz(SERCOM_GCLK_ID);
     af0:	200c      	movs	r0, #12
     af2:	4b86      	ldr	r3, [pc, #536]	; (d0c <spi_init+0x2d8>)
     af4:	4798      	blx	r3
	if (config->mode == SPI_MODE_MASTER) {
     af6:	7822      	ldrb	r2, [r4, #0]
	uint32_t ctrla = 0;
     af8:	2500      	movs	r5, #0
	if (config->mode == SPI_MODE_MASTER) {
     afa:	2a01      	cmp	r2, #1
     afc:	d015      	beq.n	b2a <spi_init+0xf6>
	if (config->mode == SPI_MODE_SLAVE) {
     afe:	7821      	ldrb	r1, [r4, #0]
     b00:	2900      	cmp	r1, #0
     b02:	d126      	bne.n	b52 <spi_init+0x11e>
		if (spi_module->CTRLA.reg != addr) {
     b04:	683b      	ldr	r3, [r7, #0]
				(config->mode_specific.slave.address_mask << SERCOM_SPI_ADDR_ADDRMASK_Pos);
     b06:	7ee2      	ldrb	r2, [r4, #27]
     b08:	0412      	lsls	r2, r2, #16
		addr |= (config->mode_specific.slave.address      << SERCOM_SPI_ADDR_ADDR_Pos) |
     b0a:	7ea0      	ldrb	r0, [r4, #26]
     b0c:	4302      	orrs	r2, r0
			return STATUS_ERR_DENIED;
     b0e:	201c      	movs	r0, #28
		if (spi_module->CTRLA.reg != addr) {
     b10:	429a      	cmp	r2, r3
     b12:	d1a1      	bne.n	a58 <spi_init+0x24>
		ctrla |= config->mode_specific.slave.frame_format;
     b14:	6963      	ldr	r3, [r4, #20]
		ctrlb |= config->mode_specific.slave.address_mode;
     b16:	8b22      	ldrh	r2, [r4, #24]
		if (config->mode_specific.slave.preload_enable) {
     b18:	7f20      	ldrb	r0, [r4, #28]
     b1a:	2800      	cmp	r0, #0
     b1c:	d001      	beq.n	b22 <spi_init+0xee>
     b1e:	2040      	movs	r0, #64	; 0x40
     b20:	4302      	orrs	r2, r0
		ctrla |= SERCOM_SPI_CTRLA_MODE(0x2);
     b22:	2008      	movs	r0, #8
     b24:	4303      	orrs	r3, r0
     b26:	431d      	orrs	r5, r3
     b28:	e014      	b.n	b54 <spi_init+0x120>
		enum status_code error_code = _sercom_get_sync_baud_val(
     b2a:	aa04      	add	r2, sp, #16
     b2c:	0001      	movs	r1, r0
     b2e:	6960      	ldr	r0, [r4, #20]
     b30:	4b77      	ldr	r3, [pc, #476]	; (d10 <spi_init+0x2dc>)
     b32:	4798      	blx	r3
     b34:	0003      	movs	r3, r0
			return STATUS_ERR_INVALID_ARG;
     b36:	2017      	movs	r0, #23
		if (error_code != STATUS_OK) {
     b38:	2b00      	cmp	r3, #0
     b3a:	d000      	beq.n	b3e <spi_init+0x10a>
     b3c:	e78c      	b.n	a58 <spi_init+0x24>
		if (spi_module->BAUD.reg !=  (uint8_t)baud) {
     b3e:	7abb      	ldrb	r3, [r7, #10]
     b40:	b2db      	uxtb	r3, r3
     b42:	aa04      	add	r2, sp, #16
     b44:	7812      	ldrb	r2, [r2, #0]
			return STATUS_ERR_DENIED;
     b46:	3005      	adds	r0, #5
		if (spi_module->BAUD.reg !=  (uint8_t)baud) {
     b48:	429a      	cmp	r2, r3
     b4a:	d000      	beq.n	b4e <spi_init+0x11a>
     b4c:	e784      	b.n	a58 <spi_init+0x24>
		ctrla |= SERCOM_SPI_CTRLA_MODE(0x3);
     b4e:	350c      	adds	r5, #12
     b50:	e7d5      	b.n	afe <spi_init+0xca>
	uint32_t ctrlb = 0;
     b52:	2200      	movs	r2, #0
	ctrla |= config->mux_setting;
     b54:	6863      	ldr	r3, [r4, #4]
     b56:	68a0      	ldr	r0, [r4, #8]
     b58:	4303      	orrs	r3, r0
     b5a:	68e0      	ldr	r0, [r4, #12]
     b5c:	4303      	orrs	r3, r0
     b5e:	432b      	orrs	r3, r5
	ctrlb |= config->character_size;
     b60:	7c20      	ldrb	r0, [r4, #16]
     b62:	4302      	orrs	r2, r0
	if (config->run_in_standby) {
     b64:	7c60      	ldrb	r0, [r4, #17]
     b66:	2800      	cmp	r0, #0
     b68:	d001      	beq.n	b6e <spi_init+0x13a>
		ctrla |= SERCOM_SPI_CTRLA_RUNSTDBY;
     b6a:	2080      	movs	r0, #128	; 0x80
     b6c:	4303      	orrs	r3, r0
	if (config->receiver_enable) {
     b6e:	7ca0      	ldrb	r0, [r4, #18]
     b70:	2800      	cmp	r0, #0
     b72:	d002      	beq.n	b7a <spi_init+0x146>
		ctrlb |= SERCOM_SPI_CTRLB_RXEN;
     b74:	2080      	movs	r0, #128	; 0x80
     b76:	0280      	lsls	r0, r0, #10
     b78:	4302      	orrs	r2, r0
	if (spi_module->CTRLA.reg == ctrla &&
     b7a:	6838      	ldr	r0, [r7, #0]
	ctrla |= SERCOM_SPI_CTRLA_ENABLE;
     b7c:	2502      	movs	r5, #2
     b7e:	432b      	orrs	r3, r5
	if (spi_module->CTRLA.reg == ctrla &&
     b80:	4283      	cmp	r3, r0
     b82:	d004      	beq.n	b8e <spi_init+0x15a>
	module->hw = NULL;
     b84:	2300      	movs	r3, #0
     b86:	464a      	mov	r2, r9
     b88:	6013      	str	r3, [r2, #0]
	return STATUS_ERR_DENIED;
     b8a:	201c      	movs	r0, #28
     b8c:	e764      	b.n	a58 <spi_init+0x24>
			spi_module->CTRLB.reg == ctrlb) {
     b8e:	687b      	ldr	r3, [r7, #4]
	if (spi_module->CTRLA.reg == ctrla &&
     b90:	4293      	cmp	r3, r2
     b92:	d1f7      	bne.n	b84 <spi_init+0x150>
		module->mode           = config->mode;
     b94:	464b      	mov	r3, r9
     b96:	7159      	strb	r1, [r3, #5]
		module->character_size = config->character_size;
     b98:	7c23      	ldrb	r3, [r4, #16]
     b9a:	464a      	mov	r2, r9
     b9c:	7193      	strb	r3, [r2, #6]
		return STATUS_OK;
     b9e:	2000      	movs	r0, #0
     ba0:	e75a      	b.n	a58 <spi_init+0x24>
	uint32_t sercom_index = _sercom_get_sercom_inst_index(module->hw);
     ba2:	0008      	movs	r0, r1
     ba4:	4b5b      	ldr	r3, [pc, #364]	; (d14 <spi_init+0x2e0>)
     ba6:	4798      	blx	r3
     ba8:	4a5b      	ldr	r2, [pc, #364]	; (d18 <spi_init+0x2e4>)
     baa:	6a11      	ldr	r1, [r2, #32]
	pm_index     = sercom_index + PM_APBCMASK_SERCOM0_Pos;
     bac:	1c85      	adds	r5, r0, #2
	system_apb_clock_set_mask(SYSTEM_CLOCK_APB_APBC, 1 << pm_index);
     bae:	2301      	movs	r3, #1
     bb0:	40ab      	lsls	r3, r5
     bb2:	430b      	orrs	r3, r1
     bb4:	6213      	str	r3, [r2, #32]
	gclk_chan_conf.source_generator = config->generator_source;
     bb6:	a909      	add	r1, sp, #36	; 0x24
     bb8:	2620      	movs	r6, #32
     bba:	5da3      	ldrb	r3, [r4, r6]
     bbc:	700b      	strb	r3, [r1, #0]
	gclk_index   = sercom_index + SERCOM0_GCLK_ID_CORE;
     bbe:	300d      	adds	r0, #13
	system_gclk_chan_set_config(gclk_index, &gclk_chan_conf);
     bc0:	b2c5      	uxtb	r5, r0
     bc2:	0028      	movs	r0, r5
     bc4:	4b55      	ldr	r3, [pc, #340]	; (d1c <spi_init+0x2e8>)
     bc6:	4798      	blx	r3
	system_gclk_chan_enable(gclk_index);
     bc8:	0028      	movs	r0, r5
     bca:	4b55      	ldr	r3, [pc, #340]	; (d20 <spi_init+0x2ec>)
     bcc:	4798      	blx	r3
	sercom_set_gclk_generator(config->generator_source, false);
     bce:	5da0      	ldrb	r0, [r4, r6]
     bd0:	2100      	movs	r1, #0
     bd2:	4b54      	ldr	r3, [pc, #336]	; (d24 <spi_init+0x2f0>)
     bd4:	4798      	blx	r3
	if (config->mode == SPI_MODE_MASTER) {
     bd6:	7823      	ldrb	r3, [r4, #0]
     bd8:	2b01      	cmp	r3, #1
     bda:	d020      	beq.n	c1e <spi_init+0x1ea>
	if (config->mode == SPI_MODE_SLAVE) {
     bdc:	7823      	ldrb	r3, [r4, #0]
     bde:	2b00      	cmp	r3, #0
     be0:	d103      	bne.n	bea <spi_init+0x1b6>
		spi_module->CTRLA.reg |= SERCOM_SPI_CTRLA_MODE(0x2);
     be2:	683b      	ldr	r3, [r7, #0]
     be4:	2208      	movs	r2, #8
     be6:	4313      	orrs	r3, r2
     be8:	603b      	str	r3, [r7, #0]
	SercomSpi *const spi_module = &(module->hw->SPI);
     bea:	464b      	mov	r3, r9
     bec:	681e      	ldr	r6, [r3, #0]
	config->mux_position = SYSTEM_PINMUX_GPIO;
     bee:	ab04      	add	r3, sp, #16
     bf0:	2280      	movs	r2, #128	; 0x80
     bf2:	701a      	strb	r2, [r3, #0]
	config->direction    = SYSTEM_PINMUX_PIN_DIR_INPUT;
     bf4:	2200      	movs	r2, #0
     bf6:	705a      	strb	r2, [r3, #1]
	config->input_pull   = SYSTEM_PINMUX_PIN_PULL_UP;
     bf8:	2101      	movs	r1, #1
     bfa:	7099      	strb	r1, [r3, #2]
	config->powersave    = false;
     bfc:	70da      	strb	r2, [r3, #3]
	if(config->mode == SPI_MODE_SLAVE) {
     bfe:	7823      	ldrb	r3, [r4, #0]
     c00:	2b00      	cmp	r3, #0
     c02:	d101      	bne.n	c08 <spi_init+0x1d4>
		pin_conf.input_pull = SYSTEM_PINMUX_PIN_PULL_NONE;
     c04:	ab04      	add	r3, sp, #16
     c06:	709a      	strb	r2, [r3, #2]
	uint32_t pad_pinmuxes[] = {
     c08:	6a63      	ldr	r3, [r4, #36]	; 0x24
     c0a:	9305      	str	r3, [sp, #20]
     c0c:	6aa3      	ldr	r3, [r4, #40]	; 0x28
     c0e:	9306      	str	r3, [sp, #24]
     c10:	6ae3      	ldr	r3, [r4, #44]	; 0x2c
     c12:	9307      	str	r3, [sp, #28]
     c14:	6b23      	ldr	r3, [r4, #48]	; 0x30
     c16:	9308      	str	r3, [sp, #32]
     c18:	2700      	movs	r7, #0
		uint32_t current_pinmux = pad_pinmuxes[pad];
     c1a:	ad05      	add	r5, sp, #20
     c1c:	e011      	b.n	c42 <spi_init+0x20e>
		spi_module->CTRLA.reg |= SERCOM_SPI_CTRLA_MODE(0x3);
     c1e:	683b      	ldr	r3, [r7, #0]
     c20:	220c      	movs	r2, #12
     c22:	4313      	orrs	r3, r2
     c24:	603b      	str	r3, [r7, #0]
     c26:	e7d9      	b.n	bdc <spi_init+0x1a8>
			current_pinmux = _sercom_get_default_pad(hw, pad);
     c28:	0030      	movs	r0, r6
     c2a:	4b36      	ldr	r3, [pc, #216]	; (d04 <spi_init+0x2d0>)
     c2c:	4798      	blx	r3
     c2e:	e00d      	b.n	c4c <spi_init+0x218>
			pin_conf.mux_position = current_pinmux & 0xFFFF;
     c30:	a904      	add	r1, sp, #16
     c32:	7008      	strb	r0, [r1, #0]
			system_pinmux_pin_set_config(current_pinmux >> 16, &pin_conf);
     c34:	0c00      	lsrs	r0, r0, #16
     c36:	b2c0      	uxtb	r0, r0
     c38:	4b3b      	ldr	r3, [pc, #236]	; (d28 <spi_init+0x2f4>)
     c3a:	4798      	blx	r3
     c3c:	3701      	adds	r7, #1
	for (uint8_t pad = 0; pad < 4; pad++) {
     c3e:	2f04      	cmp	r7, #4
     c40:	d007      	beq.n	c52 <spi_init+0x21e>
     c42:	b2f9      	uxtb	r1, r7
		uint32_t current_pinmux = pad_pinmuxes[pad];
     c44:	00bb      	lsls	r3, r7, #2
     c46:	5958      	ldr	r0, [r3, r5]
		if (current_pinmux == PINMUX_DEFAULT) {
     c48:	2800      	cmp	r0, #0
     c4a:	d0ed      	beq.n	c28 <spi_init+0x1f4>
		if (current_pinmux != PINMUX_UNUSED) {
     c4c:	1c43      	adds	r3, r0, #1
     c4e:	d1ef      	bne.n	c30 <spi_init+0x1fc>
     c50:	e7f4      	b.n	c3c <spi_init+0x208>
	module->mode             = config->mode;
     c52:	7823      	ldrb	r3, [r4, #0]
     c54:	464a      	mov	r2, r9
     c56:	7153      	strb	r3, [r2, #5]
	module->character_size   = config->character_size;
     c58:	7c23      	ldrb	r3, [r4, #16]
     c5a:	7193      	strb	r3, [r2, #6]
	module->receiver_enabled = config->receiver_enable;
     c5c:	7ca3      	ldrb	r3, [r4, #18]
     c5e:	71d3      	strb	r3, [r2, #7]
	uint16_t baud = 0;
     c60:	2200      	movs	r2, #0
     c62:	ab02      	add	r3, sp, #8
     c64:	80da      	strh	r2, [r3, #6]
	if (config->mode == SPI_MODE_MASTER) {
     c66:	7823      	ldrb	r3, [r4, #0]
     c68:	2b01      	cmp	r3, #1
     c6a:	d012      	beq.n	c92 <spi_init+0x25e>
	if (config->mode == SPI_MODE_SLAVE) {
     c6c:	7823      	ldrb	r3, [r4, #0]
     c6e:	2b00      	cmp	r3, #0
     c70:	d127      	bne.n	cc2 <spi_init+0x28e>
		ctrla = config->mode_specific.slave.frame_format;
     c72:	6960      	ldr	r0, [r4, #20]
		ctrlb = config->mode_specific.slave.address_mode;
     c74:	8b22      	ldrh	r2, [r4, #24]
		spi_module->ADDR.reg |=
     c76:	6973      	ldr	r3, [r6, #20]
				(config->mode_specific.slave.address_mask << SERCOM_SPI_ADDR_ADDRMASK_Pos);
     c78:	7ee1      	ldrb	r1, [r4, #27]
     c7a:	0409      	lsls	r1, r1, #16
				(config->mode_specific.slave.address      << SERCOM_SPI_ADDR_ADDR_Pos) |
     c7c:	7ea5      	ldrb	r5, [r4, #26]
     c7e:	4329      	orrs	r1, r5
		spi_module->ADDR.reg |=
     c80:	4319      	orrs	r1, r3
     c82:	6171      	str	r1, [r6, #20]
		if (config->mode_specific.slave.preload_enable) {
     c84:	7f23      	ldrb	r3, [r4, #28]
		ctrlb = config->mode_specific.slave.address_mode;
     c86:	0011      	movs	r1, r2
		if (config->mode_specific.slave.preload_enable) {
     c88:	2b00      	cmp	r3, #0
     c8a:	d01c      	beq.n	cc6 <spi_init+0x292>
			ctrlb |= SERCOM_SPI_CTRLB_PLOADEN;
     c8c:	2140      	movs	r1, #64	; 0x40
     c8e:	4311      	orrs	r1, r2
     c90:	e019      	b.n	cc6 <spi_init+0x292>
		uint32_t sercom_index = _sercom_get_sercom_inst_index(module->hw);
     c92:	464b      	mov	r3, r9
     c94:	6818      	ldr	r0, [r3, #0]
     c96:	4b1f      	ldr	r3, [pc, #124]	; (d14 <spi_init+0x2e0>)
     c98:	4798      	blx	r3
		uint32_t gclk_index   = sercom_index + SERCOM0_GCLK_ID_CORE;
     c9a:	300d      	adds	r0, #13
		uint32_t internal_clock = system_gclk_chan_get_hz(gclk_index);
     c9c:	b2c0      	uxtb	r0, r0
     c9e:	4b1b      	ldr	r3, [pc, #108]	; (d0c <spi_init+0x2d8>)
     ca0:	4798      	blx	r3
     ca2:	0001      	movs	r1, r0
		enum status_code error_code = _sercom_get_sync_baud_val(
     ca4:	ab02      	add	r3, sp, #8
     ca6:	1d9a      	adds	r2, r3, #6
     ca8:	6960      	ldr	r0, [r4, #20]
     caa:	4b19      	ldr	r3, [pc, #100]	; (d10 <spi_init+0x2dc>)
     cac:	4798      	blx	r3
     cae:	0003      	movs	r3, r0
			return STATUS_ERR_INVALID_ARG;
     cb0:	2017      	movs	r0, #23
		if (error_code != STATUS_OK) {
     cb2:	2b00      	cmp	r3, #0
     cb4:	d000      	beq.n	cb8 <spi_init+0x284>
     cb6:	e6cf      	b.n	a58 <spi_init+0x24>
		spi_module->BAUD.reg = (uint8_t)baud;
     cb8:	ab02      	add	r3, sp, #8
     cba:	3306      	adds	r3, #6
     cbc:	781b      	ldrb	r3, [r3, #0]
     cbe:	72b3      	strb	r3, [r6, #10]
     cc0:	e7d4      	b.n	c6c <spi_init+0x238>
	uint32_t ctrlb = 0;
     cc2:	2100      	movs	r1, #0
	uint32_t ctrla = 0;
     cc4:	2000      	movs	r0, #0
	ctrla |= config->mux_setting;
     cc6:	6863      	ldr	r3, [r4, #4]
     cc8:	68a2      	ldr	r2, [r4, #8]
     cca:	4313      	orrs	r3, r2
     ccc:	68e2      	ldr	r2, [r4, #12]
     cce:	4313      	orrs	r3, r2
     cd0:	4303      	orrs	r3, r0
	ctrlb |= config->character_size;
     cd2:	7c22      	ldrb	r2, [r4, #16]
     cd4:	430a      	orrs	r2, r1
	if (config->run_in_standby || system_is_debugger_present()) {
     cd6:	7c61      	ldrb	r1, [r4, #17]
     cd8:	2900      	cmp	r1, #0
     cda:	d103      	bne.n	ce4 <spi_init+0x2b0>
 * \retval false Debugger is not connected to the system
 *
 */
static inline bool system_is_debugger_present(void)
{
	return DSU->STATUSB.reg & DSU_STATUSB_DBGPRES;
     cdc:	4913      	ldr	r1, [pc, #76]	; (d2c <spi_init+0x2f8>)
     cde:	7889      	ldrb	r1, [r1, #2]
     ce0:	0789      	lsls	r1, r1, #30
     ce2:	d501      	bpl.n	ce8 <spi_init+0x2b4>
		ctrla |= SERCOM_SPI_CTRLA_RUNSTDBY;
     ce4:	2180      	movs	r1, #128	; 0x80
     ce6:	430b      	orrs	r3, r1
	if (config->receiver_enable) {
     ce8:	7ca1      	ldrb	r1, [r4, #18]
     cea:	2900      	cmp	r1, #0
     cec:	d002      	beq.n	cf4 <spi_init+0x2c0>
		ctrlb |= SERCOM_SPI_CTRLB_RXEN;
     cee:	2180      	movs	r1, #128	; 0x80
     cf0:	0289      	lsls	r1, r1, #10
     cf2:	430a      	orrs	r2, r1
	spi_module->CTRLA.reg |= ctrla;
     cf4:	6831      	ldr	r1, [r6, #0]
     cf6:	430b      	orrs	r3, r1
     cf8:	6033      	str	r3, [r6, #0]
	spi_module->CTRLB.reg |= ctrlb;
     cfa:	6873      	ldr	r3, [r6, #4]
     cfc:	431a      	orrs	r2, r3
     cfe:	6072      	str	r2, [r6, #4]
	return STATUS_OK;
     d00:	2000      	movs	r0, #0
     d02:	e6a9      	b.n	a58 <spi_init+0x24>
     d04:	000007b5 	.word	0x000007b5
     d08:	41004400 	.word	0x41004400
     d0c:	00002af5 	.word	0x00002af5
     d10:	000006ab 	.word	0x000006ab
     d14:	0000092d 	.word	0x0000092d
     d18:	40000400 	.word	0x40000400
     d1c:	00002ad9 	.word	0x00002ad9
     d20:	00002a4d 	.word	0x00002a4d
     d24:	00000769 	.word	0x00000769
     d28:	00002bd1 	.word	0x00002bd1
     d2c:	41002000 	.word	0x41002000

00000d30 <spi_write_buffer_wait>:
 */
enum status_code spi_write_buffer_wait(
		struct spi_module *const module,
		const uint8_t *tx_data,
		uint16_t length)
{
     d30:	b5f0      	push	{r4, r5, r6, r7, lr}
     d32:	46de      	mov	lr, fp
     d34:	4657      	mov	r7, sl
     d36:	464e      	mov	r6, r9
     d38:	4645      	mov	r5, r8
     d3a:	b5e0      	push	{r5, r6, r7, lr}
     d3c:	b083      	sub	sp, #12
		return STATUS_BUSY;
	}
#  endif

	if (length == 0) {
		return STATUS_ERR_INVALID_ARG;
     d3e:	2317      	movs	r3, #23
	if (length == 0) {
     d40:	2a00      	cmp	r2, #0
     d42:	d107      	bne.n	d54 <spi_write_buffer_wait+0x24>
			}
		}
	}
#  endif
	return STATUS_OK;
}
     d44:	0018      	movs	r0, r3
     d46:	b003      	add	sp, #12
     d48:	bc3c      	pop	{r2, r3, r4, r5}
     d4a:	4690      	mov	r8, r2
     d4c:	4699      	mov	r9, r3
     d4e:	46a2      	mov	sl, r4
     d50:	46ab      	mov	fp, r5
     d52:	bdf0      	pop	{r4, r5, r6, r7, pc}
	if ((module->mode == SPI_MODE_SLAVE) && (spi_is_write_complete(module))) {
     d54:	7943      	ldrb	r3, [r0, #5]
     d56:	2b00      	cmp	r3, #0
     d58:	d103      	bne.n	d62 <spi_write_buffer_wait+0x32>
{
	/* Sanity check arguments */
	Assert(module);
	Assert(module->hw);

	SercomSpi *const spi_module = &(module->hw->SPI);
     d5a:	6803      	ldr	r3, [r0, #0]

	/* Check interrupt flag */
	return (spi_module->INTFLAG.reg & SERCOM_SPI_INTFLAG_TXC);
     d5c:	7b9c      	ldrb	r4, [r3, #14]
     d5e:	07a4      	lsls	r4, r4, #30
     d60:	d40a      	bmi.n	d78 <spi_write_buffer_wait+0x48>
						data_to_send = tx_data[tx_pos++];
     d62:	4693      	mov	fp, r2
     d64:	2400      	movs	r4, #0
				if (spi_is_ready_to_write(module)) {
     d66:	2301      	movs	r3, #1
			if (spi_is_write_complete(module)) {
     d68:	2502      	movs	r5, #2
     d6a:	46ac      	mov	ip, r5
					if (spi_is_ready_to_read(module)) {
     d6c:	3502      	adds	r5, #2
     d6e:	46a8      	mov	r8, r5
     d70:	3a01      	subs	r2, #1
     d72:	b292      	uxth	r2, r2
     d74:	468a      	mov	sl, r1
     d76:	e023      	b.n	dc0 <spi_write_buffer_wait+0x90>
	spi_module->INTFLAG.reg = SPI_INTERRUPT_FLAG_TX_COMPLETE;
     d78:	2402      	movs	r4, #2
     d7a:	739c      	strb	r4, [r3, #14]
     d7c:	e7f1      	b.n	d62 <spi_write_buffer_wait+0x32>
     d7e:	7bb5      	ldrb	r5, [r6, #14]
			if (spi_is_write_complete(module)) {
     d80:	4661      	mov	r1, ip
     d82:	420d      	tst	r5, r1
     d84:	d12e      	bne.n	de4 <spi_write_buffer_wait+0xb4>
	Assert(module->hw);

	SercomSpi *const spi_module = &(module->hw->SPI);

	/* Check interrupt flag */
	return (spi_module->INTFLAG.reg & SERCOM_SPI_INTFLAG_DRE);
     d86:	7bb5      	ldrb	r5, [r6, #14]
			if (!spi_is_ready_to_write(module)) {
     d88:	421d      	tst	r5, r3
     d8a:	d100      	bne.n	d8e <spi_write_buffer_wait+0x5e>
     d8c:	e0c2      	b.n	f14 <spi_write_buffer_wait+0x1e4>
	SercomSpi *const spi_module = &(module->hw->SPI);
     d8e:	6806      	ldr	r6, [r0, #0]
	return (spi_module->INTFLAG.reg & SERCOM_SPI_INTFLAG_DRE);
     d90:	7bb5      	ldrb	r5, [r6, #14]
		while (!spi_is_ready_to_write(module)) {
     d92:	421d      	tst	r5, r3
     d94:	d0fc      	beq.n	d90 <spi_write_buffer_wait+0x60>
		uint16_t data_to_send = tx_data[tx_pos++];
     d96:	1c67      	adds	r7, r4, #1
     d98:	b2bf      	uxth	r7, r7
     d9a:	4651      	mov	r1, sl
     d9c:	5d0d      	ldrb	r5, [r1, r4]
		if (module->character_size == SPI_CHARACTER_SIZE_9BIT) {
     d9e:	7981      	ldrb	r1, [r0, #6]
     da0:	2901      	cmp	r1, #1
     da2:	d023      	beq.n	dec <spi_write_buffer_wait+0xbc>
		uint16_t data_to_send = tx_data[tx_pos++];
     da4:	b2ad      	uxth	r5, r5
     da6:	003c      	movs	r4, r7
     da8:	7bb7      	ldrb	r7, [r6, #14]
	Assert(module->hw);

	SercomSpi *const spi_module = &(module->hw->SPI);

	/* Check if the data register has been copied to the shift register */
	if (!spi_is_ready_to_write(module)) {
     daa:	421f      	tst	r7, r3
     dac:	d002      	beq.n	db4 <spi_write_buffer_wait+0x84>
		/* Data register has not been copied to the shift register, return */
		return STATUS_BUSY;
	}

	/* Write the character to the DATA register */
	spi_module->DATA.reg = tx_data & SERCOM_SPI_DATA_MASK;
     dae:	05ed      	lsls	r5, r5, #23
     db0:	0ded      	lsrs	r5, r5, #23
     db2:	8335      	strh	r5, [r6, #24]
     db4:	1e55      	subs	r5, r2, #1
     db6:	b2ad      	uxth	r5, r5
		if (module->receiver_enabled) {
     db8:	79c6      	ldrb	r6, [r0, #7]
     dba:	2e00      	cmp	r6, #0
     dbc:	d11d      	bne.n	dfa <spi_write_buffer_wait+0xca>
     dbe:	002a      	movs	r2, r5
	while (length--) {
     dc0:	4d59      	ldr	r5, [pc, #356]	; (f28 <spi_write_buffer_wait+0x1f8>)
     dc2:	42aa      	cmp	r2, r5
     dc4:	d070      	beq.n	ea8 <spi_write_buffer_wait+0x178>
		if (module->mode == SPI_MODE_SLAVE) {
     dc6:	7945      	ldrb	r5, [r0, #5]
     dc8:	2d00      	cmp	r5, #0
     dca:	d1e0      	bne.n	d8e <spi_write_buffer_wait+0x5e>
	SercomSpi *const spi_module = &(module->hw->SPI);
     dcc:	6806      	ldr	r6, [r0, #0]
	return (spi_module->INTFLAG.reg & SERCOM_SPI_INTFLAG_DRE);
     dce:	7bb5      	ldrb	r5, [r6, #14]
				if (spi_is_ready_to_write(module)) {
     dd0:	421d      	tst	r5, r3
     dd2:	d1d4      	bne.n	d7e <spi_write_buffer_wait+0x4e>
     dd4:	4d55      	ldr	r5, [pc, #340]	; (f2c <spi_write_buffer_wait+0x1fc>)
     dd6:	7bb7      	ldrb	r7, [r6, #14]
     dd8:	421f      	tst	r7, r3
     dda:	d1d0      	bne.n	d7e <spi_write_buffer_wait+0x4e>
     ddc:	3d01      	subs	r5, #1
			for (uint32_t i = 0; i <= SPI_TIMEOUT; i++) {
     dde:	2d00      	cmp	r5, #0
     de0:	d1f9      	bne.n	dd6 <spi_write_buffer_wait+0xa6>
     de2:	e7cc      	b.n	d7e <spi_write_buffer_wait+0x4e>
	spi_module->INTFLAG.reg = SPI_INTERRUPT_FLAG_TX_COMPLETE;
     de4:	2302      	movs	r3, #2
     de6:	73b3      	strb	r3, [r6, #14]
				return STATUS_ABORTED;
     de8:	3302      	adds	r3, #2
     dea:	e7ab      	b.n	d44 <spi_write_buffer_wait+0x14>
			data_to_send |= (tx_data[tx_pos++] << 8);
     dec:	3402      	adds	r4, #2
     dee:	b2a4      	uxth	r4, r4
     df0:	4651      	mov	r1, sl
     df2:	5dcf      	ldrb	r7, [r1, r7]
     df4:	023f      	lsls	r7, r7, #8
     df6:	433d      	orrs	r5, r7
     df8:	e7d6      	b.n	da8 <spi_write_buffer_wait+0x78>
     dfa:	4651      	mov	r1, sl
			if (module->mode == SPI_MODE_SLAVE) {
     dfc:	7945      	ldrb	r5, [r0, #5]
     dfe:	2d00      	cmp	r5, #0
     e00:	d137      	bne.n	e72 <spi_write_buffer_wait+0x142>
     e02:	4d4b      	ldr	r5, [pc, #300]	; (f30 <spi_write_buffer_wait+0x200>)
     e04:	9101      	str	r1, [sp, #4]
     e06:	e012      	b.n	e2e <spi_write_buffer_wait+0xfe>
							data_to_send |= (tx_data[tx_pos++] << 8);
     e08:	3402      	adds	r4, #2
     e0a:	b2a4      	uxth	r4, r4
     e0c:	4649      	mov	r1, r9
     e0e:	9f01      	ldr	r7, [sp, #4]
     e10:	5c79      	ldrb	r1, [r7, r1]
     e12:	0209      	lsls	r1, r1, #8
     e14:	9f00      	ldr	r7, [sp, #0]
     e16:	430f      	orrs	r7, r1
     e18:	e01b      	b.n	e52 <spi_write_buffer_wait+0x122>
						length--;
     e1a:	3a01      	subs	r2, #1
     e1c:	b292      	uxth	r2, r2
	SercomSpi *const spi_module = &(module->hw->SPI);
     e1e:	6806      	ldr	r6, [r0, #0]
	return (spi_module->INTFLAG.reg & SERCOM_SPI_INTFLAG_RXC);
     e20:	7bb7      	ldrb	r7, [r6, #14]
					if (spi_is_ready_to_read(module)) {
     e22:	4641      	mov	r1, r8
     e24:	420f      	tst	r7, r1
     e26:	d11b      	bne.n	e60 <spi_write_buffer_wait+0x130>
     e28:	3d01      	subs	r5, #1
				for (uint32_t i = 0; i <= SPI_TIMEOUT; i++) {
     e2a:	2d00      	cmp	r5, #0
     e2c:	d018      	beq.n	e60 <spi_write_buffer_wait+0x130>
					if (length && spi_is_ready_to_write(module)) {
     e2e:	2a00      	cmp	r2, #0
     e30:	d0f5      	beq.n	e1e <spi_write_buffer_wait+0xee>
	SercomSpi *const spi_module = &(module->hw->SPI);
     e32:	6806      	ldr	r6, [r0, #0]
	return (spi_module->INTFLAG.reg & SERCOM_SPI_INTFLAG_DRE);
     e34:	7bb7      	ldrb	r7, [r6, #14]
     e36:	421f      	tst	r7, r3
     e38:	d0f1      	beq.n	e1e <spi_write_buffer_wait+0xee>
						data_to_send = tx_data[tx_pos++];
     e3a:	1c67      	adds	r7, r4, #1
     e3c:	b2b9      	uxth	r1, r7
     e3e:	4689      	mov	r9, r1
     e40:	9901      	ldr	r1, [sp, #4]
     e42:	5d09      	ldrb	r1, [r1, r4]
     e44:	9100      	str	r1, [sp, #0]
						if (module->character_size == SPI_CHARACTER_SIZE_9BIT) {
     e46:	7981      	ldrb	r1, [r0, #6]
     e48:	2901      	cmp	r1, #1
     e4a:	d0dd      	beq.n	e08 <spi_write_buffer_wait+0xd8>
						data_to_send = tx_data[tx_pos++];
     e4c:	4669      	mov	r1, sp
     e4e:	880f      	ldrh	r7, [r1, #0]
     e50:	464c      	mov	r4, r9
     e52:	7bb1      	ldrb	r1, [r6, #14]
	if (!spi_is_ready_to_write(module)) {
     e54:	4219      	tst	r1, r3
     e56:	d0e0      	beq.n	e1a <spi_write_buffer_wait+0xea>
	spi_module->DATA.reg = tx_data & SERCOM_SPI_DATA_MASK;
     e58:	05ff      	lsls	r7, r7, #23
     e5a:	0dff      	lsrs	r7, r7, #23
     e5c:	8337      	strh	r7, [r6, #24]
     e5e:	e7dc      	b.n	e1a <spi_write_buffer_wait+0xea>
     e60:	9901      	ldr	r1, [sp, #4]
	return (spi_module->INTFLAG.reg & SERCOM_SPI_INTFLAG_TXC);
     e62:	7bb5      	ldrb	r5, [r6, #14]
				if (spi_is_write_complete(module)) {
     e64:	4667      	mov	r7, ip
     e66:	423d      	tst	r5, r7
     e68:	d118      	bne.n	e9c <spi_write_buffer_wait+0x16c>
	return (spi_module->INTFLAG.reg & SERCOM_SPI_INTFLAG_RXC);
     e6a:	7bb5      	ldrb	r5, [r6, #14]
				if (!spi_is_ready_to_read(module)) {
     e6c:	4646      	mov	r6, r8
     e6e:	4235      	tst	r5, r6
     e70:	d052      	beq.n	f18 <spi_write_buffer_wait+0x1e8>
	SercomSpi *const spi_module = &(module->hw->SPI);
     e72:	6806      	ldr	r6, [r0, #0]
	return (spi_module->INTFLAG.reg & SERCOM_SPI_INTFLAG_RXC);
     e74:	7bb5      	ldrb	r5, [r6, #14]
			while (!spi_is_ready_to_read(module)) {
     e76:	4647      	mov	r7, r8
     e78:	423d      	tst	r5, r7
     e7a:	d0fb      	beq.n	e74 <spi_write_buffer_wait+0x144>
     e7c:	7bb5      	ldrb	r5, [r6, #14]
	Assert(module->hw);

	SercomSpi *const spi_module = &(module->hw->SPI);

	/* Check if data is ready to be read */
	if (!spi_is_ready_to_read(module)) {
     e7e:	423d      	tst	r5, r7
     e80:	d007      	beq.n	e92 <spi_write_buffer_wait+0x162>

	/* Return value */
	enum status_code retval = STATUS_OK;

	/* Check if data is overflown */
	if (spi_module->STATUS.reg & SERCOM_SPI_STATUS_BUFOVF) {
     e82:	8a35      	ldrh	r5, [r6, #16]
     e84:	423d      	tst	r5, r7
     e86:	d000      	beq.n	e8a <spi_write_buffer_wait+0x15a>
		retval = STATUS_ERR_OVERFLOW;
		/* Clear overflow flag */
		spi_module->STATUS.reg = SERCOM_SPI_STATUS_BUFOVF;
     e88:	8237      	strh	r7, [r6, #16]
	}

	/* Read the character from the DATA register */
	if (module->character_size == SPI_CHARACTER_SIZE_9BIT) {
     e8a:	7985      	ldrb	r5, [r0, #6]
     e8c:	2d01      	cmp	r5, #1
     e8e:	d009      	beq.n	ea4 <spi_write_buffer_wait+0x174>
		*rx_data = (spi_module->DATA.reg & SERCOM_SPI_DATA_MASK);
	} else {
		*rx_data = (uint8_t)spi_module->DATA.reg;
     e90:	8b35      	ldrh	r5, [r6, #24]
			flush_length--;
     e92:	465d      	mov	r5, fp
     e94:	3d01      	subs	r5, #1
     e96:	b2ad      	uxth	r5, r5
     e98:	46ab      	mov	fp, r5
     e9a:	e769      	b.n	d70 <spi_write_buffer_wait+0x40>
	spi_module->INTFLAG.reg = SPI_INTERRUPT_FLAG_TX_COMPLETE;
     e9c:	2302      	movs	r3, #2
     e9e:	73b3      	strb	r3, [r6, #14]
					return STATUS_ABORTED;
     ea0:	3302      	adds	r3, #2
     ea2:	e74f      	b.n	d44 <spi_write_buffer_wait+0x14>
		*rx_data = (spi_module->DATA.reg & SERCOM_SPI_DATA_MASK);
     ea4:	8b35      	ldrh	r5, [r6, #24]
     ea6:	e7f4      	b.n	e92 <spi_write_buffer_wait+0x162>
	if (module->mode == SPI_MODE_MASTER) {
     ea8:	7943      	ldrb	r3, [r0, #5]
     eaa:	2b01      	cmp	r3, #1
     eac:	d00b      	beq.n	ec6 <spi_write_buffer_wait+0x196>
	if (module->mode == SPI_MODE_SLAVE) {
     eae:	2b00      	cmp	r3, #0
     eb0:	d134      	bne.n	f1c <spi_write_buffer_wait+0x1ec>
		if (module->receiver_enabled) {
     eb2:	79c2      	ldrb	r2, [r0, #7]
     eb4:	2a00      	cmp	r2, #0
     eb6:	d100      	bne.n	eba <spi_write_buffer_wait+0x18a>
     eb8:	e744      	b.n	d44 <spi_write_buffer_wait+0x14>
					if (spi_is_ready_to_read(module)) {
     eba:	2404      	movs	r4, #4
			while (flush_length) {
     ebc:	465b      	mov	r3, fp
     ebe:	465d      	mov	r5, fp
     ec0:	2b00      	cmp	r3, #0
     ec2:	d119      	bne.n	ef8 <spi_write_buffer_wait+0x1c8>
     ec4:	e73e      	b.n	d44 <spi_write_buffer_wait+0x14>
	SercomSpi *const spi_module = &(module->hw->SPI);
     ec6:	6801      	ldr	r1, [r0, #0]
		while (!spi_is_write_complete(module)) {
     ec8:	2202      	movs	r2, #2
	return (spi_module->INTFLAG.reg & SERCOM_SPI_INTFLAG_TXC);
     eca:	7b8b      	ldrb	r3, [r1, #14]
     ecc:	4213      	tst	r3, r2
     ece:	d0fc      	beq.n	eca <spi_write_buffer_wait+0x19a>
	return STATUS_OK;
     ed0:	2300      	movs	r3, #0
     ed2:	e737      	b.n	d44 <spi_write_buffer_wait+0x14>
	return (spi_module->INTFLAG.reg & SERCOM_SPI_INTFLAG_RXC);
     ed4:	7b8b      	ldrb	r3, [r1, #14]
				if (!spi_is_ready_to_read(module)) {
     ed6:	4223      	tst	r3, r4
     ed8:	d022      	beq.n	f20 <spi_write_buffer_wait+0x1f0>
     eda:	7b8b      	ldrb	r3, [r1, #14]
	if (!spi_is_ready_to_read(module)) {
     edc:	4223      	tst	r3, r4
     ede:	d007      	beq.n	ef0 <spi_write_buffer_wait+0x1c0>
	if (spi_module->STATUS.reg & SERCOM_SPI_STATUS_BUFOVF) {
     ee0:	8a0b      	ldrh	r3, [r1, #16]
     ee2:	4223      	tst	r3, r4
     ee4:	d000      	beq.n	ee8 <spi_write_buffer_wait+0x1b8>
		spi_module->STATUS.reg = SERCOM_SPI_STATUS_BUFOVF;
     ee6:	820c      	strh	r4, [r1, #16]
	if (module->character_size == SPI_CHARACTER_SIZE_9BIT) {
     ee8:	7983      	ldrb	r3, [r0, #6]
     eea:	2b01      	cmp	r3, #1
     eec:	d010      	beq.n	f10 <spi_write_buffer_wait+0x1e0>
		*rx_data = (uint8_t)spi_module->DATA.reg;
     eee:	8b0b      	ldrh	r3, [r1, #24]
				flush_length--;
     ef0:	3d01      	subs	r5, #1
     ef2:	b2ad      	uxth	r5, r5
			while (flush_length) {
     ef4:	2d00      	cmp	r5, #0
     ef6:	d015      	beq.n	f24 <spi_write_buffer_wait+0x1f4>
	SercomSpi *const spi_module = &(module->hw->SPI);
     ef8:	6801      	ldr	r1, [r0, #0]
	return (spi_module->INTFLAG.reg & SERCOM_SPI_INTFLAG_RXC);
     efa:	7b8b      	ldrb	r3, [r1, #14]
					if (spi_is_ready_to_read(module)) {
     efc:	4223      	tst	r3, r4
     efe:	d1e9      	bne.n	ed4 <spi_write_buffer_wait+0x1a4>
     f00:	4b0a      	ldr	r3, [pc, #40]	; (f2c <spi_write_buffer_wait+0x1fc>)
     f02:	7b8a      	ldrb	r2, [r1, #14]
     f04:	4222      	tst	r2, r4
     f06:	d1e5      	bne.n	ed4 <spi_write_buffer_wait+0x1a4>
     f08:	3b01      	subs	r3, #1
				for (uint32_t i = 0; i <= SPI_TIMEOUT; i++) {
     f0a:	2b00      	cmp	r3, #0
     f0c:	d1f9      	bne.n	f02 <spi_write_buffer_wait+0x1d2>
     f0e:	e7e1      	b.n	ed4 <spi_write_buffer_wait+0x1a4>
		*rx_data = (spi_module->DATA.reg & SERCOM_SPI_DATA_MASK);
     f10:	8b0b      	ldrh	r3, [r1, #24]
     f12:	e7ed      	b.n	ef0 <spi_write_buffer_wait+0x1c0>
				return STATUS_ERR_TIMEOUT;
     f14:	2312      	movs	r3, #18
     f16:	e715      	b.n	d44 <spi_write_buffer_wait+0x14>
					return STATUS_ERR_TIMEOUT;
     f18:	2312      	movs	r3, #18
     f1a:	e713      	b.n	d44 <spi_write_buffer_wait+0x14>
	return STATUS_OK;
     f1c:	2300      	movs	r3, #0
     f1e:	e711      	b.n	d44 <spi_write_buffer_wait+0x14>
					return STATUS_ERR_TIMEOUT;
     f20:	2312      	movs	r3, #18
     f22:	e70f      	b.n	d44 <spi_write_buffer_wait+0x14>
	return STATUS_OK;
     f24:	2300      	movs	r3, #0
     f26:	e70d      	b.n	d44 <spi_write_buffer_wait+0x14>
     f28:	0000ffff 	.word	0x0000ffff
     f2c:	00002710 	.word	0x00002710
     f30:	00002711 	.word	0x00002711

00000f34 <usart_init>:
 */
enum status_code usart_init(
		struct usart_module *const module,
		Sercom *const hw,
		const struct usart_config *const config)
{
     f34:	b5f0      	push	{r4, r5, r6, r7, lr}
     f36:	46de      	mov	lr, fp
     f38:	4657      	mov	r7, sl
     f3a:	464e      	mov	r6, r9
     f3c:	4645      	mov	r5, r8
     f3e:	b5e0      	push	{r5, r6, r7, lr}
     f40:	b08d      	sub	sp, #52	; 0x34
     f42:	0005      	movs	r5, r0
     f44:	000c      	movs	r4, r1
     f46:	0016      	movs	r6, r2
	Assert(config);

	enum status_code status_code = STATUS_OK;

	/* Assign module pointer to software instance struct */
	module->hw = hw;
     f48:	6029      	str	r1, [r5, #0]

	/* Get a pointer to the hardware module instance */
	SercomUsart *const usart_hw = &(module->hw->USART);

	uint32_t sercom_index = _sercom_get_sercom_inst_index(module->hw);
     f4a:	0008      	movs	r0, r1
     f4c:	4b7e      	ldr	r3, [pc, #504]	; (1148 <usart_init+0x214>)
     f4e:	4798      	blx	r3
     f50:	0002      	movs	r2, r0
#else
	pm_index     = sercom_index + PM_APBCMASK_SERCOM0_Pos;
	gclk_index   = sercom_index + SERCOM0_GCLK_ID_CORE;
#endif

	if (usart_hw->CTRLA.reg & SERCOM_USART_CTRLA_SWRST) {
     f52:	6823      	ldr	r3, [r4, #0]
		/* The module is busy resetting itself */
		return STATUS_BUSY;
     f54:	2005      	movs	r0, #5
	if (usart_hw->CTRLA.reg & SERCOM_USART_CTRLA_SWRST) {
     f56:	07db      	lsls	r3, r3, #31
     f58:	d506      	bpl.n	f68 <usart_init+0x34>
	_sercom_set_handler(instance_index, _usart_interrupt_handler);
	_sercom_instances[instance_index] = module;
#endif

	return status_code;
}
     f5a:	b00d      	add	sp, #52	; 0x34
     f5c:	bc3c      	pop	{r2, r3, r4, r5}
     f5e:	4690      	mov	r8, r2
     f60:	4699      	mov	r9, r3
     f62:	46a2      	mov	sl, r4
     f64:	46ab      	mov	fp, r5
     f66:	bdf0      	pop	{r4, r5, r6, r7, pc}
	if (usart_hw->CTRLA.reg & SERCOM_USART_CTRLA_ENABLE) {
     f68:	6823      	ldr	r3, [r4, #0]
		return STATUS_ERR_DENIED;
     f6a:	3017      	adds	r0, #23
	if (usart_hw->CTRLA.reg & SERCOM_USART_CTRLA_ENABLE) {
     f6c:	079b      	lsls	r3, r3, #30
     f6e:	d4f4      	bmi.n	f5a <usart_init+0x26>
     f70:	4976      	ldr	r1, [pc, #472]	; (114c <usart_init+0x218>)
     f72:	6a08      	ldr	r0, [r1, #32]
	pm_index     = sercom_index + PM_APBCMASK_SERCOM0_Pos;
     f74:	1c97      	adds	r7, r2, #2
	system_apb_clock_set_mask(SYSTEM_CLOCK_APB_APBC, 1 << pm_index);
     f76:	2301      	movs	r3, #1
     f78:	40bb      	lsls	r3, r7
     f7a:	4303      	orrs	r3, r0
     f7c:	620b      	str	r3, [r1, #32]
	gclk_chan_conf.source_generator = config->generator_source;
     f7e:	a90b      	add	r1, sp, #44	; 0x2c
     f80:	7f73      	ldrb	r3, [r6, #29]
     f82:	700b      	strb	r3, [r1, #0]
	gclk_index   = sercom_index + SERCOM0_GCLK_ID_CORE;
     f84:	320d      	adds	r2, #13
	system_gclk_chan_set_config(gclk_index, &gclk_chan_conf);
     f86:	b2d7      	uxtb	r7, r2
     f88:	0038      	movs	r0, r7
     f8a:	4b71      	ldr	r3, [pc, #452]	; (1150 <usart_init+0x21c>)
     f8c:	4798      	blx	r3
	system_gclk_chan_enable(gclk_index);
     f8e:	0038      	movs	r0, r7
     f90:	4b70      	ldr	r3, [pc, #448]	; (1154 <usart_init+0x220>)
     f92:	4798      	blx	r3
	sercom_set_gclk_generator(config->generator_source, false);
     f94:	7f70      	ldrb	r0, [r6, #29]
     f96:	2100      	movs	r1, #0
     f98:	4b6f      	ldr	r3, [pc, #444]	; (1158 <usart_init+0x224>)
     f9a:	4798      	blx	r3
	module->character_size = config->character_size;
     f9c:	7af3      	ldrb	r3, [r6, #11]
     f9e:	716b      	strb	r3, [r5, #5]
	module->receiver_enabled = config->receiver_enable;
     fa0:	7d33      	ldrb	r3, [r6, #20]
     fa2:	71ab      	strb	r3, [r5, #6]
	module->transmitter_enabled = config->transmitter_enable;
     fa4:	7d73      	ldrb	r3, [r6, #21]
     fa6:	71eb      	strb	r3, [r5, #7]
	SercomUsart *const usart_hw = &(module->hw->USART);
     fa8:	682b      	ldr	r3, [r5, #0]
     faa:	4698      	mov	r8, r3
	uint32_t sercom_index = _sercom_get_sercom_inst_index(module->hw);
     fac:	0018      	movs	r0, r3
     fae:	4b66      	ldr	r3, [pc, #408]	; (1148 <usart_init+0x214>)
     fb0:	4798      	blx	r3
	gclk_index   = sercom_index + SERCOM0_GCLK_ID_CORE;
     fb2:	300d      	adds	r0, #13
	uint16_t baud  = 0;
     fb4:	2200      	movs	r2, #0
     fb6:	230e      	movs	r3, #14
     fb8:	a902      	add	r1, sp, #8
     fba:	468c      	mov	ip, r1
     fbc:	4463      	add	r3, ip
     fbe:	801a      	strh	r2, [r3, #0]
	ctrla = (uint32_t)config->data_order |
     fc0:	6833      	ldr	r3, [r6, #0]
     fc2:	9303      	str	r3, [sp, #12]
		(uint32_t)config->mux_setting |
     fc4:	68f3      	ldr	r3, [r6, #12]
     fc6:	469a      	mov	sl, r3
		(config->clock_polarity_inverted << SERCOM_USART_CTRLA_CPOL_Pos);
     fc8:	7db3      	ldrb	r3, [r6, #22]
     fca:	469b      	mov	fp, r3
	transfer_mode = (uint32_t)config->transfer_mode;
     fcc:	6873      	ldr	r3, [r6, #4]
     fce:	4699      	mov	r9, r3
	switch (transfer_mode)
     fd0:	2b00      	cmp	r3, #0
     fd2:	d014      	beq.n	ffe <usart_init+0xca>
     fd4:	2380      	movs	r3, #128	; 0x80
     fd6:	055b      	lsls	r3, r3, #21
     fd8:	4599      	cmp	r9, r3
     fda:	d130      	bne.n	103e <usart_init+0x10a>
			if (!config->use_external_clock) {
     fdc:	7df3      	ldrb	r3, [r6, #23]
     fde:	2b00      	cmp	r3, #0
     fe0:	d131      	bne.n	1046 <usart_init+0x112>
				status_code = _sercom_get_sync_baud_val(config->baudrate,
     fe2:	6933      	ldr	r3, [r6, #16]
     fe4:	001f      	movs	r7, r3
     fe6:	b2c0      	uxtb	r0, r0
     fe8:	4b5c      	ldr	r3, [pc, #368]	; (115c <usart_init+0x228>)
     fea:	4798      	blx	r3
     fec:	0001      	movs	r1, r0
     fee:	220e      	movs	r2, #14
     ff0:	ab02      	add	r3, sp, #8
     ff2:	469c      	mov	ip, r3
     ff4:	4462      	add	r2, ip
     ff6:	0038      	movs	r0, r7
     ff8:	4b59      	ldr	r3, [pc, #356]	; (1160 <usart_init+0x22c>)
     ffa:	4798      	blx	r3
     ffc:	e020      	b.n	1040 <usart_init+0x10c>
			if (config->use_external_clock) {
     ffe:	7df3      	ldrb	r3, [r6, #23]
    1000:	2b00      	cmp	r3, #0
    1002:	d00b      	beq.n	101c <usart_init+0xe8>
				status_code =
    1004:	2310      	movs	r3, #16
    1006:	9300      	str	r3, [sp, #0]
    1008:	2300      	movs	r3, #0
    100a:	220e      	movs	r2, #14
    100c:	a902      	add	r1, sp, #8
    100e:	468c      	mov	ip, r1
    1010:	4462      	add	r2, ip
    1012:	69b1      	ldr	r1, [r6, #24]
    1014:	6930      	ldr	r0, [r6, #16]
    1016:	4f53      	ldr	r7, [pc, #332]	; (1164 <usart_init+0x230>)
    1018:	47b8      	blx	r7
    101a:	e011      	b.n	1040 <usart_init+0x10c>
						_sercom_get_async_baud_val(config->baudrate,
    101c:	6933      	ldr	r3, [r6, #16]
    101e:	001f      	movs	r7, r3
    1020:	b2c0      	uxtb	r0, r0
    1022:	4b4e      	ldr	r3, [pc, #312]	; (115c <usart_init+0x228>)
    1024:	4798      	blx	r3
    1026:	0001      	movs	r1, r0
				status_code =
    1028:	2310      	movs	r3, #16
    102a:	9300      	str	r3, [sp, #0]
    102c:	2300      	movs	r3, #0
    102e:	220e      	movs	r2, #14
    1030:	a802      	add	r0, sp, #8
    1032:	4684      	mov	ip, r0
    1034:	4462      	add	r2, ip
    1036:	0038      	movs	r0, r7
    1038:	4f4a      	ldr	r7, [pc, #296]	; (1164 <usart_init+0x230>)
    103a:	47b8      	blx	r7
    103c:	e000      	b.n	1040 <usart_init+0x10c>
	enum status_code status_code = STATUS_OK;
    103e:	2000      	movs	r0, #0
	if (status_code != STATUS_OK) {
    1040:	2800      	cmp	r0, #0
    1042:	d000      	beq.n	1046 <usart_init+0x112>
    1044:	e789      	b.n	f5a <usart_init+0x26>
	usart_hw->BAUD.reg = baud;
    1046:	230e      	movs	r3, #14
    1048:	aa02      	add	r2, sp, #8
    104a:	4694      	mov	ip, r2
    104c:	4463      	add	r3, ip
    104e:	881b      	ldrh	r3, [r3, #0]
    1050:	4642      	mov	r2, r8
    1052:	8153      	strh	r3, [r2, #10]
	ctrla |= transfer_mode;
    1054:	4653      	mov	r3, sl
    1056:	9f03      	ldr	r7, [sp, #12]
    1058:	431f      	orrs	r7, r3
    105a:	464b      	mov	r3, r9
    105c:	431f      	orrs	r7, r3
		(config->clock_polarity_inverted << SERCOM_USART_CTRLA_CPOL_Pos);
    105e:	465b      	mov	r3, fp
    1060:	075b      	lsls	r3, r3, #29
	ctrla |= transfer_mode;
    1062:	431f      	orrs	r7, r3
	if (config->use_external_clock == false) {
    1064:	7df3      	ldrb	r3, [r6, #23]
    1066:	2b00      	cmp	r3, #0
    1068:	d101      	bne.n	106e <usart_init+0x13a>
		ctrla |= SERCOM_USART_CTRLA_MODE(0x1);
    106a:	3304      	adds	r3, #4
    106c:	431f      	orrs	r7, r3
			(config->receiver_enable << SERCOM_USART_CTRLB_RXEN_Pos) |
    106e:	7d31      	ldrb	r1, [r6, #20]
    1070:	0449      	lsls	r1, r1, #17
			(config->transmitter_enable << SERCOM_USART_CTRLB_TXEN_Pos);
    1072:	7d73      	ldrb	r3, [r6, #21]
    1074:	041b      	lsls	r3, r3, #16
			(config->receiver_enable << SERCOM_USART_CTRLB_RXEN_Pos) |
    1076:	430b      	orrs	r3, r1
	ctrlb |= (uint32_t)config->character_size;
    1078:	7ab1      	ldrb	r1, [r6, #10]
    107a:	7af2      	ldrb	r2, [r6, #11]
    107c:	4311      	orrs	r1, r2
    107e:	4319      	orrs	r1, r3
	if (config->parity != USART_PARITY_NONE) {
    1080:	8933      	ldrh	r3, [r6, #8]
    1082:	2bff      	cmp	r3, #255	; 0xff
    1084:	d003      	beq.n	108e <usart_init+0x15a>
		ctrla |= SERCOM_USART_CTRLA_FORM(1);
    1086:	2280      	movs	r2, #128	; 0x80
    1088:	0452      	lsls	r2, r2, #17
    108a:	4317      	orrs	r7, r2
		ctrlb |= config->parity;
    108c:	4319      	orrs	r1, r3
	if (config->run_in_standby || system_is_debugger_present()) {
    108e:	7f33      	ldrb	r3, [r6, #28]
    1090:	2b00      	cmp	r3, #0
    1092:	d103      	bne.n	109c <usart_init+0x168>
    1094:	4b34      	ldr	r3, [pc, #208]	; (1168 <usart_init+0x234>)
    1096:	789b      	ldrb	r3, [r3, #2]
    1098:	079b      	lsls	r3, r3, #30
    109a:	d501      	bpl.n	10a0 <usart_init+0x16c>
		ctrla |= SERCOM_USART_CTRLA_RUNSTDBY;
    109c:	2380      	movs	r3, #128	; 0x80
    109e:	431f      	orrs	r7, r3
{
	/* Sanity check arguments */
	Assert(module);
	Assert(module->hw);

	SercomUsart *const usart_hw = &(module->hw->USART);
    10a0:	682a      	ldr	r2, [r5, #0]

#ifdef FEATURE_USART_SYNC_SCHEME_V2
	return (usart_hw->SYNCBUSY.reg);
#else
	return (usart_hw->STATUS.reg & SERCOM_USART_STATUS_SYNCBUSY);
    10a2:	8a13      	ldrh	r3, [r2, #16]
		const struct usart_module *const module)
{
	/* Sanity check */
	Assert(module);

	while (usart_is_syncing(module)) {
    10a4:	b21b      	sxth	r3, r3
    10a6:	2b00      	cmp	r3, #0
    10a8:	dbfb      	blt.n	10a2 <usart_init+0x16e>
	usart_hw->CTRLB.reg = ctrlb;
    10aa:	4643      	mov	r3, r8
    10ac:	6059      	str	r1, [r3, #4]
	SercomUsart *const usart_hw = &(module->hw->USART);
    10ae:	682a      	ldr	r2, [r5, #0]
	return (usart_hw->STATUS.reg & SERCOM_USART_STATUS_SYNCBUSY);
    10b0:	8a13      	ldrh	r3, [r2, #16]
	while (usart_is_syncing(module)) {
    10b2:	b21b      	sxth	r3, r3
    10b4:	2b00      	cmp	r3, #0
    10b6:	dbfb      	blt.n	10b0 <usart_init+0x17c>
	usart_hw->CTRLA.reg = ctrla;
    10b8:	4643      	mov	r3, r8
    10ba:	601f      	str	r7, [r3, #0]
	config->mux_position = SYSTEM_PINMUX_GPIO;
    10bc:	ab0a      	add	r3, sp, #40	; 0x28
    10be:	2280      	movs	r2, #128	; 0x80
    10c0:	701a      	strb	r2, [r3, #0]
	config->direction    = SYSTEM_PINMUX_PIN_DIR_INPUT;
    10c2:	2200      	movs	r2, #0
    10c4:	705a      	strb	r2, [r3, #1]
	config->powersave    = false;
    10c6:	70da      	strb	r2, [r3, #3]
	pin_conf.input_pull = SYSTEM_PINMUX_PIN_PULL_NONE;
    10c8:	709a      	strb	r2, [r3, #2]
	uint32_t pad_pinmuxes[] = {
    10ca:	6a33      	ldr	r3, [r6, #32]
    10cc:	9306      	str	r3, [sp, #24]
    10ce:	6a73      	ldr	r3, [r6, #36]	; 0x24
    10d0:	9307      	str	r3, [sp, #28]
    10d2:	6ab3      	ldr	r3, [r6, #40]	; 0x28
    10d4:	9308      	str	r3, [sp, #32]
    10d6:	6af3      	ldr	r3, [r6, #44]	; 0x2c
    10d8:	9303      	str	r3, [sp, #12]
    10da:	9309      	str	r3, [sp, #36]	; 0x24
    10dc:	2700      	movs	r7, #0
		uint32_t current_pinmux = pad_pinmuxes[pad];
    10de:	ae06      	add	r6, sp, #24
    10e0:	e006      	b.n	10f0 <usart_init+0x1bc>
			current_pinmux = _sercom_get_default_pad(hw, pad);
    10e2:	0020      	movs	r0, r4
    10e4:	4b21      	ldr	r3, [pc, #132]	; (116c <usart_init+0x238>)
    10e6:	4798      	blx	r3
    10e8:	e007      	b.n	10fa <usart_init+0x1c6>
    10ea:	3701      	adds	r7, #1
	for (uint8_t pad = 0; pad < 4; pad++) {
    10ec:	2f04      	cmp	r7, #4
    10ee:	d00d      	beq.n	110c <usart_init+0x1d8>
    10f0:	b2f9      	uxtb	r1, r7
		uint32_t current_pinmux = pad_pinmuxes[pad];
    10f2:	00bb      	lsls	r3, r7, #2
    10f4:	5998      	ldr	r0, [r3, r6]
		if (current_pinmux == PINMUX_DEFAULT) {
    10f6:	2800      	cmp	r0, #0
    10f8:	d0f3      	beq.n	10e2 <usart_init+0x1ae>
		if (current_pinmux != PINMUX_UNUSED) {
    10fa:	1c43      	adds	r3, r0, #1
    10fc:	d0f5      	beq.n	10ea <usart_init+0x1b6>
			pin_conf.mux_position = current_pinmux & 0xFFFF;
    10fe:	a90a      	add	r1, sp, #40	; 0x28
    1100:	7008      	strb	r0, [r1, #0]
			system_pinmux_pin_set_config(current_pinmux >> 16, &pin_conf);
    1102:	0c00      	lsrs	r0, r0, #16
    1104:	b2c0      	uxtb	r0, r0
    1106:	4b1a      	ldr	r3, [pc, #104]	; (1170 <usart_init+0x23c>)
    1108:	4798      	blx	r3
    110a:	e7ee      	b.n	10ea <usart_init+0x1b6>
		module->callback[i]            = NULL;
    110c:	2300      	movs	r3, #0
    110e:	60ab      	str	r3, [r5, #8]
    1110:	60eb      	str	r3, [r5, #12]
    1112:	612b      	str	r3, [r5, #16]
	module->tx_buffer_ptr              = NULL;
    1114:	61ab      	str	r3, [r5, #24]
	module->rx_buffer_ptr              = NULL;
    1116:	616b      	str	r3, [r5, #20]
	module->remaining_tx_buffer_length = 0x0000;
    1118:	2200      	movs	r2, #0
    111a:	83eb      	strh	r3, [r5, #30]
	module->remaining_rx_buffer_length = 0x0000;
    111c:	83ab      	strh	r3, [r5, #28]
	module->callback_reg_mask          = 0x00;
    111e:	3320      	adds	r3, #32
    1120:	54ea      	strb	r2, [r5, r3]
	module->callback_enable_mask       = 0x00;
    1122:	3301      	adds	r3, #1
    1124:	54ea      	strb	r2, [r5, r3]
	module->rx_status                  = STATUS_OK;
    1126:	3301      	adds	r3, #1
    1128:	54ea      	strb	r2, [r5, r3]
	module->tx_status                  = STATUS_OK;
    112a:	3301      	adds	r3, #1
    112c:	54ea      	strb	r2, [r5, r3]
	uint8_t instance_index = _sercom_get_sercom_inst_index(module->hw);
    112e:	6828      	ldr	r0, [r5, #0]
    1130:	4b05      	ldr	r3, [pc, #20]	; (1148 <usart_init+0x214>)
    1132:	4798      	blx	r3
    1134:	0004      	movs	r4, r0
	_sercom_set_handler(instance_index, _usart_interrupt_handler);
    1136:	490f      	ldr	r1, [pc, #60]	; (1174 <usart_init+0x240>)
    1138:	4b0f      	ldr	r3, [pc, #60]	; (1178 <usart_init+0x244>)
    113a:	4798      	blx	r3
	_sercom_instances[instance_index] = module;
    113c:	00a4      	lsls	r4, r4, #2
    113e:	4b0f      	ldr	r3, [pc, #60]	; (117c <usart_init+0x248>)
    1140:	50e5      	str	r5, [r4, r3]
	return status_code;
    1142:	2000      	movs	r0, #0
    1144:	e709      	b.n	f5a <usart_init+0x26>
    1146:	46c0      	nop			; (mov r8, r8)
    1148:	0000092d 	.word	0x0000092d
    114c:	40000400 	.word	0x40000400
    1150:	00002ad9 	.word	0x00002ad9
    1154:	00002a4d 	.word	0x00002a4d
    1158:	00000769 	.word	0x00000769
    115c:	00002af5 	.word	0x00002af5
    1160:	000006ab 	.word	0x000006ab
    1164:	000006d5 	.word	0x000006d5
    1168:	41002000 	.word	0x41002000
    116c:	000007b5 	.word	0x000007b5
    1170:	00002bd1 	.word	0x00002bd1
    1174:	000012c9 	.word	0x000012c9
    1178:	00000969 	.word	0x00000969
    117c:	200000a0 	.word	0x200000a0

00001180 <usart_write_wait>:

	/* Get a pointer to the hardware module instance */
	SercomUsart *const usart_hw = &(module->hw->USART);

	/* Check that the transmitter is enabled */
	if (!(module->transmitter_enabled)) {
    1180:	79c2      	ldrb	r2, [r0, #7]
		return STATUS_ERR_DENIED;
    1182:	231c      	movs	r3, #28
	if (!(module->transmitter_enabled)) {
    1184:	2a00      	cmp	r2, #0
    1186:	d101      	bne.n	118c <usart_write_wait+0xc>
	while (!(usart_hw->INTFLAG.reg & SERCOM_USART_INTFLAG_TXC)) {
		/* Wait until data is sent */
	}

	return STATUS_OK;
}
    1188:	0018      	movs	r0, r3
    118a:	4770      	bx	lr
	if (module->remaining_tx_buffer_length > 0) {
    118c:	8bc2      	ldrh	r2, [r0, #30]
    118e:	b292      	uxth	r2, r2
		return STATUS_BUSY;
    1190:	3b17      	subs	r3, #23
	if (module->remaining_tx_buffer_length > 0) {
    1192:	2a00      	cmp	r2, #0
    1194:	d1f8      	bne.n	1188 <usart_write_wait+0x8>
	SercomUsart *const usart_hw = &(module->hw->USART);
    1196:	6802      	ldr	r2, [r0, #0]
	usart_hw->DATA.reg = tx_data;
    1198:	8311      	strh	r1, [r2, #24]
	while (!(usart_hw->INTFLAG.reg & SERCOM_USART_INTFLAG_TXC)) {
    119a:	2102      	movs	r1, #2
    119c:	7b93      	ldrb	r3, [r2, #14]
    119e:	420b      	tst	r3, r1
    11a0:	d0fc      	beq.n	119c <usart_write_wait+0x1c>
	return STATUS_OK;
    11a2:	2300      	movs	r3, #0
    11a4:	e7f0      	b.n	1188 <usart_write_wait+0x8>
	...

000011a8 <usart_write_buffer_wait>:
 */
enum status_code usart_write_buffer_wait(
		struct usart_module *const module,
		const uint8_t *tx_data,
		uint16_t length)
{
    11a8:	b5f0      	push	{r4, r5, r6, r7, lr}
    11aa:	46ce      	mov	lr, r9
    11ac:	4647      	mov	r7, r8
    11ae:	b580      	push	{r7, lr}
    11b0:	b083      	sub	sp, #12
    11b2:	0005      	movs	r5, r0
    11b4:	9101      	str	r1, [sp, #4]
	Assert(module);
	Assert(module->hw);

	/* Check if the buffer length is valid */
	if (length == 0) {
		return STATUS_ERR_INVALID_ARG;
    11b6:	2017      	movs	r0, #23
	if (length == 0) {
    11b8:	2a00      	cmp	r2, #0
    11ba:	d104      	bne.n	11c6 <usart_write_buffer_wait+0x1e>
			return STATUS_ERR_TIMEOUT;
		}
	}

	return STATUS_OK;
}
    11bc:	b003      	add	sp, #12
    11be:	bc0c      	pop	{r2, r3}
    11c0:	4690      	mov	r8, r2
    11c2:	4699      	mov	r9, r3
    11c4:	bdf0      	pop	{r4, r5, r6, r7, pc}
	if (!(module->transmitter_enabled)) {
    11c6:	79eb      	ldrb	r3, [r5, #7]
		return STATUS_ERR_DENIED;
    11c8:	3005      	adds	r0, #5
	if (!(module->transmitter_enabled)) {
    11ca:	2b00      	cmp	r3, #0
    11cc:	d0f6      	beq.n	11bc <usart_write_buffer_wait+0x14>
	SercomUsart *const usart_hw = &(module->hw->USART);
    11ce:	682c      	ldr	r4, [r5, #0]
	while (length--) {
    11d0:	3a01      	subs	r2, #1
    11d2:	b293      	uxth	r3, r2
    11d4:	4699      	mov	r9, r3
    11d6:	2600      	movs	r6, #0
			if (usart_hw->INTFLAG.reg & SERCOM_USART_INTFLAG_DRE) {
    11d8:	2701      	movs	r7, #1
	while (length--) {
    11da:	4b20      	ldr	r3, [pc, #128]	; (125c <usart_write_buffer_wait+0xb4>)
    11dc:	4698      	mov	r8, r3
    11de:	e011      	b.n	1204 <usart_write_buffer_wait+0x5c>
		uint16_t data_to_send = tx_data[tx_pos++];
    11e0:	1c73      	adds	r3, r6, #1
    11e2:	b29b      	uxth	r3, r3
    11e4:	9a01      	ldr	r2, [sp, #4]
    11e6:	5d91      	ldrb	r1, [r2, r6]
		if (module->character_size == USART_CHARACTER_SIZE_9BIT) {
    11e8:	796a      	ldrb	r2, [r5, #5]
    11ea:	2a01      	cmp	r2, #1
    11ec:	d017      	beq.n	121e <usart_write_buffer_wait+0x76>
		uint16_t data_to_send = tx_data[tx_pos++];
    11ee:	b289      	uxth	r1, r1
    11f0:	001e      	movs	r6, r3
		usart_write_wait(module, data_to_send);
    11f2:	0028      	movs	r0, r5
    11f4:	4b1a      	ldr	r3, [pc, #104]	; (1260 <usart_write_buffer_wait+0xb8>)
    11f6:	4798      	blx	r3
	while (length--) {
    11f8:	464b      	mov	r3, r9
    11fa:	3b01      	subs	r3, #1
    11fc:	b29b      	uxth	r3, r3
    11fe:	4699      	mov	r9, r3
    1200:	4543      	cmp	r3, r8
    1202:	d013      	beq.n	122c <usart_write_buffer_wait+0x84>
			if (usart_hw->INTFLAG.reg & SERCOM_USART_INTFLAG_DRE) {
    1204:	7ba3      	ldrb	r3, [r4, #14]
    1206:	423b      	tst	r3, r7
    1208:	d1ea      	bne.n	11e0 <usart_write_buffer_wait+0x38>
    120a:	4b14      	ldr	r3, [pc, #80]	; (125c <usart_write_buffer_wait+0xb4>)
    120c:	7ba2      	ldrb	r2, [r4, #14]
    120e:	423a      	tst	r2, r7
    1210:	d1e6      	bne.n	11e0 <usart_write_buffer_wait+0x38>
			} else if (i == USART_TIMEOUT) {
    1212:	2b01      	cmp	r3, #1
    1214:	d019      	beq.n	124a <usart_write_buffer_wait+0xa2>
    1216:	3b01      	subs	r3, #1
		for (uint32_t i = 0; i <= USART_TIMEOUT; i++) {
    1218:	2b00      	cmp	r3, #0
    121a:	d1f7      	bne.n	120c <usart_write_buffer_wait+0x64>
    121c:	e7e0      	b.n	11e0 <usart_write_buffer_wait+0x38>
			data_to_send |= (tx_data[tx_pos++] << 8);
    121e:	3602      	adds	r6, #2
    1220:	b2b6      	uxth	r6, r6
    1222:	9a01      	ldr	r2, [sp, #4]
    1224:	5cd3      	ldrb	r3, [r2, r3]
    1226:	021b      	lsls	r3, r3, #8
    1228:	4319      	orrs	r1, r3
    122a:	e7e2      	b.n	11f2 <usart_write_buffer_wait+0x4a>
		if (usart_hw->INTFLAG.reg & SERCOM_USART_INTFLAG_TXC) {
    122c:	7ba3      	ldrb	r3, [r4, #14]
    122e:	079b      	lsls	r3, r3, #30
    1230:	d40d      	bmi.n	124e <usart_write_buffer_wait+0xa6>
    1232:	4b0a      	ldr	r3, [pc, #40]	; (125c <usart_write_buffer_wait+0xb4>)
    1234:	2102      	movs	r1, #2
    1236:	7ba2      	ldrb	r2, [r4, #14]
    1238:	420a      	tst	r2, r1
    123a:	d10a      	bne.n	1252 <usart_write_buffer_wait+0xaa>
		} else if (i == USART_TIMEOUT) {
    123c:	2b01      	cmp	r3, #1
    123e:	d00a      	beq.n	1256 <usart_write_buffer_wait+0xae>
    1240:	3b01      	subs	r3, #1
	for (uint32_t i = 0; i <= USART_TIMEOUT; i++) {
    1242:	2b00      	cmp	r3, #0
    1244:	d1f7      	bne.n	1236 <usart_write_buffer_wait+0x8e>
	return STATUS_OK;
    1246:	2000      	movs	r0, #0
    1248:	e7b8      	b.n	11bc <usart_write_buffer_wait+0x14>
				return STATUS_ERR_TIMEOUT;
    124a:	2012      	movs	r0, #18
    124c:	e7b6      	b.n	11bc <usart_write_buffer_wait+0x14>
	return STATUS_OK;
    124e:	2000      	movs	r0, #0
    1250:	e7b4      	b.n	11bc <usart_write_buffer_wait+0x14>
    1252:	2000      	movs	r0, #0
    1254:	e7b2      	b.n	11bc <usart_write_buffer_wait+0x14>
			return STATUS_ERR_TIMEOUT;
    1256:	2012      	movs	r0, #18
    1258:	e7b0      	b.n	11bc <usart_write_buffer_wait+0x14>
    125a:	46c0      	nop			; (mov r8, r8)
    125c:	0000ffff 	.word	0x0000ffff
    1260:	00001181 	.word	0x00001181

00001264 <_usart_read_buffer>:
 */
enum status_code _usart_read_buffer(
		struct usart_module *const module,
		uint8_t *rx_data,
		uint16_t length)
{
    1264:	b5f8      	push	{r3, r4, r5, r6, r7, lr}
    1266:	0006      	movs	r6, r0
    1268:	000c      	movs	r4, r1
    126a:	0015      	movs	r5, r2
	Assert(module);
	Assert(module->hw);
	Assert(rx_data);

	/* Get a pointer to the hardware module instance */
	SercomUsart *const usart_hw = &(module->hw->USART);
    126c:	6807      	ldr	r7, [r0, #0]
 * are only re-enabled upon leaving the outermost nested critical section.
 *
 */
static inline void system_interrupt_enter_critical_section(void)
{
	cpu_irq_enter_critical();
    126e:	4b0a      	ldr	r3, [pc, #40]	; (1298 <_usart_read_buffer+0x34>)
    1270:	4798      	blx	r3

	system_interrupt_enter_critical_section();

	/* Check if the USART receiver is busy */
	if (module->remaining_rx_buffer_length > 0) {
    1272:	8bb3      	ldrh	r3, [r6, #28]
    1274:	b29b      	uxth	r3, r3
    1276:	2b00      	cmp	r3, #0
    1278:	d003      	beq.n	1282 <_usart_read_buffer+0x1e>
 * are only re-enabled upon leaving the outermost nested critical section.
 *
 */
static inline void system_interrupt_leave_critical_section(void)
{
	cpu_irq_leave_critical();
    127a:	4b08      	ldr	r3, [pc, #32]	; (129c <_usart_read_buffer+0x38>)
    127c:	4798      	blx	r3
		system_interrupt_leave_critical_section();
		return STATUS_BUSY;
    127e:	2005      	movs	r0, #5
		usart_hw->INTENSET.reg = SERCOM_USART_INTFLAG_RXS;
	}
#endif

	return STATUS_OK;
}
    1280:	bdf8      	pop	{r3, r4, r5, r6, r7, pc}
	module->remaining_rx_buffer_length = length;
    1282:	83b5      	strh	r5, [r6, #28]
    1284:	4b05      	ldr	r3, [pc, #20]	; (129c <_usart_read_buffer+0x38>)
    1286:	4798      	blx	r3
	module->rx_buffer_ptr              = rx_data;
    1288:	6174      	str	r4, [r6, #20]
	module->rx_status                  = STATUS_BUSY;
    128a:	2205      	movs	r2, #5
    128c:	2322      	movs	r3, #34	; 0x22
    128e:	54f2      	strb	r2, [r6, r3]
	usart_hw->INTENSET.reg = SERCOM_USART_INTFLAG_RXC;
    1290:	3b1e      	subs	r3, #30
    1292:	737b      	strb	r3, [r7, #13]
	return STATUS_OK;
    1294:	2000      	movs	r0, #0
    1296:	e7f3      	b.n	1280 <_usart_read_buffer+0x1c>
    1298:	000025f5 	.word	0x000025f5
    129c:	00002635 	.word	0x00002635

000012a0 <usart_register_callback>:
	/* Sanity check arguments */
	Assert(module);
	Assert(callback_func);

	/* Register callback function */
	module->callback[callback_type] = callback_func;
    12a0:	1c93      	adds	r3, r2, #2
    12a2:	009b      	lsls	r3, r3, #2
    12a4:	5019      	str	r1, [r3, r0]

	/* Set the bit corresponding to the callback_type */
	module->callback_reg_mask |= (1 << callback_type);
    12a6:	2120      	movs	r1, #32
    12a8:	2301      	movs	r3, #1
    12aa:	4093      	lsls	r3, r2
    12ac:	001a      	movs	r2, r3
    12ae:	5c43      	ldrb	r3, [r0, r1]
    12b0:	4313      	orrs	r3, r2
    12b2:	5443      	strb	r3, [r0, r1]
}
    12b4:	4770      	bx	lr
	...

000012b8 <usart_read_job>:
 * \retval  STATUS_BUSY  If operation was not completed
 */
enum status_code usart_read_job(
		struct usart_module *const module,
		uint16_t *const rx_data)
{
    12b8:	b510      	push	{r4, lr}
	/* Sanity check arguments */
	Assert(module);
	Assert(rx_data);

	/* Call internal read buffer function with length 1 */
	return _usart_read_buffer(module, (uint8_t *)rx_data, 1);
    12ba:	2201      	movs	r2, #1
    12bc:	4b01      	ldr	r3, [pc, #4]	; (12c4 <usart_read_job+0xc>)
    12be:	4798      	blx	r3
}
    12c0:	bd10      	pop	{r4, pc}
    12c2:	46c0      	nop			; (mov r8, r8)
    12c4:	00001265 	.word	0x00001265

000012c8 <_usart_interrupt_handler>:
 * \param[in]  instance  ID of the SERCOM instance calling the interrupt
 *                       handler.
 */
void _usart_interrupt_handler(
		uint8_t instance)
{
    12c8:	b5f8      	push	{r3, r4, r5, r6, r7, lr}
	uint16_t callback_status;
	uint8_t error_code;


	/* Get device instance from the look-up table */
	struct usart_module *module
    12ca:	0080      	lsls	r0, r0, #2
    12cc:	4b46      	ldr	r3, [pc, #280]	; (13e8 <_usart_interrupt_handler+0x120>)
    12ce:	58c5      	ldr	r5, [r0, r3]
		= (struct usart_module *)_sercom_instances[instance];

	/* Pointer to the hardware module instance */
	SercomUsart *const usart_hw
		= &(module->hw->USART);
    12d0:	682c      	ldr	r4, [r5, #0]
	return (usart_hw->STATUS.reg & SERCOM_USART_STATUS_SYNCBUSY);
    12d2:	8a23      	ldrh	r3, [r4, #16]
	while (usart_is_syncing(module)) {
    12d4:	b21b      	sxth	r3, r3
    12d6:	2b00      	cmp	r3, #0
    12d8:	dbfb      	blt.n	12d2 <_usart_interrupt_handler+0xa>

	/* Wait for the synchronization to complete */
	_usart_wait_for_sync(module);

	/* Read and mask interrupt flag register */
	interrupt_status = usart_hw->INTFLAG.reg;
    12da:	7ba3      	ldrb	r3, [r4, #14]
	interrupt_status &= usart_hw->INTENSET.reg;
    12dc:	7b66      	ldrb	r6, [r4, #13]
    12de:	401e      	ands	r6, r3
	callback_status = module->callback_reg_mask &
    12e0:	2320      	movs	r3, #32
    12e2:	5ceb      	ldrb	r3, [r5, r3]
    12e4:	2221      	movs	r2, #33	; 0x21
    12e6:	5caf      	ldrb	r7, [r5, r2]
    12e8:	401f      	ands	r7, r3
			module->callback_enable_mask;

	/* Check if a DATA READY interrupt has occurred,
	 * and if there is more to transfer */
	if (interrupt_status & SERCOM_USART_INTFLAG_DRE) {
    12ea:	07f3      	lsls	r3, r6, #31
    12ec:	d522      	bpl.n	1334 <_usart_interrupt_handler+0x6c>
		if (module->remaining_tx_buffer_length) {
    12ee:	8beb      	ldrh	r3, [r5, #30]
    12f0:	b29b      	uxth	r3, r3
    12f2:	2b00      	cmp	r3, #0
    12f4:	d01c      	beq.n	1330 <_usart_interrupt_handler+0x68>
			/* Write value will be at least 8-bits long */
			uint16_t data_to_send = *(module->tx_buffer_ptr);
    12f6:	69aa      	ldr	r2, [r5, #24]
    12f8:	7813      	ldrb	r3, [r2, #0]
    12fa:	b2db      	uxtb	r3, r3
			/* Increment 8-bit pointer */
			(module->tx_buffer_ptr)++;
    12fc:	1c51      	adds	r1, r2, #1
    12fe:	61a9      	str	r1, [r5, #24]

			if (module->character_size == USART_CHARACTER_SIZE_9BIT) {
    1300:	7969      	ldrb	r1, [r5, #5]
    1302:	2901      	cmp	r1, #1
    1304:	d00e      	beq.n	1324 <_usart_interrupt_handler+0x5c>
			uint16_t data_to_send = *(module->tx_buffer_ptr);
    1306:	b29b      	uxth	r3, r3
				data_to_send |= (*(module->tx_buffer_ptr) << 8);
				/* Increment 8-bit pointer */
				(module->tx_buffer_ptr)++;
			}
			/* Write the data to send */
			usart_hw->DATA.reg = (data_to_send & SERCOM_USART_DATA_MASK);
    1308:	05db      	lsls	r3, r3, #23
    130a:	0ddb      	lsrs	r3, r3, #23
    130c:	8323      	strh	r3, [r4, #24]

			if (--(module->remaining_tx_buffer_length) == 0) {
    130e:	8beb      	ldrh	r3, [r5, #30]
    1310:	3b01      	subs	r3, #1
    1312:	b29b      	uxth	r3, r3
    1314:	83eb      	strh	r3, [r5, #30]
    1316:	2b00      	cmp	r3, #0
    1318:	d10c      	bne.n	1334 <_usart_interrupt_handler+0x6c>
				/* Disable the Data Register Empty Interrupt */
				usart_hw->INTENCLR.reg = SERCOM_USART_INTFLAG_DRE;
    131a:	3301      	adds	r3, #1
    131c:	7323      	strb	r3, [r4, #12]
				/* Enable Transmission Complete interrupt */
				usart_hw->INTENSET.reg = SERCOM_USART_INTFLAG_TXC;
    131e:	3301      	adds	r3, #1
    1320:	7363      	strb	r3, [r4, #13]
    1322:	e007      	b.n	1334 <_usart_interrupt_handler+0x6c>
				data_to_send |= (*(module->tx_buffer_ptr) << 8);
    1324:	7851      	ldrb	r1, [r2, #1]
    1326:	0209      	lsls	r1, r1, #8
    1328:	430b      	orrs	r3, r1
				(module->tx_buffer_ptr)++;
    132a:	3202      	adds	r2, #2
    132c:	61aa      	str	r2, [r5, #24]
    132e:	e7eb      	b.n	1308 <_usart_interrupt_handler+0x40>

			}
		} else {
			usart_hw->INTENCLR.reg = SERCOM_USART_INTFLAG_DRE;
    1330:	2301      	movs	r3, #1
    1332:	7323      	strb	r3, [r4, #12]
		}
	}

	/* Check if the Transmission Complete interrupt has occurred and
	 * that the transmit buffer is empty */
	if (interrupt_status & SERCOM_USART_INTFLAG_TXC) {
    1334:	07b3      	lsls	r3, r6, #30
    1336:	d506      	bpl.n	1346 <_usart_interrupt_handler+0x7e>

		/* Disable TX Complete Interrupt, and set STATUS_OK */
		usart_hw->INTENCLR.reg = SERCOM_USART_INTFLAG_TXC;
    1338:	2302      	movs	r3, #2
    133a:	7323      	strb	r3, [r4, #12]
		module->tx_status = STATUS_OK;
    133c:	2200      	movs	r2, #0
    133e:	3321      	adds	r3, #33	; 0x21
    1340:	54ea      	strb	r2, [r5, r3]

		/* Run callback if registered and enabled */
		if (callback_status & (1 << USART_CALLBACK_BUFFER_TRANSMITTED)) {
    1342:	07fb      	lsls	r3, r7, #31
    1344:	d416      	bmi.n	1374 <_usart_interrupt_handler+0xac>
		}
	}

	/* Check if the Receive Complete interrupt has occurred, and that
	 * there's more data to receive */
	if (interrupt_status & SERCOM_USART_INTFLAG_RXC) {
    1346:	0773      	lsls	r3, r6, #29
    1348:	d54d      	bpl.n	13e6 <_usart_interrupt_handler+0x11e>

		if (module->remaining_rx_buffer_length) {
    134a:	8bab      	ldrh	r3, [r5, #28]
    134c:	b29b      	uxth	r3, r3
    134e:	2b00      	cmp	r3, #0
    1350:	d047      	beq.n	13e2 <_usart_interrupt_handler+0x11a>
			/* Read out the status code and mask away all but the 4 LSBs*/
			error_code = (uint8_t)(usart_hw->STATUS.reg & SERCOM_USART_STATUS_MASK);
    1352:	8a23      	ldrh	r3, [r4, #16]
    1354:	b2db      	uxtb	r3, r3
			if(error_code & SERCOM_USART_STATUS_TXE) {
				error_code &= ~SERCOM_USART_STATUS_TXE;
			}
#endif
			/* Check if an error has occurred during the receiving */
			if (error_code) {
    1356:	075a      	lsls	r2, r3, #29
    1358:	d020      	beq.n	139c <_usart_interrupt_handler+0xd4>
				/* Check which error occurred */
				if (error_code & SERCOM_USART_STATUS_FERR) {
    135a:	079a      	lsls	r2, r3, #30
    135c:	d50e      	bpl.n	137c <_usart_interrupt_handler+0xb4>
					/* Store the error code and clear flag by writing 1 to it */
					module->rx_status = STATUS_ERR_BAD_FORMAT;
    135e:	221a      	movs	r2, #26
    1360:	2322      	movs	r3, #34	; 0x22
    1362:	54ea      	strb	r2, [r5, r3]
					usart_hw->STATUS.reg = SERCOM_USART_STATUS_FERR;
    1364:	3b20      	subs	r3, #32
    1366:	8223      	strh	r3, [r4, #16]
					usart_hw->STATUS.reg = SERCOM_USART_STATUS_COLL;
				}
#endif

				/* Run callback if registered and enabled */
				if (callback_status
    1368:	077b      	lsls	r3, r7, #29
    136a:	d53c      	bpl.n	13e6 <_usart_interrupt_handler+0x11e>
						& (1 << USART_CALLBACK_ERROR)) {
					(*(module->callback[USART_CALLBACK_ERROR]))(module);
    136c:	692b      	ldr	r3, [r5, #16]
    136e:	0028      	movs	r0, r5
    1370:	4798      	blx	r3
    1372:	e038      	b.n	13e6 <_usart_interrupt_handler+0x11e>
			(*(module->callback[USART_CALLBACK_BUFFER_TRANSMITTED]))(module);
    1374:	0028      	movs	r0, r5
    1376:	68ab      	ldr	r3, [r5, #8]
    1378:	4798      	blx	r3
    137a:	e7e4      	b.n	1346 <_usart_interrupt_handler+0x7e>
				} else if (error_code & SERCOM_USART_STATUS_BUFOVF) {
    137c:	075a      	lsls	r2, r3, #29
    137e:	d505      	bpl.n	138c <_usart_interrupt_handler+0xc4>
					module->rx_status = STATUS_ERR_OVERFLOW;
    1380:	221e      	movs	r2, #30
    1382:	2322      	movs	r3, #34	; 0x22
    1384:	54ea      	strb	r2, [r5, r3]
					usart_hw->STATUS.reg = SERCOM_USART_STATUS_BUFOVF;
    1386:	3b1e      	subs	r3, #30
    1388:	8223      	strh	r3, [r4, #16]
    138a:	e7ed      	b.n	1368 <_usart_interrupt_handler+0xa0>
				} else if (error_code & SERCOM_USART_STATUS_PERR) {
    138c:	07db      	lsls	r3, r3, #31
    138e:	d5eb      	bpl.n	1368 <_usart_interrupt_handler+0xa0>
					module->rx_status = STATUS_ERR_BAD_DATA;
    1390:	2213      	movs	r2, #19
    1392:	2322      	movs	r3, #34	; 0x22
    1394:	54ea      	strb	r2, [r5, r3]
					usart_hw->STATUS.reg = SERCOM_USART_STATUS_PERR;
    1396:	3b21      	subs	r3, #33	; 0x21
    1398:	8223      	strh	r3, [r4, #16]
    139a:	e7e5      	b.n	1368 <_usart_interrupt_handler+0xa0>

			} else {

				/* Read current packet from DATA register,
				 * increment buffer pointer and decrement buffer length */
				uint16_t received_data = (usart_hw->DATA.reg & SERCOM_USART_DATA_MASK);
    139c:	8b23      	ldrh	r3, [r4, #24]
    139e:	05db      	lsls	r3, r3, #23
    13a0:	0ddb      	lsrs	r3, r3, #23

				/* Read value will be at least 8-bits long */
				*(module->rx_buffer_ptr) = received_data;
    13a2:	b2da      	uxtb	r2, r3
    13a4:	6969      	ldr	r1, [r5, #20]
    13a6:	700a      	strb	r2, [r1, #0]
				/* Increment 8-bit pointer */
				module->rx_buffer_ptr += 1;
    13a8:	696a      	ldr	r2, [r5, #20]
    13aa:	1c51      	adds	r1, r2, #1
    13ac:	6169      	str	r1, [r5, #20]

				if (module->character_size == USART_CHARACTER_SIZE_9BIT) {
    13ae:	7969      	ldrb	r1, [r5, #5]
    13b0:	2901      	cmp	r1, #1
    13b2:	d010      	beq.n	13d6 <_usart_interrupt_handler+0x10e>
					/* Increment 8-bit pointer */
					module->rx_buffer_ptr += 1;
				}

				/* Check if the last character have been received */
				if(--(module->remaining_rx_buffer_length) == 0) {
    13b4:	8bab      	ldrh	r3, [r5, #28]
    13b6:	3b01      	subs	r3, #1
    13b8:	b29b      	uxth	r3, r3
    13ba:	83ab      	strh	r3, [r5, #28]
    13bc:	2b00      	cmp	r3, #0
    13be:	d112      	bne.n	13e6 <_usart_interrupt_handler+0x11e>
					/* Disable RX Complete Interrupt,
					 * and set STATUS_OK */
					usart_hw->INTENCLR.reg = SERCOM_USART_INTFLAG_RXC;
    13c0:	3304      	adds	r3, #4
    13c2:	7323      	strb	r3, [r4, #12]
					module->rx_status = STATUS_OK;
    13c4:	2200      	movs	r2, #0
    13c6:	331e      	adds	r3, #30
    13c8:	54ea      	strb	r2, [r5, r3]

					/* Run callback if registered and enabled */
					if (callback_status
    13ca:	07bb      	lsls	r3, r7, #30
    13cc:	d50b      	bpl.n	13e6 <_usart_interrupt_handler+0x11e>
							& (1 << USART_CALLBACK_BUFFER_RECEIVED)) {
						(*(module->callback[USART_CALLBACK_BUFFER_RECEIVED]))(module);
    13ce:	68eb      	ldr	r3, [r5, #12]
    13d0:	0028      	movs	r0, r5
    13d2:	4798      	blx	r3
    13d4:	e007      	b.n	13e6 <_usart_interrupt_handler+0x11e>
					*(module->rx_buffer_ptr) = (received_data >> 8);
    13d6:	0a1b      	lsrs	r3, r3, #8
    13d8:	7053      	strb	r3, [r2, #1]
					module->rx_buffer_ptr += 1;
    13da:	696b      	ldr	r3, [r5, #20]
    13dc:	3301      	adds	r3, #1
    13de:	616b      	str	r3, [r5, #20]
    13e0:	e7e8      	b.n	13b4 <_usart_interrupt_handler+0xec>
					}
				}
			}
		} else {
			/* This should not happen. Disable Receive Complete interrupt. */
			usart_hw->INTENCLR.reg = SERCOM_USART_INTFLAG_RXC;
    13e2:	2304      	movs	r3, #4
    13e4:	7323      	strb	r3, [r4, #12]
		if (callback_status & (1 << USART_CALLBACK_START_RECEIVED)) {
			(*(module->callback[USART_CALLBACK_START_RECEIVED]))(module);
		}
	}
#endif
}
    13e6:	bdf8      	pop	{r3, r4, r5, r6, r7, pc}
    13e8:	200000a0 	.word	0x200000a0

000013ec <tc_register_callback>:
	/* Sanity check arguments */
	Assert(module);
	Assert(callback_func);

	/* Register callback function */
	module->callback[callback_type] = callback_func;
    13ec:	1c93      	adds	r3, r2, #2
    13ee:	009b      	lsls	r3, r3, #2
    13f0:	5019      	str	r1, [r3, r0]

	/* Set the bit corresponding to the callback_type */
	if (callback_type == TC_CALLBACK_CC_CHANNEL0) {
    13f2:	2a02      	cmp	r2, #2
    13f4:	d009      	beq.n	140a <tc_register_callback+0x1e>
		module->register_callback_mask |= TC_INTFLAG_MC(1);
	}
	else if (callback_type == TC_CALLBACK_CC_CHANNEL1) {
    13f6:	2a03      	cmp	r2, #3
    13f8:	d00c      	beq.n	1414 <tc_register_callback+0x28>
		module->register_callback_mask |= TC_INTFLAG_MC(2);
	}
	else {
		module->register_callback_mask |= (1 << callback_type);
    13fa:	2301      	movs	r3, #1
    13fc:	4093      	lsls	r3, r2
    13fe:	001a      	movs	r2, r3
    1400:	7e03      	ldrb	r3, [r0, #24]
    1402:	4313      	orrs	r3, r2
    1404:	7603      	strb	r3, [r0, #24]
	}
	return STATUS_OK;
}
    1406:	2000      	movs	r0, #0
    1408:	4770      	bx	lr
		module->register_callback_mask |= TC_INTFLAG_MC(1);
    140a:	7e03      	ldrb	r3, [r0, #24]
    140c:	2210      	movs	r2, #16
    140e:	4313      	orrs	r3, r2
    1410:	7603      	strb	r3, [r0, #24]
    1412:	e7f8      	b.n	1406 <tc_register_callback+0x1a>
		module->register_callback_mask |= TC_INTFLAG_MC(2);
    1414:	7e03      	ldrb	r3, [r0, #24]
    1416:	2220      	movs	r2, #32
    1418:	4313      	orrs	r3, r2
    141a:	7603      	strb	r3, [r0, #24]
    141c:	e7f3      	b.n	1406 <tc_register_callback+0x1a>
	...

00001420 <_tc_interrupt_handler>:
 * \param[in]  instance  ID of the TC instance calling the interrupt
 *                       handler
 */
void _tc_interrupt_handler(
		uint8_t instance)
{
    1420:	b570      	push	{r4, r5, r6, lr}
	/* Temporary variable */
	uint8_t interrupt_and_callback_status_mask;

	/* Get device instance from the look-up table */
	struct tc_module *module
    1422:	0080      	lsls	r0, r0, #2
    1424:	4b16      	ldr	r3, [pc, #88]	; (1480 <_tc_interrupt_handler+0x60>)
    1426:	58c4      	ldr	r4, [r0, r3]
			= (struct tc_module *)_tc_instances[instance];

	/* Read and mask interrupt flag register */
	interrupt_and_callback_status_mask = module->hw->COUNT8.INTFLAG.reg &
    1428:	6823      	ldr	r3, [r4, #0]
    142a:	7b9d      	ldrb	r5, [r3, #14]
    142c:	7e22      	ldrb	r2, [r4, #24]
    142e:	7e63      	ldrb	r3, [r4, #25]
    1430:	4013      	ands	r3, r2
    1432:	401d      	ands	r5, r3
			module->register_callback_mask &
			module->enable_callback_mask;

	/* Check if an Overflow interrupt has occurred */
	if (interrupt_and_callback_status_mask & TC_INTFLAG_OVF) {
    1434:	07eb      	lsls	r3, r5, #31
    1436:	d406      	bmi.n	1446 <_tc_interrupt_handler+0x26>
		/* Clear interrupt flag */
		module->hw->COUNT8.INTFLAG.reg = TC_INTFLAG_OVF;
	}

	/* Check if an Error interrupt has occurred */
	if (interrupt_and_callback_status_mask & TC_INTFLAG_ERR) {
    1438:	07ab      	lsls	r3, r5, #30
    143a:	d40b      	bmi.n	1454 <_tc_interrupt_handler+0x34>
		/* Clear interrupt flag */
		module->hw->COUNT8.INTFLAG.reg = TC_INTFLAG_ERR;
	}

	/* Check if an Match/Capture Channel 0 interrupt has occurred */
	if (interrupt_and_callback_status_mask & TC_INTFLAG_MC(1)) {
    143c:	06eb      	lsls	r3, r5, #27
    143e:	d410      	bmi.n	1462 <_tc_interrupt_handler+0x42>
		/* Clear interrupt flag */
		module->hw->COUNT8.INTFLAG.reg = TC_INTFLAG_MC(1);
	}

	/* Check if an Match/Capture Channel 1 interrupt has occurred */
	if (interrupt_and_callback_status_mask & TC_INTFLAG_MC(2)) {
    1440:	06ab      	lsls	r3, r5, #26
    1442:	d415      	bmi.n	1470 <_tc_interrupt_handler+0x50>
		/* Invoke registered and enabled callback function */
		(module->callback[TC_CALLBACK_CC_CHANNEL1])(module);
		/* Clear interrupt flag */
		module->hw->COUNT8.INTFLAG.reg = TC_INTFLAG_MC(2);
	}
}
    1444:	bd70      	pop	{r4, r5, r6, pc}
		(module->callback[TC_CALLBACK_OVERFLOW])(module);
    1446:	0020      	movs	r0, r4
    1448:	68a3      	ldr	r3, [r4, #8]
    144a:	4798      	blx	r3
		module->hw->COUNT8.INTFLAG.reg = TC_INTFLAG_OVF;
    144c:	2301      	movs	r3, #1
    144e:	6822      	ldr	r2, [r4, #0]
    1450:	7393      	strb	r3, [r2, #14]
    1452:	e7f1      	b.n	1438 <_tc_interrupt_handler+0x18>
		(module->callback[TC_CALLBACK_ERROR])(module);
    1454:	0020      	movs	r0, r4
    1456:	68e3      	ldr	r3, [r4, #12]
    1458:	4798      	blx	r3
		module->hw->COUNT8.INTFLAG.reg = TC_INTFLAG_ERR;
    145a:	2302      	movs	r3, #2
    145c:	6822      	ldr	r2, [r4, #0]
    145e:	7393      	strb	r3, [r2, #14]
    1460:	e7ec      	b.n	143c <_tc_interrupt_handler+0x1c>
		(module->callback[TC_CALLBACK_CC_CHANNEL0])(module);
    1462:	0020      	movs	r0, r4
    1464:	6923      	ldr	r3, [r4, #16]
    1466:	4798      	blx	r3
		module->hw->COUNT8.INTFLAG.reg = TC_INTFLAG_MC(1);
    1468:	2310      	movs	r3, #16
    146a:	6822      	ldr	r2, [r4, #0]
    146c:	7393      	strb	r3, [r2, #14]
    146e:	e7e7      	b.n	1440 <_tc_interrupt_handler+0x20>
		(module->callback[TC_CALLBACK_CC_CHANNEL1])(module);
    1470:	0020      	movs	r0, r4
    1472:	6963      	ldr	r3, [r4, #20]
    1474:	4798      	blx	r3
		module->hw->COUNT8.INTFLAG.reg = TC_INTFLAG_MC(2);
    1476:	6823      	ldr	r3, [r4, #0]
    1478:	2220      	movs	r2, #32
    147a:	739a      	strb	r2, [r3, #14]
}
    147c:	e7e2      	b.n	1444 <_tc_interrupt_handler+0x24>
    147e:	46c0      	nop			; (mov r8, r8)
    1480:	200000b8 	.word	0x200000b8

00001484 <TC0_Handler>:
	MRECURSION(TC_INST_NUM, _TC_INTERRUPT_HANDLER, TC_INST_MAX_ID)
    1484:	b510      	push	{r4, lr}
    1486:	2000      	movs	r0, #0
    1488:	4b01      	ldr	r3, [pc, #4]	; (1490 <TC0_Handler+0xc>)
    148a:	4798      	blx	r3
    148c:	bd10      	pop	{r4, pc}
    148e:	46c0      	nop			; (mov r8, r8)
    1490:	00001421 	.word	0x00001421

00001494 <TC1_Handler>:
    1494:	b510      	push	{r4, lr}
    1496:	2001      	movs	r0, #1
    1498:	4b01      	ldr	r3, [pc, #4]	; (14a0 <TC1_Handler+0xc>)
    149a:	4798      	blx	r3
    149c:	bd10      	pop	{r4, pc}
    149e:	46c0      	nop			; (mov r8, r8)
    14a0:	00001421 	.word	0x00001421

000014a4 <TC2_Handler>:
    14a4:	b510      	push	{r4, lr}
    14a6:	2002      	movs	r0, #2
    14a8:	4b01      	ldr	r3, [pc, #4]	; (14b0 <TC2_Handler+0xc>)
    14aa:	4798      	blx	r3
    14ac:	bd10      	pop	{r4, pc}
    14ae:	46c0      	nop			; (mov r8, r8)
    14b0:	00001421 	.word	0x00001421

000014b4 <TC3_Handler>:
    14b4:	b510      	push	{r4, lr}
    14b6:	2003      	movs	r0, #3
    14b8:	4b01      	ldr	r3, [pc, #4]	; (14c0 <TC3_Handler+0xc>)
    14ba:	4798      	blx	r3
    14bc:	bd10      	pop	{r4, pc}
    14be:	46c0      	nop			; (mov r8, r8)
    14c0:	00001421 	.word	0x00001421

000014c4 <TC4_Handler>:
    14c4:	b510      	push	{r4, lr}
    14c6:	2004      	movs	r0, #4
    14c8:	4b01      	ldr	r3, [pc, #4]	; (14d0 <TC4_Handler+0xc>)
    14ca:	4798      	blx	r3
    14cc:	bd10      	pop	{r4, pc}
    14ce:	46c0      	nop			; (mov r8, r8)
    14d0:	00001421 	.word	0x00001421

000014d4 <TC5_Handler>:
    14d4:	b510      	push	{r4, lr}
    14d6:	2005      	movs	r0, #5
    14d8:	4b01      	ldr	r3, [pc, #4]	; (14e0 <TC5_Handler+0xc>)
    14da:	4798      	blx	r3
    14dc:	bd10      	pop	{r4, pc}
    14de:	46c0      	nop			; (mov r8, r8)
    14e0:	00001421 	.word	0x00001421

000014e4 <TC6_Handler>:
    14e4:	b510      	push	{r4, lr}
    14e6:	2006      	movs	r0, #6
    14e8:	4b01      	ldr	r3, [pc, #4]	; (14f0 <TC6_Handler+0xc>)
    14ea:	4798      	blx	r3
    14ec:	bd10      	pop	{r4, pc}
    14ee:	46c0      	nop			; (mov r8, r8)
    14f0:	00001421 	.word	0x00001421

000014f4 <TC7_Handler>:
    14f4:	b510      	push	{r4, lr}
    14f6:	2007      	movs	r0, #7
    14f8:	4b01      	ldr	r3, [pc, #4]	; (1500 <TC7_Handler+0xc>)
    14fa:	4798      	blx	r3
    14fc:	bd10      	pop	{r4, pc}
    14fe:	46c0      	nop			; (mov r8, r8)
    1500:	00001421 	.word	0x00001421

00001504 <_tc_get_inst_index>:
 *
 * \return Index of the given TC module instance.
 */
uint8_t _tc_get_inst_index(
		Tc *const hw)
{
    1504:	b530      	push	{r4, r5, lr}
    1506:	b089      	sub	sp, #36	; 0x24
	/* List of available TC modules. */
	Tc *const tc_modules[TC_INST_NUM] = TC_INSTS;
    1508:	4b0c      	ldr	r3, [pc, #48]	; (153c <_tc_get_inst_index+0x38>)
    150a:	466a      	mov	r2, sp
    150c:	cb32      	ldmia	r3!, {r1, r4, r5}
    150e:	c232      	stmia	r2!, {r1, r4, r5}
    1510:	cb32      	ldmia	r3!, {r1, r4, r5}
    1512:	c232      	stmia	r2!, {r1, r4, r5}
    1514:	cb12      	ldmia	r3!, {r1, r4}
    1516:	c212      	stmia	r2!, {r1, r4}

	/* Find index for TC instance. */
	for (uint32_t i = 0; i < TC_INST_NUM; i++) {
		if (hw == tc_modules[i]) {
    1518:	9b00      	ldr	r3, [sp, #0]
    151a:	4298      	cmp	r0, r3
    151c:	d00b      	beq.n	1536 <_tc_get_inst_index+0x32>
    151e:	2301      	movs	r3, #1
    1520:	009a      	lsls	r2, r3, #2
    1522:	4669      	mov	r1, sp
    1524:	5852      	ldr	r2, [r2, r1]
    1526:	4282      	cmp	r2, r0
    1528:	d006      	beq.n	1538 <_tc_get_inst_index+0x34>
	for (uint32_t i = 0; i < TC_INST_NUM; i++) {
    152a:	3301      	adds	r3, #1
    152c:	2b08      	cmp	r3, #8
    152e:	d1f7      	bne.n	1520 <_tc_get_inst_index+0x1c>
		}
	}

	/* Invalid data given. */
	Assert(false);
	return 0;
    1530:	2000      	movs	r0, #0
}
    1532:	b009      	add	sp, #36	; 0x24
    1534:	bd30      	pop	{r4, r5, pc}
	for (uint32_t i = 0; i < TC_INST_NUM; i++) {
    1536:	2300      	movs	r3, #0
			return i;
    1538:	b2d8      	uxtb	r0, r3
    153a:	e7fa      	b.n	1532 <_tc_get_inst_index+0x2e>
    153c:	00003700 	.word	0x00003700

00001540 <tc_init>:
 */
enum status_code tc_init(
		struct tc_module *const module_inst,
		Tc *const hw,
		const struct tc_config *const config)
{
    1540:	b5f0      	push	{r4, r5, r6, r7, lr}
    1542:	46c6      	mov	lr, r8
    1544:	b500      	push	{lr}
    1546:	b088      	sub	sp, #32
    1548:	0004      	movs	r4, r0
    154a:	000d      	movs	r5, r1
    154c:	0016      	movs	r6, r2
	uint8_t ctrlbset_tmp = 0;
	/* Temporary variable to hold all updates to the CTRLC
	 * register before they are written to it */
	uint8_t ctrlc_tmp = 0;
	/* Temporary variable to hold TC instance number */
	uint8_t instance = _tc_get_inst_index(hw);
    154e:	0008      	movs	r0, r1
    1550:	4b8b      	ldr	r3, [pc, #556]	; (1780 <tc_init+0x240>)
    1552:	4798      	blx	r3
    1554:	4680      	mov	r8, r0

	/* Array of GLCK ID for different TC instances */
	uint8_t inst_gclk_id[] = TC_INST_GCLK_ID;
    1556:	ab06      	add	r3, sp, #24
    1558:	2213      	movs	r2, #19
    155a:	701a      	strb	r2, [r3, #0]
    155c:	705a      	strb	r2, [r3, #1]
    155e:	3201      	adds	r2, #1
    1560:	709a      	strb	r2, [r3, #2]
    1562:	70da      	strb	r2, [r3, #3]
    1564:	3201      	adds	r2, #1
    1566:	711a      	strb	r2, [r3, #4]
    1568:	715a      	strb	r2, [r3, #5]
    156a:	3201      	adds	r2, #1
    156c:	719a      	strb	r2, [r3, #6]
    156e:	71da      	strb	r2, [r3, #7]
	/* Array of PM APBC mask bit position for different TC instances */
	uint16_t inst_pm_apbmask[] = TC_INST_PM_APBCMASK;
    1570:	aa02      	add	r2, sp, #8
    1572:	4b84      	ldr	r3, [pc, #528]	; (1784 <tc_init+0x244>)
    1574:	3320      	adds	r3, #32
    1576:	cb83      	ldmia	r3!, {r0, r1, r7}
    1578:	c283      	stmia	r2!, {r0, r1, r7}
    157a:	681b      	ldr	r3, [r3, #0]
    157c:	6013      	str	r3, [r2, #0]
	struct system_gclk_chan_config gclk_chan_config;

#if TC_ASYNC == true
	/* Initialize parameters */
	for (uint8_t i = 0; i < TC_CALLBACK_N; i++) {
		module_inst->callback[i]        = NULL;
    157e:	2300      	movs	r3, #0
    1580:	60a3      	str	r3, [r4, #8]
    1582:	60e3      	str	r3, [r4, #12]
    1584:	6123      	str	r3, [r4, #16]
    1586:	6163      	str	r3, [r4, #20]
	}
	module_inst->register_callback_mask     = 0x00;
    1588:	7623      	strb	r3, [r4, #24]
	module_inst->enable_callback_mask       = 0x00;
    158a:	7663      	strb	r3, [r4, #25]

	/* Register this instance for callbacks*/
	_tc_instances[instance] = module_inst;
    158c:	4643      	mov	r3, r8
    158e:	009a      	lsls	r2, r3, #2
    1590:	4b7d      	ldr	r3, [pc, #500]	; (1788 <tc_init+0x248>)
    1592:	50d4      	str	r4, [r2, r3]
#endif

	/* Associate the given device instance with the hardware module */
	module_inst->hw = hw;
    1594:	6025      	str	r5, [r4, #0]
#else
	/* Check if odd numbered TC modules are being configured in 32-bit
	 * counter size. Only even numbered counters are allowed to be
	 * configured in 32-bit counter size.
	 */
	if ((config->counter_size == TC_COUNTER_SIZE_32BIT) &&
    1596:	78b3      	ldrb	r3, [r6, #2]
    1598:	2b08      	cmp	r3, #8
    159a:	d008      	beq.n	15ae <tc_init+0x6e>
#endif

	/* Make the counter size variable in the module_inst struct reflect
	 * the counter size in the module
	 */
	module_inst->counter_size = config->counter_size;
    159c:	7123      	strb	r3, [r4, #4]

	if (hw->COUNT8.CTRLA.reg & TC_CTRLA_SWRST) {
    159e:	882b      	ldrh	r3, [r5, #0]
		/* We are in the middle of a reset. Abort. */
		return STATUS_BUSY;
    15a0:	2005      	movs	r0, #5
	if (hw->COUNT8.CTRLA.reg & TC_CTRLA_SWRST) {
    15a2:	07db      	lsls	r3, r3, #31
    15a4:	d508      	bpl.n	15b8 <tc_init+0x78>
			return STATUS_OK;
	}

	Assert(false);
	return STATUS_ERR_INVALID_ARG;
}
    15a6:	b008      	add	sp, #32
    15a8:	bc04      	pop	{r2}
    15aa:	4690      	mov	r8, r2
    15ac:	bdf0      	pop	{r4, r5, r6, r7, pc}
		return STATUS_ERR_INVALID_ARG;
    15ae:	2017      	movs	r0, #23
	if ((config->counter_size == TC_COUNTER_SIZE_32BIT) &&
    15b0:	4642      	mov	r2, r8
    15b2:	07d2      	lsls	r2, r2, #31
    15b4:	d4f7      	bmi.n	15a6 <tc_init+0x66>
    15b6:	e7f1      	b.n	159c <tc_init+0x5c>
	if (hw->COUNT8.STATUS.reg & TC_STATUS_SLAVE) {
    15b8:	7beb      	ldrb	r3, [r5, #15]
		return STATUS_ERR_DENIED;
    15ba:	3017      	adds	r0, #23
	if (hw->COUNT8.STATUS.reg & TC_STATUS_SLAVE) {
    15bc:	06db      	lsls	r3, r3, #27
    15be:	d4f2      	bmi.n	15a6 <tc_init+0x66>
	if (hw->COUNT8.CTRLA.reg & TC_CTRLA_ENABLE) {
    15c0:	882b      	ldrh	r3, [r5, #0]
    15c2:	079b      	lsls	r3, r3, #30
    15c4:	d4ef      	bmi.n	15a6 <tc_init+0x66>
	if (config->pwm_channel[0].enabled) {
    15c6:	7c33      	ldrb	r3, [r6, #16]
    15c8:	2b00      	cmp	r3, #0
    15ca:	d000      	beq.n	15ce <tc_init+0x8e>
    15cc:	e07c      	b.n	16c8 <tc_init+0x188>
	if (config->pwm_channel[1].enabled) {
    15ce:	7f33      	ldrb	r3, [r6, #28]
    15d0:	2b00      	cmp	r3, #0
    15d2:	d000      	beq.n	15d6 <tc_init+0x96>
    15d4:	e084      	b.n	16e0 <tc_init+0x1a0>
    15d6:	496d      	ldr	r1, [pc, #436]	; (178c <tc_init+0x24c>)
    15d8:	6a08      	ldr	r0, [r1, #32]
			inst_pm_apbmask[instance]);
    15da:	4643      	mov	r3, r8
    15dc:	005a      	lsls	r2, r3, #1
	system_apb_clock_set_mask(SYSTEM_CLOCK_APB_APBC,
    15de:	ab02      	add	r3, sp, #8
    15e0:	5ad3      	ldrh	r3, [r2, r3]
    15e2:	4303      	orrs	r3, r0
    15e4:	620b      	str	r3, [r1, #32]
	if ((config->counter_size == TC_COUNTER_SIZE_32BIT))
    15e6:	78b3      	ldrb	r3, [r6, #2]
    15e8:	2b08      	cmp	r3, #8
    15ea:	d100      	bne.n	15ee <tc_init+0xae>
    15ec:	e088      	b.n	1700 <tc_init+0x1c0>
	gclk_chan_config.source_generator = config->clock_source;
    15ee:	7833      	ldrb	r3, [r6, #0]
    15f0:	466a      	mov	r2, sp
    15f2:	7013      	strb	r3, [r2, #0]
	system_gclk_chan_set_config(inst_gclk_id[instance], &gclk_chan_config);
    15f4:	ab06      	add	r3, sp, #24
    15f6:	4642      	mov	r2, r8
    15f8:	5c9f      	ldrb	r7, [r3, r2]
    15fa:	4669      	mov	r1, sp
    15fc:	0038      	movs	r0, r7
    15fe:	4b64      	ldr	r3, [pc, #400]	; (1790 <tc_init+0x250>)
    1600:	4798      	blx	r3
	system_gclk_chan_enable(inst_gclk_id[instance]);
    1602:	0038      	movs	r0, r7
    1604:	4b63      	ldr	r3, [pc, #396]	; (1794 <tc_init+0x254>)
    1606:	4798      	blx	r3
	ctrla_tmp =
    1608:	8931      	ldrh	r1, [r6, #8]
    160a:	88b3      	ldrh	r3, [r6, #4]
    160c:	430b      	orrs	r3, r1
			(uint32_t)config->wave_generation |
    160e:	78b1      	ldrb	r1, [r6, #2]
    1610:	79b2      	ldrb	r2, [r6, #6]
    1612:	4311      	orrs	r1, r2
	ctrla_tmp =
    1614:	4319      	orrs	r1, r3
	if (config->run_in_standby) {
    1616:	7873      	ldrb	r3, [r6, #1]
    1618:	2b00      	cmp	r3, #0
    161a:	d002      	beq.n	1622 <tc_init+0xe2>
		ctrla_tmp |= TC_CTRLA_RUNSTDBY;
    161c:	2380      	movs	r3, #128	; 0x80
    161e:	011b      	lsls	r3, r3, #4
    1620:	4319      	orrs	r1, r3
	/* Sanity check arguments */
	Assert(module_inst);
	Assert(module_inst->hw);

	/* Get a pointer to the module's hardware instance */
	TcCount8 *const tc_module = &(module_inst->hw->COUNT8);
    1622:	6822      	ldr	r2, [r4, #0]

#if (SAML21) || (SAML22) || (SAMC20) || (SAMC21) || (SAMR30) || (SAMR34) || (SAMR35) || (WLR089)
	return (tc_module->SYNCBUSY.reg);
#else
	return (tc_module->STATUS.reg & TC_STATUS_SYNCBUSY);
    1624:	7bd3      	ldrb	r3, [r2, #15]
	while (tc_is_syncing(module_inst)) {
    1626:	b25b      	sxtb	r3, r3
    1628:	2b00      	cmp	r3, #0
    162a:	dbfb      	blt.n	1624 <tc_init+0xe4>
	hw->COUNT8.CTRLA.reg = ctrla_tmp;
    162c:	8029      	strh	r1, [r5, #0]
	if (config->oneshot) {
    162e:	7b71      	ldrb	r1, [r6, #13]
		ctrlbset_tmp = TC_CTRLBSET_ONESHOT;
    1630:	1e4b      	subs	r3, r1, #1
    1632:	4199      	sbcs	r1, r3
    1634:	0089      	lsls	r1, r1, #2
	if (config->count_direction) {
    1636:	7bb3      	ldrb	r3, [r6, #14]
    1638:	2b00      	cmp	r3, #0
    163a:	d001      	beq.n	1640 <tc_init+0x100>
		ctrlbset_tmp |= TC_CTRLBSET_DIR;
    163c:	2301      	movs	r3, #1
    163e:	4319      	orrs	r1, r3
	TcCount8 *const tc_module = &(module_inst->hw->COUNT8);
    1640:	6822      	ldr	r2, [r4, #0]
	return (tc_module->STATUS.reg & TC_STATUS_SYNCBUSY);
    1642:	7bd3      	ldrb	r3, [r2, #15]
	while (tc_is_syncing(module_inst)) {
    1644:	b25b      	sxtb	r3, r3
    1646:	2b00      	cmp	r3, #0
    1648:	dbfb      	blt.n	1642 <tc_init+0x102>
	hw->COUNT8.CTRLBCLR.reg = 0xFF;
    164a:	23ff      	movs	r3, #255	; 0xff
    164c:	712b      	strb	r3, [r5, #4]
	if (ctrlbset_tmp) {
    164e:	2900      	cmp	r1, #0
    1650:	d005      	beq.n	165e <tc_init+0x11e>
	TcCount8 *const tc_module = &(module_inst->hw->COUNT8);
    1652:	6822      	ldr	r2, [r4, #0]
	return (tc_module->STATUS.reg & TC_STATUS_SYNCBUSY);
    1654:	7bd3      	ldrb	r3, [r2, #15]
		while (tc_is_syncing(module_inst)) {
    1656:	b25b      	sxtb	r3, r3
    1658:	2b00      	cmp	r3, #0
    165a:	dbfb      	blt.n	1654 <tc_init+0x114>
		hw->COUNT8.CTRLBSET.reg = ctrlbset_tmp;
    165c:	7169      	strb	r1, [r5, #5]
	ctrlc_tmp = config->waveform_invert_output;
    165e:	7ab1      	ldrb	r1, [r6, #10]
		if (config->enable_capture_on_channel[i] == true) {
    1660:	7af3      	ldrb	r3, [r6, #11]
    1662:	2b00      	cmp	r3, #0
    1664:	d001      	beq.n	166a <tc_init+0x12a>
			ctrlc_tmp |= (TC_CTRLC_CPTEN(1) << i);
    1666:	2310      	movs	r3, #16
    1668:	4319      	orrs	r1, r3
		if (config->enable_capture_on_channel[i] == true) {
    166a:	7b33      	ldrb	r3, [r6, #12]
    166c:	2b00      	cmp	r3, #0
    166e:	d001      	beq.n	1674 <tc_init+0x134>
			ctrlc_tmp |= (TC_CTRLC_CPTEN(1) << i);
    1670:	2320      	movs	r3, #32
    1672:	4319      	orrs	r1, r3
	TcCount8 *const tc_module = &(module_inst->hw->COUNT8);
    1674:	6822      	ldr	r2, [r4, #0]
	return (tc_module->STATUS.reg & TC_STATUS_SYNCBUSY);
    1676:	7bd3      	ldrb	r3, [r2, #15]
	while (tc_is_syncing(module_inst)) {
    1678:	b25b      	sxtb	r3, r3
    167a:	2b00      	cmp	r3, #0
    167c:	dbfb      	blt.n	1676 <tc_init+0x136>
	hw->COUNT8.CTRLC.reg = ctrlc_tmp;
    167e:	71a9      	strb	r1, [r5, #6]
	TcCount8 *const tc_module = &(module_inst->hw->COUNT8);
    1680:	6822      	ldr	r2, [r4, #0]
	return (tc_module->STATUS.reg & TC_STATUS_SYNCBUSY);
    1682:	7bd3      	ldrb	r3, [r2, #15]
	while (tc_is_syncing(module_inst)) {
    1684:	b25b      	sxtb	r3, r3
    1686:	2b00      	cmp	r3, #0
    1688:	dbfb      	blt.n	1682 <tc_init+0x142>
	switch (module_inst->counter_size) {
    168a:	7923      	ldrb	r3, [r4, #4]
    168c:	2b04      	cmp	r3, #4
    168e:	d040      	beq.n	1712 <tc_init+0x1d2>
    1690:	2b08      	cmp	r3, #8
    1692:	d05f      	beq.n	1754 <tc_init+0x214>
	return STATUS_ERR_INVALID_ARG;
    1694:	2017      	movs	r0, #23
	switch (module_inst->counter_size) {
    1696:	2b00      	cmp	r3, #0
    1698:	d000      	beq.n	169c <tc_init+0x15c>
    169a:	e784      	b.n	15a6 <tc_init+0x66>
    169c:	7bd3      	ldrb	r3, [r2, #15]
			while (tc_is_syncing(module_inst)) {
    169e:	b25b      	sxtb	r3, r3
    16a0:	2b00      	cmp	r3, #0
    16a2:	dbfb      	blt.n	169c <tc_init+0x15c>
				= config->counter_16_bit.value;
    16a4:	8d33      	ldrh	r3, [r6, #40]	; 0x28
    16a6:	822b      	strh	r3, [r5, #16]
	TcCount8 *const tc_module = &(module_inst->hw->COUNT8);
    16a8:	6822      	ldr	r2, [r4, #0]
	return (tc_module->STATUS.reg & TC_STATUS_SYNCBUSY);
    16aa:	7bd3      	ldrb	r3, [r2, #15]
			while (tc_is_syncing(module_inst)) {
    16ac:	b25b      	sxtb	r3, r3
    16ae:	2b00      	cmp	r3, #0
    16b0:	dbfb      	blt.n	16aa <tc_init+0x16a>
					config->counter_16_bit.compare_capture_channel[0];
    16b2:	8d73      	ldrh	r3, [r6, #42]	; 0x2a
			hw->COUNT16.CC[0].reg =
    16b4:	832b      	strh	r3, [r5, #24]
	TcCount8 *const tc_module = &(module_inst->hw->COUNT8);
    16b6:	6822      	ldr	r2, [r4, #0]
	return (tc_module->STATUS.reg & TC_STATUS_SYNCBUSY);
    16b8:	7bd3      	ldrb	r3, [r2, #15]
			while (tc_is_syncing(module_inst)) {
    16ba:	b25b      	sxtb	r3, r3
    16bc:	2b00      	cmp	r3, #0
    16be:	dbfb      	blt.n	16b8 <tc_init+0x178>
					config->counter_16_bit.compare_capture_channel[1];
    16c0:	8db3      	ldrh	r3, [r6, #44]	; 0x2c
			hw->COUNT16.CC[1].reg =
    16c2:	836b      	strh	r3, [r5, #26]
			return STATUS_OK;
    16c4:	2000      	movs	r0, #0
    16c6:	e76e      	b.n	15a6 <tc_init+0x66>
	config->input_pull   = SYSTEM_PINMUX_PIN_PULL_UP;
    16c8:	a901      	add	r1, sp, #4
    16ca:	2301      	movs	r3, #1
    16cc:	708b      	strb	r3, [r1, #2]
	config->powersave    = false;
    16ce:	2200      	movs	r2, #0
    16d0:	70ca      	strb	r2, [r1, #3]
		pin_config.mux_position = config->pwm_channel[0].pin_mux;
    16d2:	7e32      	ldrb	r2, [r6, #24]
    16d4:	700a      	strb	r2, [r1, #0]
		pin_config.direction = SYSTEM_PINMUX_PIN_DIR_OUTPUT;
    16d6:	704b      	strb	r3, [r1, #1]
		system_pinmux_pin_set_config(
    16d8:	7d30      	ldrb	r0, [r6, #20]
    16da:	4b2f      	ldr	r3, [pc, #188]	; (1798 <tc_init+0x258>)
    16dc:	4798      	blx	r3
    16de:	e776      	b.n	15ce <tc_init+0x8e>
	config->input_pull   = SYSTEM_PINMUX_PIN_PULL_UP;
    16e0:	a901      	add	r1, sp, #4
    16e2:	2301      	movs	r3, #1
    16e4:	708b      	strb	r3, [r1, #2]
	config->powersave    = false;
    16e6:	2200      	movs	r2, #0
    16e8:	70ca      	strb	r2, [r1, #3]
		pin_config.mux_position = config->pwm_channel[1].pin_mux;
    16ea:	3224      	adds	r2, #36	; 0x24
    16ec:	18b2      	adds	r2, r6, r2
    16ee:	7812      	ldrb	r2, [r2, #0]
    16f0:	700a      	strb	r2, [r1, #0]
		pin_config.direction = SYSTEM_PINMUX_PIN_DIR_OUTPUT;
    16f2:	704b      	strb	r3, [r1, #1]
		system_pinmux_pin_set_config(
    16f4:	331f      	adds	r3, #31
    16f6:	18f3      	adds	r3, r6, r3
    16f8:	7818      	ldrb	r0, [r3, #0]
    16fa:	4b27      	ldr	r3, [pc, #156]	; (1798 <tc_init+0x258>)
    16fc:	4798      	blx	r3
    16fe:	e76a      	b.n	15d6 <tc_init+0x96>
    1700:	6a08      	ldr	r0, [r1, #32]
				inst_pm_apbmask[instance + 1]);
    1702:	4643      	mov	r3, r8
    1704:	1c5a      	adds	r2, r3, #1
    1706:	0052      	lsls	r2, r2, #1
		system_apb_clock_set_mask(SYSTEM_CLOCK_APB_APBC,
    1708:	ab02      	add	r3, sp, #8
    170a:	5ad3      	ldrh	r3, [r2, r3]
    170c:	4303      	orrs	r3, r0
    170e:	620b      	str	r3, [r1, #32]
    1710:	e76d      	b.n	15ee <tc_init+0xae>
    1712:	7bd3      	ldrb	r3, [r2, #15]
			while (tc_is_syncing(module_inst)) {
    1714:	b25b      	sxtb	r3, r3
    1716:	2b00      	cmp	r3, #0
    1718:	dbfb      	blt.n	1712 <tc_init+0x1d2>
					config->counter_8_bit.value;
    171a:	2328      	movs	r3, #40	; 0x28
    171c:	5cf3      	ldrb	r3, [r6, r3]
			hw->COUNT8.COUNT.reg =
    171e:	742b      	strb	r3, [r5, #16]
	TcCount8 *const tc_module = &(module_inst->hw->COUNT8);
    1720:	6822      	ldr	r2, [r4, #0]
	return (tc_module->STATUS.reg & TC_STATUS_SYNCBUSY);
    1722:	7bd3      	ldrb	r3, [r2, #15]
			while (tc_is_syncing(module_inst)) {
    1724:	b25b      	sxtb	r3, r3
    1726:	2b00      	cmp	r3, #0
    1728:	dbfb      	blt.n	1722 <tc_init+0x1e2>
					config->counter_8_bit.period;
    172a:	2329      	movs	r3, #41	; 0x29
    172c:	5cf3      	ldrb	r3, [r6, r3]
			hw->COUNT8.PER.reg =
    172e:	752b      	strb	r3, [r5, #20]
	TcCount8 *const tc_module = &(module_inst->hw->COUNT8);
    1730:	6822      	ldr	r2, [r4, #0]
	return (tc_module->STATUS.reg & TC_STATUS_SYNCBUSY);
    1732:	7bd3      	ldrb	r3, [r2, #15]
			while (tc_is_syncing(module_inst)) {
    1734:	b25b      	sxtb	r3, r3
    1736:	2b00      	cmp	r3, #0
    1738:	dbfb      	blt.n	1732 <tc_init+0x1f2>
					config->counter_8_bit.compare_capture_channel[0];
    173a:	232a      	movs	r3, #42	; 0x2a
    173c:	5cf3      	ldrb	r3, [r6, r3]
			hw->COUNT8.CC[0].reg =
    173e:	762b      	strb	r3, [r5, #24]
	TcCount8 *const tc_module = &(module_inst->hw->COUNT8);
    1740:	6822      	ldr	r2, [r4, #0]
	return (tc_module->STATUS.reg & TC_STATUS_SYNCBUSY);
    1742:	7bd3      	ldrb	r3, [r2, #15]
			while (tc_is_syncing(module_inst)) {
    1744:	b25b      	sxtb	r3, r3
    1746:	2b00      	cmp	r3, #0
    1748:	dbfb      	blt.n	1742 <tc_init+0x202>
					config->counter_8_bit.compare_capture_channel[1];
    174a:	232b      	movs	r3, #43	; 0x2b
    174c:	5cf3      	ldrb	r3, [r6, r3]
			hw->COUNT8.CC[1].reg =
    174e:	766b      	strb	r3, [r5, #25]
			return STATUS_OK;
    1750:	2000      	movs	r0, #0
    1752:	e728      	b.n	15a6 <tc_init+0x66>
    1754:	7bd3      	ldrb	r3, [r2, #15]
			while (tc_is_syncing(module_inst)) {
    1756:	b25b      	sxtb	r3, r3
    1758:	2b00      	cmp	r3, #0
    175a:	dbfb      	blt.n	1754 <tc_init+0x214>
				= config->counter_32_bit.value;
    175c:	6ab3      	ldr	r3, [r6, #40]	; 0x28
    175e:	612b      	str	r3, [r5, #16]
	TcCount8 *const tc_module = &(module_inst->hw->COUNT8);
    1760:	6822      	ldr	r2, [r4, #0]
	return (tc_module->STATUS.reg & TC_STATUS_SYNCBUSY);
    1762:	7bd3      	ldrb	r3, [r2, #15]
			while (tc_is_syncing(module_inst)) {
    1764:	b25b      	sxtb	r3, r3
    1766:	2b00      	cmp	r3, #0
    1768:	dbfb      	blt.n	1762 <tc_init+0x222>
			hw->COUNT32.CC[0].reg =
    176a:	6af3      	ldr	r3, [r6, #44]	; 0x2c
    176c:	61ab      	str	r3, [r5, #24]
	TcCount8 *const tc_module = &(module_inst->hw->COUNT8);
    176e:	6822      	ldr	r2, [r4, #0]
	return (tc_module->STATUS.reg & TC_STATUS_SYNCBUSY);
    1770:	7bd3      	ldrb	r3, [r2, #15]
			while (tc_is_syncing(module_inst)) {
    1772:	b25b      	sxtb	r3, r3
    1774:	2b00      	cmp	r3, #0
    1776:	dbfb      	blt.n	1770 <tc_init+0x230>
					config->counter_32_bit.compare_capture_channel[1];
    1778:	6b33      	ldr	r3, [r6, #48]	; 0x30
			hw->COUNT32.CC[1].reg =
    177a:	61eb      	str	r3, [r5, #28]
			return STATUS_OK;
    177c:	2000      	movs	r0, #0
    177e:	e712      	b.n	15a6 <tc_init+0x66>
    1780:	00001505 	.word	0x00001505
    1784:	00003700 	.word	0x00003700
    1788:	200000b8 	.word	0x200000b8
    178c:	40000400 	.word	0x40000400
    1790:	00002ad9 	.word	0x00002ad9
    1794:	00002a4d 	.word	0x00002a4d
    1798:	00002bd1 	.word	0x00002bd1

0000179c <tc_set_compare_value>:
 */
enum status_code tc_set_compare_value(
		const struct tc_module *const module_inst,
		const enum tc_compare_capture_channel channel_index,
		const uint32_t compare)
{
    179c:	b510      	push	{r4, lr}
	/* Sanity check arguments */
	Assert(module_inst);
	Assert(module_inst->hw);

	/* Get a pointer to the module's hardware instance */
	Tc *const tc_module = module_inst->hw;
    179e:	6804      	ldr	r4, [r0, #0]
    17a0:	7be3      	ldrb	r3, [r4, #15]

	while (tc_is_syncing(module_inst)) {
    17a2:	b25b      	sxtb	r3, r3
    17a4:	2b00      	cmp	r3, #0
    17a6:	dbfb      	blt.n	17a0 <tc_set_compare_value+0x4>
		/* Wait for sync */
	}

	/* Read out based on the TC counter size */
	switch (module_inst->counter_size) {
    17a8:	7903      	ldrb	r3, [r0, #4]
    17aa:	2b04      	cmp	r3, #4
    17ac:	d005      	beq.n	17ba <tc_set_compare_value+0x1e>
    17ae:	2b08      	cmp	r3, #8
    17b0:	d014      	beq.n	17dc <tc_set_compare_value+0x40>
						(uint32_t)compare;
				return STATUS_OK;
			}
	}

	return STATUS_ERR_INVALID_ARG;
    17b2:	2017      	movs	r0, #23
	switch (module_inst->counter_size) {
    17b4:	2b00      	cmp	r3, #0
    17b6:	d008      	beq.n	17ca <tc_set_compare_value+0x2e>
}
    17b8:	bd10      	pop	{r4, pc}
	return STATUS_ERR_INVALID_ARG;
    17ba:	2017      	movs	r0, #23
			if (channel_index <
    17bc:	2901      	cmp	r1, #1
    17be:	d8fb      	bhi.n	17b8 <tc_set_compare_value+0x1c>
						(uint8_t)compare;
    17c0:	b2d2      	uxtb	r2, r2
				tc_module->COUNT8.CC[channel_index].reg  =
    17c2:	1861      	adds	r1, r4, r1
    17c4:	760a      	strb	r2, [r1, #24]
				return STATUS_OK;
    17c6:	2000      	movs	r0, #0
    17c8:	e7f6      	b.n	17b8 <tc_set_compare_value+0x1c>
	return STATUS_ERR_INVALID_ARG;
    17ca:	2017      	movs	r0, #23
			if (channel_index <
    17cc:	2901      	cmp	r1, #1
    17ce:	d8f3      	bhi.n	17b8 <tc_set_compare_value+0x1c>
						(uint16_t)compare;
    17d0:	b292      	uxth	r2, r2
				tc_module->COUNT16.CC[channel_index].reg =
    17d2:	310c      	adds	r1, #12
    17d4:	0049      	lsls	r1, r1, #1
    17d6:	530a      	strh	r2, [r1, r4]
				return STATUS_OK;
    17d8:	2000      	movs	r0, #0
    17da:	e7ed      	b.n	17b8 <tc_set_compare_value+0x1c>
	return STATUS_ERR_INVALID_ARG;
    17dc:	2017      	movs	r0, #23
			if (channel_index <
    17de:	2901      	cmp	r1, #1
    17e0:	d8ea      	bhi.n	17b8 <tc_set_compare_value+0x1c>
				tc_module->COUNT32.CC[channel_index].reg =
    17e2:	3106      	adds	r1, #6
    17e4:	0089      	lsls	r1, r1, #2
    17e6:	510a      	str	r2, [r1, r4]
				return STATUS_OK;
    17e8:	2000      	movs	r0, #0
    17ea:	e7e5      	b.n	17b8 <tc_set_compare_value+0x1c>

000017ec <drv_ctrl_write_cmd>:
    /* 
	 * @brief: Pure SPI write function.
     * @param: register adress size = one byte
     * @param: data size = two byte
	 */
static void drv_ctrl_write_cmd(uint8_t adress, uint16_t data) {
    17ec:	b530      	push	{r4, r5, lr}
    17ee:	b083      	sub	sp, #12
    17f0:	0004      	movs	r4, r0
    17f2:	000d      	movs	r5, r1

    #if LOGS == 2
    rprintf("LOG: transmit: %d to adress: %d\r\n", data, adress);
    17f4:	0002      	movs	r2, r0
    17f6:	4809      	ldr	r0, [pc, #36]	; (181c <drv_ctrl_write_cmd+0x30>)
    17f8:	4b09      	ldr	r3, [pc, #36]	; (1820 <drv_ctrl_write_cmd+0x34>)
    17fa:	4798      	blx	r3
    #endif
	
	uint8_t transfer_data_buffer[] = {((adress << 4)|(data >> 8)), (data & 0xFF)};
    17fc:	a901      	add	r1, sp, #4
    17fe:	0124      	lsls	r4, r4, #4
    1800:	0a2b      	lsrs	r3, r5, #8
    1802:	431c      	orrs	r4, r3
    1804:	700c      	strb	r4, [r1, #0]
    1806:	704d      	strb	r5, [r1, #1]
	PortGroup *const port_base = port_get_group_from_gpio_pin(gpio_pin);
	uint32_t pin_mask  = (1UL << (gpio_pin % 32));

	/* Set the pin to high or low atomically based on the requested level */
	if (level) {
		port_base->OUTSET.reg = pin_mask;
    1808:	4c06      	ldr	r4, [pc, #24]	; (1824 <drv_ctrl_write_cmd+0x38>)
    180a:	2540      	movs	r5, #64	; 0x40
    180c:	61a5      	str	r5, [r4, #24]
	
	port_pin_set_output_level(MOTOR_CONTROLLER_SS_PIN, true);
	spi_write_buffer_wait(&gSpiMasterInstance, transfer_data_buffer, 2);
    180e:	2202      	movs	r2, #2
    1810:	4805      	ldr	r0, [pc, #20]	; (1828 <drv_ctrl_write_cmd+0x3c>)
    1812:	4b06      	ldr	r3, [pc, #24]	; (182c <drv_ctrl_write_cmd+0x40>)
    1814:	4798      	blx	r3
	} else {
		port_base->OUTCLR.reg = pin_mask;
    1816:	6165      	str	r5, [r4, #20]
	port_pin_set_output_level(MOTOR_CONTROLLER_SS_PIN, false);
}
    1818:	b003      	add	sp, #12
    181a:	bd30      	pop	{r4, r5, pc}
    181c:	000037e8 	.word	0x000037e8
    1820:	00002199 	.word	0x00002199
    1824:	41004480 	.word	0x41004480
    1828:	20000140 	.word	0x20000140
    182c:	00000d31 	.word	0x00000d31

00001830 <drv_ctrl_write_ctrl>:
    /*
	 * Following private functions writes to one designated register. The functions are using the local configuration struct
	 * to prevent overwriting of previous values.
	 */

static void drv_ctrl_write_ctrl(){
    1830:	b510      	push	{r4, lr}
	
	drv_ctrl_write_cmd(CTRL_REG,
	sDrvConfig.direction_set |
    1832:	4b08      	ldr	r3, [pc, #32]	; (1854 <drv_ctrl_write_ctrl+0x24>)
	sDrvConfig.enable |
	sDrvConfig.step_mode |
	sDrvConfig.stall_detect |
    1834:	7899      	ldrb	r1, [r3, #2]
    1836:	781a      	ldrb	r2, [r3, #0]
    1838:	4311      	orrs	r1, r2
    183a:	78da      	ldrb	r2, [r3, #3]
    183c:	4311      	orrs	r1, r2
    183e:	791a      	ldrb	r2, [r3, #4]
    1840:	4311      	orrs	r1, r2
    1842:	88da      	ldrh	r2, [r3, #6]
    1844:	4311      	orrs	r1, r2
	sDrvConfig.isense_gain |
    1846:	891b      	ldrh	r3, [r3, #8]
	drv_ctrl_write_cmd(CTRL_REG,
    1848:	4319      	orrs	r1, r3
    184a:	2000      	movs	r0, #0
    184c:	4b02      	ldr	r3, [pc, #8]	; (1858 <drv_ctrl_write_ctrl+0x28>)
    184e:	4798      	blx	r3
	sDrvConfig.dead_time_insert);
	
}
    1850:	bd10      	pop	{r4, pc}
    1852:	46c0      	nop			; (mov r8, r8)
    1854:	20000048 	.word	0x20000048
    1858:	000017ed 	.word	0x000017ed

0000185c <drv_ctrl_write_torque>:

static void drv_ctrl_write_torque(){
    185c:	b510      	push	{r4, lr}
	
	drv_ctrl_write_cmd(TORQUE_REG,
	sDrvConfig.drv_torque |
    185e:	4b04      	ldr	r3, [pc, #16]	; (1870 <drv_ctrl_write_torque+0x14>)
    1860:	7a99      	ldrb	r1, [r3, #10]
	drv_ctrl_write_cmd(TORQUE_REG,
    1862:	899b      	ldrh	r3, [r3, #12]
    1864:	4319      	orrs	r1, r3
    1866:	2001      	movs	r0, #1
    1868:	4b02      	ldr	r3, [pc, #8]	; (1874 <drv_ctrl_write_torque+0x18>)
    186a:	4798      	blx	r3
	sDrvConfig.backemf_sample_th);
	
}
    186c:	bd10      	pop	{r4, pc}
    186e:	46c0      	nop			; (mov r8, r8)
    1870:	20000048 	.word	0x20000048
    1874:	000017ed 	.word	0x000017ed

00001878 <drv_ctrl_set_ramp_params>:
        sPulsePeriod -= 5;
        drv_ctrl_set_period();
    }
}

static void drv_ctrl_set_ramp_params(uint16_t startPeriod, uint16_t targetPeriod){
    1878:	b5f8      	push	{r3, r4, r5, r6, r7, lr}
    sPulsePeriod = startPeriod;
    187a:	4c0c      	ldr	r4, [pc, #48]	; (18ac <drv_ctrl_set_ramp_params+0x34>)
    187c:	8020      	strh	r0, [r4, #0]
    sTargetPeriod = targetPeriod;
    187e:	4b0c      	ldr	r3, [pc, #48]	; (18b0 <drv_ctrl_set_ramp_params+0x38>)
    1880:	8019      	strh	r1, [r3, #0]
    drv_ctrl_set_period();
}

static inline void drv_ctrl_set_period(){
    
    tc_set_compare_value(&pwm_timer, TC_COMPARE_CAPTURE_CHANNEL_0, PERIOD_TO_CCVAL(sPulsePeriod));
    1882:	8820      	ldrh	r0, [r4, #0]
    1884:	4d0b      	ldr	r5, [pc, #44]	; (18b4 <drv_ctrl_set_ramp_params+0x3c>)
    1886:	4368      	muls	r0, r5
    1888:	4f0b      	ldr	r7, [pc, #44]	; (18b8 <drv_ctrl_set_ramp_params+0x40>)
    188a:	490c      	ldr	r1, [pc, #48]	; (18bc <drv_ctrl_set_ramp_params+0x44>)
    188c:	47b8      	blx	r7
    188e:	0002      	movs	r2, r0
    1890:	2100      	movs	r1, #0
    1892:	480b      	ldr	r0, [pc, #44]	; (18c0 <drv_ctrl_set_ramp_params+0x48>)
    1894:	4e0b      	ldr	r6, [pc, #44]	; (18c4 <drv_ctrl_set_ramp_params+0x4c>)
    1896:	47b0      	blx	r6
    tc_set_compare_value(&pwm_timer, TC_COMPARE_CAPTURE_CHANNEL_1, PERIOD_TO_CCVAL(sPulsePeriod)/PWM_DUTY);
    1898:	8820      	ldrh	r0, [r4, #0]
    189a:	4368      	muls	r0, r5
    189c:	490a      	ldr	r1, [pc, #40]	; (18c8 <drv_ctrl_set_ramp_params+0x50>)
    189e:	47b8      	blx	r7
    18a0:	0002      	movs	r2, r0
    18a2:	2101      	movs	r1, #1
    18a4:	4806      	ldr	r0, [pc, #24]	; (18c0 <drv_ctrl_set_ramp_params+0x48>)
    18a6:	47b0      	blx	r6
}
    18a8:	bdf8      	pop	{r3, r4, r5, r6, r7, pc}
    18aa:	46c0      	nop			; (mov r8, r8)
    18ac:	2000006e 	.word	0x2000006e
    18b0:	20000072 	.word	0x20000072
    18b4:	0001e848 	.word	0x0001e848
    18b8:	00003219 	.word	0x00003219
    18bc:	000f4240 	.word	0x000f4240
    18c0:	20000124 	.word	0x20000124
    18c4:	0000179d 	.word	0x0000179d
    18c8:	001e8480 	.word	0x001e8480

000018cc <drv_ctrl_init>:
void drv_ctrl_init(Driver_Instance_t * const new_config) {
    18cc:	b570      	push	{r4, r5, r6, lr}
    18ce:	0001      	movs	r1, r0
	sDrvConfig = *new_config;
    18d0:	4c16      	ldr	r4, [pc, #88]	; (192c <drv_ctrl_init+0x60>)
    18d2:	2226      	movs	r2, #38	; 0x26
    18d4:	0020      	movs	r0, r4
    18d6:	4b16      	ldr	r3, [pc, #88]	; (1930 <drv_ctrl_init+0x64>)
    18d8:	4798      	blx	r3
	drv_ctrl_write_ctrl();			
    18da:	4b16      	ldr	r3, [pc, #88]	; (1934 <drv_ctrl_init+0x68>)
    18dc:	4798      	blx	r3
	drv_ctrl_write_torque();			
    18de:	4b16      	ldr	r3, [pc, #88]	; (1938 <drv_ctrl_init+0x6c>)
    18e0:	4798      	blx	r3
    sDrvConfig.drv_toff |
    18e2:	7ba1      	ldrb	r1, [r4, #14]
    drv_ctrl_write_cmd(OFF_REG,
    18e4:	8a23      	ldrh	r3, [r4, #16]
    18e6:	4319      	orrs	r1, r3
    18e8:	2002      	movs	r0, #2
    18ea:	4d14      	ldr	r5, [pc, #80]	; (193c <drv_ctrl_init+0x70>)
    18ec:	47a8      	blx	r5
	sDrvConfig.drv_tblank |
    18ee:	7ca1      	ldrb	r1, [r4, #18]
	drv_ctrl_write_cmd(BLANK_REG,
    18f0:	8aa3      	ldrh	r3, [r4, #20]
    18f2:	4319      	orrs	r1, r3
    18f4:	2003      	movs	r0, #3
    18f6:	47a8      	blx	r5
	drv_ctrl_write_cmd(DECAY_REG,
    18f8:	7da1      	ldrb	r1, [r4, #22]
    18fa:	7de3      	ldrb	r3, [r4, #23]
    18fc:	4319      	orrs	r1, r3
    18fe:	2004      	movs	r0, #4
    1900:	47a8      	blx	r5
	sDrvConfig.drv_sdthr |
    1902:	7e21      	ldrb	r1, [r4, #24]
    1904:	8b63      	ldrh	r3, [r4, #26]
    1906:	4319      	orrs	r1, r3
	sDrvConfig.stall_count |
    1908:	8ba3      	ldrh	r3, [r4, #28]
	drv_ctrl_write_cmd(STALL_REG,
    190a:	4319      	orrs	r1, r3
    190c:	2005      	movs	r0, #5
    190e:	47a8      	blx	r5
	sDrvConfig.hs_drive_time |
    1910:	7fa1      	ldrb	r1, [r4, #30]
    1912:	2320      	movs	r3, #32
    1914:	5ce3      	ldrb	r3, [r4, r3]
    1916:	4319      	orrs	r1, r3
    1918:	2321      	movs	r3, #33	; 0x21
    191a:	5ce3      	ldrb	r3, [r4, r3]
    191c:	4319      	orrs	r1, r3
    191e:	8c63      	ldrh	r3, [r4, #34]	; 0x22
    1920:	4319      	orrs	r1, r3
	sDrvConfig.ls_current |
    1922:	8ca3      	ldrh	r3, [r4, #36]	; 0x24
	drv_ctrl_write_cmd(DRIVE_REG,
    1924:	4319      	orrs	r1, r3
    1926:	2006      	movs	r0, #6
    1928:	47a8      	blx	r5
}
    192a:	bd70      	pop	{r4, r5, r6, pc}
    192c:	20000048 	.word	0x20000048
    1930:	000035a1 	.word	0x000035a1
    1934:	00001831 	.word	0x00001831
    1938:	0000185d 	.word	0x0000185d
    193c:	000017ed 	.word	0x000017ed

00001940 <drv_ctrl_enable>:
void drv_ctrl_enable(){
    1940:	b510      	push	{r4, lr}
    rprintf("LOG: enable driver\r\n");
    1942:	4804      	ldr	r0, [pc, #16]	; (1954 <drv_ctrl_enable+0x14>)
    1944:	4b04      	ldr	r3, [pc, #16]	; (1958 <drv_ctrl_enable+0x18>)
    1946:	4798      	blx	r3
	sDrvConfig.enable = DRV_ENABLE;
    1948:	2201      	movs	r2, #1
    194a:	4b04      	ldr	r3, [pc, #16]	; (195c <drv_ctrl_enable+0x1c>)
    194c:	701a      	strb	r2, [r3, #0]
	drv_ctrl_write_ctrl();
    194e:	4b04      	ldr	r3, [pc, #16]	; (1960 <drv_ctrl_enable+0x20>)
    1950:	4798      	blx	r3
}
    1952:	bd10      	pop	{r4, pc}
    1954:	00003730 	.word	0x00003730
    1958:	00002199 	.word	0x00002199
    195c:	20000048 	.word	0x20000048
    1960:	00001831 	.word	0x00001831

00001964 <drv_ctrl_home>:
void drv_ctrl_home() {
    1964:	b510      	push	{r4, lr}
    rprintf("LOG: home sequence called\r\n");
    1966:	481b      	ldr	r0, [pc, #108]	; (19d4 <drv_ctrl_home+0x70>)
    1968:	4b1b      	ldr	r3, [pc, #108]	; (19d8 <drv_ctrl_home+0x74>)
    196a:	4798      	blx	r3
    sDrvConfig.drv_torque = (150 * torquePercent) / 100;
    196c:	221e      	movs	r2, #30
    196e:	4b1b      	ldr	r3, [pc, #108]	; (19dc <drv_ctrl_home+0x78>)
    1970:	729a      	strb	r2, [r3, #10]
    drv_ctrl_write_torque();
    1972:	4b1b      	ldr	r3, [pc, #108]	; (19e0 <drv_ctrl_home+0x7c>)
    1974:	4798      	blx	r3
	drv_ctrl_set_ramp_params(STEPPER_PULSE_SLOW_PERIOD_ms, STEPPER_PULSE_SLOW_PERIOD_ms);
    1976:	20fa      	movs	r0, #250	; 0xfa
    1978:	00c0      	lsls	r0, r0, #3
    197a:	0001      	movs	r1, r0
    197c:	4b19      	ldr	r3, [pc, #100]	; (19e4 <drv_ctrl_home+0x80>)
    197e:	4798      	blx	r3
    1980:	2280      	movs	r2, #128	; 0x80
    1982:	0352      	lsls	r2, r2, #13
    1984:	4b18      	ldr	r3, [pc, #96]	; (19e8 <drv_ctrl_home+0x84>)
    1986:	615a      	str	r2, [r3, #20]
    sStepcounter = Z_AXIS_MAX_TRAVEL;
    1988:	4a18      	ldr	r2, [pc, #96]	; (19ec <drv_ctrl_home+0x88>)
    198a:	4b19      	ldr	r3, [pc, #100]	; (19f0 <drv_ctrl_home+0x8c>)
    198c:	801a      	strh	r2, [r3, #0]
	/* Sanity check arguments */
	Assert(module_inst);
	Assert(module_inst->hw);

	/* Get a pointer to the module's hardware instance */
	TcCount8 *const tc_module = &(module_inst->hw->COUNT8);
    198e:	4b19      	ldr	r3, [pc, #100]	; (19f4 <drv_ctrl_home+0x90>)
    1990:	681a      	ldr	r2, [r3, #0]
	return (tc_module->STATUS.reg & TC_STATUS_SYNCBUSY);
    1992:	7bd3      	ldrb	r3, [r2, #15]

	while (tc_is_syncing(module_inst)) {
    1994:	b25b      	sxtb	r3, r3
    1996:	2b00      	cmp	r3, #0
    1998:	dbfb      	blt.n	1992 <drv_ctrl_home+0x2e>
		/* Wait for sync */
	}

	/* Make certain that there are no conflicting commands in the register */
	tc_module->CTRLBCLR.reg = TC_CTRLBCLR_CMD_NONE;
    199a:	2300      	movs	r3, #0
    199c:	7113      	strb	r3, [r2, #4]
	return (tc_module->STATUS.reg & TC_STATUS_SYNCBUSY);
    199e:	7bd3      	ldrb	r3, [r2, #15]

	while (tc_is_syncing(module_inst)) {
    19a0:	b25b      	sxtb	r3, r3
    19a2:	2b00      	cmp	r3, #0
    19a4:	dbfb      	blt.n	199e <drv_ctrl_home+0x3a>
		/* Wait for sync */
	}

	/* Write command to execute */
	tc_module->CTRLBSET.reg = TC_CTRLBSET_CMD(TC_CTRLBSET_CMD_RETRIGGER_Val);
    19a6:	2340      	movs	r3, #64	; 0x40
    19a8:	7153      	strb	r3, [r2, #5]
	return (port_base->IN.reg & pin_mask);
    19aa:	480f      	ldr	r0, [pc, #60]	; (19e8 <drv_ctrl_home+0x84>)
    19ac:	2180      	movs	r1, #128	; 0x80
    19ae:	0409      	lsls	r1, r1, #16
    19b0:	6a03      	ldr	r3, [r0, #32]
	while (port_pin_get_input_level(Z_AXIS_ZERO_SWITCH_PIN))
    19b2:	420b      	tst	r3, r1
    19b4:	d1fc      	bne.n	19b0 <drv_ctrl_home+0x4c>
	return (tc_module->STATUS.reg & TC_STATUS_SYNCBUSY);
    19b6:	7bd3      	ldrb	r3, [r2, #15]
	while (tc_is_syncing(module_inst)) {
    19b8:	b25b      	sxtb	r3, r3
    19ba:	2b00      	cmp	r3, #0
    19bc:	dbfb      	blt.n	19b6 <drv_ctrl_home+0x52>
	tc_module->CTRLBSET.reg = TC_CTRLBSET_CMD(TC_CTRLBSET_CMD_STOP_Val);
    19be:	2380      	movs	r3, #128	; 0x80
    19c0:	7153      	strb	r3, [r2, #5]
	sActualPositionSteps = 0;
    19c2:	2200      	movs	r2, #0
    19c4:	4b0c      	ldr	r3, [pc, #48]	; (19f8 <drv_ctrl_home+0x94>)
    19c6:	801a      	strh	r2, [r3, #0]
    sDrvConfig.drv_torque = (150 * torquePercent) / 100;
    19c8:	320f      	adds	r2, #15
    19ca:	4b04      	ldr	r3, [pc, #16]	; (19dc <drv_ctrl_home+0x78>)
    19cc:	729a      	strb	r2, [r3, #10]
    drv_ctrl_write_torque();
    19ce:	4b04      	ldr	r3, [pc, #16]	; (19e0 <drv_ctrl_home+0x7c>)
    19d0:	4798      	blx	r3
}
    19d2:	bd10      	pop	{r4, pc}
    19d4:	00003748 	.word	0x00003748
    19d8:	00002199 	.word	0x00002199
    19dc:	20000048 	.word	0x20000048
    19e0:	0000185d 	.word	0x0000185d
    19e4:	00001879 	.word	0x00001879
    19e8:	41004400 	.word	0x41004400
    19ec:	00002710 	.word	0x00002710
    19f0:	20000070 	.word	0x20000070
    19f4:	20000124 	.word	0x20000124
    19f8:	20000044 	.word	0x20000044

000019fc <drv_ctrl_moveto>:
void drv_ctrl_moveto(uint16_t position_mm) {
    19fc:	b5f8      	push	{r3, r4, r5, r6, r7, lr}
    19fe:	0005      	movs	r5, r0
    rprintf("LOG: move to %d mm\r\n", position_mm);
    1a00:	0001      	movs	r1, r0
    1a02:	482b      	ldr	r0, [pc, #172]	; (1ab0 <drv_ctrl_moveto+0xb4>)
    1a04:	4b2b      	ldr	r3, [pc, #172]	; (1ab4 <drv_ctrl_moveto+0xb8>)
    1a06:	4798      	blx	r3
	if(position_mm > Z_AXIS_MAX_TRAVEL) {
    1a08:	4b2b      	ldr	r3, [pc, #172]	; (1ab8 <drv_ctrl_moveto+0xbc>)
    1a0a:	429d      	cmp	r5, r3
    1a0c:	d846      	bhi.n	1a9c <drv_ctrl_moveto+0xa0>
    sDrvConfig.drv_torque = (150 * torquePercent) / 100;
    1a0e:	2287      	movs	r2, #135	; 0x87
    1a10:	4b2a      	ldr	r3, [pc, #168]	; (1abc <drv_ctrl_moveto+0xc0>)
    1a12:	729a      	strb	r2, [r3, #10]
    drv_ctrl_write_torque();
    1a14:	4b2a      	ldr	r3, [pc, #168]	; (1ac0 <drv_ctrl_moveto+0xc4>)
    1a16:	4798      	blx	r3
	enum direction dir = (sActualPositionSteps > target_steps) ? up : down;
    1a18:	4b2a      	ldr	r3, [pc, #168]	; (1ac4 <drv_ctrl_moveto+0xc8>)
    1a1a:	881c      	ldrh	r4, [r3, #0]
	sStepcounter = abs(sActualPositionSteps - target_steps);
    1a1c:	1b63      	subs	r3, r4, r5
    1a1e:	17da      	asrs	r2, r3, #31
    1a20:	189b      	adds	r3, r3, r2
    1a22:	4053      	eors	r3, r2
    1a24:	b29b      	uxth	r3, r3
    1a26:	4a28      	ldr	r2, [pc, #160]	; (1ac8 <drv_ctrl_moveto+0xcc>)
    1a28:	8013      	strh	r3, [r2, #0]
	    rprintf("LOG: travel %d steps in dir: %d\r\n", sStepcounter, dir);
    1a2a:	8811      	ldrh	r1, [r2, #0]
    1a2c:	b289      	uxth	r1, r1
	enum direction dir = (sActualPositionSteps > target_steps) ? up : down;
    1a2e:	2200      	movs	r2, #0
    1a30:	42a5      	cmp	r5, r4
    1a32:	4152      	adcs	r2, r2
	    rprintf("LOG: travel %d steps in dir: %d\r\n", sStepcounter, dir);
    1a34:	4825      	ldr	r0, [pc, #148]	; (1acc <drv_ctrl_moveto+0xd0>)
    1a36:	4b1f      	ldr	r3, [pc, #124]	; (1ab4 <drv_ctrl_moveto+0xb8>)
    1a38:	4798      	blx	r3
	if (level) {
    1a3a:	42a5      	cmp	r5, r4
    1a3c:	d333      	bcc.n	1aa6 <drv_ctrl_moveto+0xaa>
		port_base->OUTSET.reg = pin_mask;
    1a3e:	2280      	movs	r2, #128	; 0x80
    1a40:	0352      	lsls	r2, r2, #13
    1a42:	4b23      	ldr	r3, [pc, #140]	; (1ad0 <drv_ctrl_moveto+0xd4>)
    1a44:	619a      	str	r2, [r3, #24]
    drv_ctrl_set_ramp_params(STEPPER_PULSE_SLOW_PERIOD_ms, STEPPER_PULSE_PERIOD_ms);
    1a46:	21b4      	movs	r1, #180	; 0xb4
    1a48:	20fa      	movs	r0, #250	; 0xfa
    1a4a:	00c0      	lsls	r0, r0, #3
    1a4c:	4b21      	ldr	r3, [pc, #132]	; (1ad4 <drv_ctrl_moveto+0xd8>)
    1a4e:	4798      	blx	r3
	TcCount8 *const tc_module = &(module_inst->hw->COUNT8);
    1a50:	4b21      	ldr	r3, [pc, #132]	; (1ad8 <drv_ctrl_moveto+0xdc>)
    1a52:	681a      	ldr	r2, [r3, #0]
	return (tc_module->STATUS.reg & TC_STATUS_SYNCBUSY);
    1a54:	7bd3      	ldrb	r3, [r2, #15]
	while (tc_is_syncing(module_inst)) {
    1a56:	b25b      	sxtb	r3, r3
    1a58:	2b00      	cmp	r3, #0
    1a5a:	dbfb      	blt.n	1a54 <drv_ctrl_moveto+0x58>
	tc_module->CTRLBCLR.reg = TC_CTRLBCLR_CMD_NONE;
    1a5c:	2300      	movs	r3, #0
    1a5e:	7113      	strb	r3, [r2, #4]
	return (tc_module->STATUS.reg & TC_STATUS_SYNCBUSY);
    1a60:	7bd3      	ldrb	r3, [r2, #15]
	while (tc_is_syncing(module_inst)) {
    1a62:	b25b      	sxtb	r3, r3
    1a64:	2b00      	cmp	r3, #0
    1a66:	dbfb      	blt.n	1a60 <drv_ctrl_moveto+0x64>
	tc_module->CTRLBSET.reg = TC_CTRLBSET_CMD(TC_CTRLBSET_CMD_RETRIGGER_Val);
    1a68:	2340      	movs	r3, #64	; 0x40
    1a6a:	7153      	strb	r3, [r2, #5]
    while(sStepcounter > 0){
    1a6c:	4b16      	ldr	r3, [pc, #88]	; (1ac8 <drv_ctrl_moveto+0xcc>)
    1a6e:	881b      	ldrh	r3, [r3, #0]
    1a70:	b29b      	uxth	r3, r3
    1a72:	2b00      	cmp	r3, #0
    1a74:	d00a      	beq.n	1a8c <drv_ctrl_moveto+0x90>
	    rprintf("LOG: travel %d steps.\r\n", sStepcounter);
    1a76:	4e14      	ldr	r6, [pc, #80]	; (1ac8 <drv_ctrl_moveto+0xcc>)
    1a78:	4c18      	ldr	r4, [pc, #96]	; (1adc <drv_ctrl_moveto+0xe0>)
    1a7a:	4f0e      	ldr	r7, [pc, #56]	; (1ab4 <drv_ctrl_moveto+0xb8>)
    1a7c:	8831      	ldrh	r1, [r6, #0]
    1a7e:	b289      	uxth	r1, r1
    1a80:	0020      	movs	r0, r4
    1a82:	47b8      	blx	r7
    while(sStepcounter > 0){
    1a84:	8833      	ldrh	r3, [r6, #0]
    1a86:	b29b      	uxth	r3, r3
    1a88:	2b00      	cmp	r3, #0
    1a8a:	d1f7      	bne.n	1a7c <drv_ctrl_moveto+0x80>
	sActualPositionSteps = target_steps;
    1a8c:	4b0d      	ldr	r3, [pc, #52]	; (1ac4 <drv_ctrl_moveto+0xc8>)
    1a8e:	801d      	strh	r5, [r3, #0]
    sDrvConfig.drv_torque = (150 * torquePercent) / 100;
    1a90:	220f      	movs	r2, #15
    1a92:	4b0a      	ldr	r3, [pc, #40]	; (1abc <drv_ctrl_moveto+0xc0>)
    1a94:	729a      	strb	r2, [r3, #10]
    drv_ctrl_write_torque();
    1a96:	4b0a      	ldr	r3, [pc, #40]	; (1ac0 <drv_ctrl_moveto+0xc4>)
    1a98:	4798      	blx	r3
}
    1a9a:	bdf8      	pop	{r3, r4, r5, r6, r7, pc}
		    rprintf("Exceed max travel!\r\n", position_mm);
    1a9c:	0029      	movs	r1, r5
    1a9e:	4810      	ldr	r0, [pc, #64]	; (1ae0 <drv_ctrl_moveto+0xe4>)
    1aa0:	4b04      	ldr	r3, [pc, #16]	; (1ab4 <drv_ctrl_moveto+0xb8>)
    1aa2:	4798      	blx	r3
		return;
    1aa4:	e7f9      	b.n	1a9a <drv_ctrl_moveto+0x9e>
		port_base->OUTCLR.reg = pin_mask;
    1aa6:	2280      	movs	r2, #128	; 0x80
    1aa8:	0352      	lsls	r2, r2, #13
    1aaa:	4b09      	ldr	r3, [pc, #36]	; (1ad0 <drv_ctrl_moveto+0xd4>)
    1aac:	615a      	str	r2, [r3, #20]
    1aae:	e7ca      	b.n	1a46 <drv_ctrl_moveto+0x4a>
    1ab0:	0000377c 	.word	0x0000377c
    1ab4:	00002199 	.word	0x00002199
    1ab8:	00002710 	.word	0x00002710
    1abc:	20000048 	.word	0x20000048
    1ac0:	0000185d 	.word	0x0000185d
    1ac4:	20000044 	.word	0x20000044
    1ac8:	20000070 	.word	0x20000070
    1acc:	000037ac 	.word	0x000037ac
    1ad0:	41004400 	.word	0x41004400
    1ad4:	00001879 	.word	0x00001879
    1ad8:	20000124 	.word	0x20000124
    1adc:	000037d0 	.word	0x000037d0
    1ae0:	00003794 	.word	0x00003794

00001ae4 <drv_ctrl_move_till_force>:
uint8_t drv_ctrl_move_till_force(uint16_t force_mN) {
    1ae4:	b570      	push	{r4, r5, r6, lr}
    1ae6:	0004      	movs	r4, r0
    rprintf("LOG: move till %d mN\r\n", force_mN);
    1ae8:	0001      	movs	r1, r0
    1aea:	482f      	ldr	r0, [pc, #188]	; (1ba8 <drv_ctrl_move_till_force+0xc4>)
    1aec:	4b2f      	ldr	r3, [pc, #188]	; (1bac <drv_ctrl_move_till_force+0xc8>)
    1aee:	4798      	blx	r3
    sDrvConfig.drv_torque = (150 * torquePercent) / 100;
    1af0:	221e      	movs	r2, #30
    1af2:	4b2f      	ldr	r3, [pc, #188]	; (1bb0 <drv_ctrl_move_till_force+0xcc>)
    1af4:	729a      	strb	r2, [r3, #10]
    drv_ctrl_write_torque();
    1af6:	4b2f      	ldr	r3, [pc, #188]	; (1bb4 <drv_ctrl_move_till_force+0xd0>)
    1af8:	4798      	blx	r3
		port_base->OUTSET.reg = pin_mask;
    1afa:	2280      	movs	r2, #128	; 0x80
    1afc:	0352      	lsls	r2, r2, #13
    1afe:	4b2e      	ldr	r3, [pc, #184]	; (1bb8 <drv_ctrl_move_till_force+0xd4>)
    1b00:	619a      	str	r2, [r3, #24]
    sStepcounter = Z_AXIS_MAX_STAMP_DISTANCE;
    1b02:	2296      	movs	r2, #150	; 0x96
    1b04:	00d2      	lsls	r2, r2, #3
    1b06:	4b2d      	ldr	r3, [pc, #180]	; (1bbc <drv_ctrl_move_till_force+0xd8>)
    1b08:	801a      	strh	r2, [r3, #0]
    drv_ctrl_set_ramp_params(STEPPER_PULSE_SLOW_PERIOD_ms, STEPPER_PULSE_SLOW_PERIOD_ms);
    1b0a:	20fa      	movs	r0, #250	; 0xfa
    1b0c:	00c0      	lsls	r0, r0, #3
    1b0e:	0001      	movs	r1, r0
    1b10:	4b2b      	ldr	r3, [pc, #172]	; (1bc0 <drv_ctrl_move_till_force+0xdc>)
    1b12:	4798      	blx	r3
	TcCount8 *const tc_module = &(module_inst->hw->COUNT8);
    1b14:	4b2b      	ldr	r3, [pc, #172]	; (1bc4 <drv_ctrl_move_till_force+0xe0>)
    1b16:	681a      	ldr	r2, [r3, #0]
	return (tc_module->STATUS.reg & TC_STATUS_SYNCBUSY);
    1b18:	7bd3      	ldrb	r3, [r2, #15]
	while (tc_is_syncing(module_inst)) {
    1b1a:	b25b      	sxtb	r3, r3
    1b1c:	2b00      	cmp	r3, #0
    1b1e:	dbfb      	blt.n	1b18 <drv_ctrl_move_till_force+0x34>
	tc_module->CTRLBCLR.reg = TC_CTRLBCLR_CMD_NONE;
    1b20:	2300      	movs	r3, #0
    1b22:	7113      	strb	r3, [r2, #4]
	return (tc_module->STATUS.reg & TC_STATUS_SYNCBUSY);
    1b24:	7bd3      	ldrb	r3, [r2, #15]
	while (tc_is_syncing(module_inst)) {
    1b26:	b25b      	sxtb	r3, r3
    1b28:	2b00      	cmp	r3, #0
    1b2a:	dbfb      	blt.n	1b24 <drv_ctrl_move_till_force+0x40>
	tc_module->CTRLBSET.reg = TC_CTRLBSET_CMD(TC_CTRLBSET_CMD_RETRIGGER_Val);
    1b2c:	2340      	movs	r3, #64	; 0x40
    1b2e:	7153      	strb	r3, [r2, #5]
	while(abs(force_sense_get_millinewton()) < force_mN && sStepcounter > 0) {
    1b30:	4d25      	ldr	r5, [pc, #148]	; (1bc8 <drv_ctrl_move_till_force+0xe4>)
    1b32:	4e22      	ldr	r6, [pc, #136]	; (1bbc <drv_ctrl_move_till_force+0xd8>)
    1b34:	47a8      	blx	r5
    1b36:	17c3      	asrs	r3, r0, #31
    1b38:	18c0      	adds	r0, r0, r3
    1b3a:	4058      	eors	r0, r3
    1b3c:	4284      	cmp	r4, r0
    1b3e:	dd03      	ble.n	1b48 <drv_ctrl_move_till_force+0x64>
    1b40:	8833      	ldrh	r3, [r6, #0]
    1b42:	b29b      	uxth	r3, r3
    1b44:	2b00      	cmp	r3, #0
    1b46:	d1f5      	bne.n	1b34 <drv_ctrl_move_till_force+0x50>
	TcCount8 *const tc_module = &(module_inst->hw->COUNT8);
    1b48:	4b1e      	ldr	r3, [pc, #120]	; (1bc4 <drv_ctrl_move_till_force+0xe0>)
    1b4a:	681a      	ldr	r2, [r3, #0]
	return (tc_module->STATUS.reg & TC_STATUS_SYNCBUSY);
    1b4c:	7bd3      	ldrb	r3, [r2, #15]
	while (tc_is_syncing(module_inst)) {
    1b4e:	b25b      	sxtb	r3, r3
    1b50:	2b00      	cmp	r3, #0
    1b52:	dbfb      	blt.n	1b4c <drv_ctrl_move_till_force+0x68>
	tc_module->CTRLBSET.reg = TC_CTRLBSET_CMD(TC_CTRLBSET_CMD_STOP_Val);
    1b54:	2380      	movs	r3, #128	; 0x80
    1b56:	7153      	strb	r3, [r2, #5]
    if(sStepcounter == 0) status = 1;
    1b58:	4918      	ldr	r1, [pc, #96]	; (1bbc <drv_ctrl_move_till_force+0xd8>)
    1b5a:	880c      	ldrh	r4, [r1, #0]
    1b5c:	b2a4      	uxth	r4, r4
    1b5e:	4263      	negs	r3, r4
    1b60:	415c      	adcs	r4, r3
    uint8_t status = 0;
    1b62:	b2e4      	uxtb	r4, r4
		port_base->OUTCLR.reg = pin_mask;
    1b64:	2080      	movs	r0, #128	; 0x80
    1b66:	0340      	lsls	r0, r0, #13
    1b68:	4b13      	ldr	r3, [pc, #76]	; (1bb8 <drv_ctrl_move_till_force+0xd4>)
    1b6a:	6158      	str	r0, [r3, #20]
    sStepcounter = (Z_AXIS_MAX_STAMP_DISTANCE) - sStepcounter;
    1b6c:	8808      	ldrh	r0, [r1, #0]
    1b6e:	2396      	movs	r3, #150	; 0x96
    1b70:	00db      	lsls	r3, r3, #3
    1b72:	1a1b      	subs	r3, r3, r0
    1b74:	b29b      	uxth	r3, r3
    1b76:	800b      	strh	r3, [r1, #0]
	return (tc_module->STATUS.reg & TC_STATUS_SYNCBUSY);
    1b78:	7bd3      	ldrb	r3, [r2, #15]
	while (tc_is_syncing(module_inst)) {
    1b7a:	b25b      	sxtb	r3, r3
    1b7c:	2b00      	cmp	r3, #0
    1b7e:	dbfb      	blt.n	1b78 <drv_ctrl_move_till_force+0x94>
	tc_module->CTRLBCLR.reg = TC_CTRLBCLR_CMD_NONE;
    1b80:	2300      	movs	r3, #0
    1b82:	7113      	strb	r3, [r2, #4]
	return (tc_module->STATUS.reg & TC_STATUS_SYNCBUSY);
    1b84:	7bd3      	ldrb	r3, [r2, #15]
	while (tc_is_syncing(module_inst)) {
    1b86:	b25b      	sxtb	r3, r3
    1b88:	2b00      	cmp	r3, #0
    1b8a:	dbfb      	blt.n	1b84 <drv_ctrl_move_till_force+0xa0>
	tc_module->CTRLBSET.reg = TC_CTRLBSET_CMD(TC_CTRLBSET_CMD_RETRIGGER_Val);
    1b8c:	2340      	movs	r3, #64	; 0x40
    1b8e:	7153      	strb	r3, [r2, #5]
	while(sStepcounter > 0) {
    1b90:	4a0a      	ldr	r2, [pc, #40]	; (1bbc <drv_ctrl_move_till_force+0xd8>)
    1b92:	8813      	ldrh	r3, [r2, #0]
    1b94:	b29b      	uxth	r3, r3
    1b96:	2b00      	cmp	r3, #0
    1b98:	d1fb      	bne.n	1b92 <drv_ctrl_move_till_force+0xae>
    sDrvConfig.drv_torque = (150 * torquePercent) / 100;
    1b9a:	220f      	movs	r2, #15
    1b9c:	4b04      	ldr	r3, [pc, #16]	; (1bb0 <drv_ctrl_move_till_force+0xcc>)
    1b9e:	729a      	strb	r2, [r3, #10]
    drv_ctrl_write_torque();
    1ba0:	4b04      	ldr	r3, [pc, #16]	; (1bb4 <drv_ctrl_move_till_force+0xd0>)
    1ba2:	4798      	blx	r3
}
    1ba4:	0020      	movs	r0, r4
    1ba6:	bd70      	pop	{r4, r5, r6, pc}
    1ba8:	00003764 	.word	0x00003764
    1bac:	00002199 	.word	0x00002199
    1bb0:	20000048 	.word	0x20000048
    1bb4:	0000185d 	.word	0x0000185d
    1bb8:	41004400 	.word	0x41004400
    1bbc:	20000070 	.word	0x20000070
    1bc0:	00001879 	.word	0x00001879
    1bc4:	20000124 	.word	0x20000124
    1bc8:	00001d01 	.word	0x00001d01

00001bcc <drv_ctrl_pwm_callback>:
void drv_ctrl_pwm_callback(struct tc_module *const module_inst){
    1bcc:	b5f8      	push	{r3, r4, r5, r6, r7, lr}
    if(sStepcounter == 0){
    1bce:	4b19      	ldr	r3, [pc, #100]	; (1c34 <drv_ctrl_pwm_callback+0x68>)
    1bd0:	881b      	ldrh	r3, [r3, #0]
    1bd2:	b29b      	uxth	r3, r3
    1bd4:	2b00      	cmp	r3, #0
    1bd6:	d107      	bne.n	1be8 <drv_ctrl_pwm_callback+0x1c>
	TcCount8 *const tc_module = &(module_inst->hw->COUNT8);
    1bd8:	6802      	ldr	r2, [r0, #0]
	return (tc_module->STATUS.reg & TC_STATUS_SYNCBUSY);
    1bda:	7bd3      	ldrb	r3, [r2, #15]
	while (tc_is_syncing(module_inst)) {
    1bdc:	b25b      	sxtb	r3, r3
    1bde:	2b00      	cmp	r3, #0
    1be0:	dbfb      	blt.n	1bda <drv_ctrl_pwm_callback+0xe>
	tc_module->CTRLBSET.reg = TC_CTRLBSET_CMD(TC_CTRLBSET_CMD_STOP_Val);
    1be2:	2380      	movs	r3, #128	; 0x80
    1be4:	7153      	strb	r3, [r2, #5]
}
    1be6:	bdf8      	pop	{r3, r4, r5, r6, r7, pc}
    sStepcounter--;
    1be8:	4a12      	ldr	r2, [pc, #72]	; (1c34 <drv_ctrl_pwm_callback+0x68>)
    1bea:	8813      	ldrh	r3, [r2, #0]
    1bec:	3b01      	subs	r3, #1
    1bee:	b29b      	uxth	r3, r3
    1bf0:	8013      	strh	r3, [r2, #0]
    if(sPulsePeriod > sTargetPeriod){
    1bf2:	4b11      	ldr	r3, [pc, #68]	; (1c38 <drv_ctrl_pwm_callback+0x6c>)
    1bf4:	881b      	ldrh	r3, [r3, #0]
    1bf6:	4a11      	ldr	r2, [pc, #68]	; (1c3c <drv_ctrl_pwm_callback+0x70>)
    1bf8:	8812      	ldrh	r2, [r2, #0]
    1bfa:	b29b      	uxth	r3, r3
    1bfc:	4293      	cmp	r3, r2
    1bfe:	d9f2      	bls.n	1be6 <drv_ctrl_pwm_callback+0x1a>
        sPulsePeriod -= 5;
    1c00:	4c0d      	ldr	r4, [pc, #52]	; (1c38 <drv_ctrl_pwm_callback+0x6c>)
    1c02:	8823      	ldrh	r3, [r4, #0]
    1c04:	3b05      	subs	r3, #5
    1c06:	b29b      	uxth	r3, r3
    1c08:	8023      	strh	r3, [r4, #0]
    tc_set_compare_value(&pwm_timer, TC_COMPARE_CAPTURE_CHANNEL_0, PERIOD_TO_CCVAL(sPulsePeriod));
    1c0a:	8820      	ldrh	r0, [r4, #0]
    1c0c:	4d0c      	ldr	r5, [pc, #48]	; (1c40 <drv_ctrl_pwm_callback+0x74>)
    1c0e:	4368      	muls	r0, r5
    1c10:	4f0c      	ldr	r7, [pc, #48]	; (1c44 <drv_ctrl_pwm_callback+0x78>)
    1c12:	490d      	ldr	r1, [pc, #52]	; (1c48 <drv_ctrl_pwm_callback+0x7c>)
    1c14:	47b8      	blx	r7
    1c16:	0002      	movs	r2, r0
    1c18:	2100      	movs	r1, #0
    1c1a:	480c      	ldr	r0, [pc, #48]	; (1c4c <drv_ctrl_pwm_callback+0x80>)
    1c1c:	4e0c      	ldr	r6, [pc, #48]	; (1c50 <drv_ctrl_pwm_callback+0x84>)
    1c1e:	47b0      	blx	r6
    tc_set_compare_value(&pwm_timer, TC_COMPARE_CAPTURE_CHANNEL_1, PERIOD_TO_CCVAL(sPulsePeriod)/PWM_DUTY);
    1c20:	8820      	ldrh	r0, [r4, #0]
    1c22:	4368      	muls	r0, r5
    1c24:	490b      	ldr	r1, [pc, #44]	; (1c54 <drv_ctrl_pwm_callback+0x88>)
    1c26:	47b8      	blx	r7
    1c28:	0002      	movs	r2, r0
    1c2a:	2101      	movs	r1, #1
    1c2c:	4807      	ldr	r0, [pc, #28]	; (1c4c <drv_ctrl_pwm_callback+0x80>)
    1c2e:	47b0      	blx	r6
    1c30:	e7d9      	b.n	1be6 <drv_ctrl_pwm_callback+0x1a>
    1c32:	46c0      	nop			; (mov r8, r8)
    1c34:	20000070 	.word	0x20000070
    1c38:	2000006e 	.word	0x2000006e
    1c3c:	20000072 	.word	0x20000072
    1c40:	0001e848 	.word	0x0001e848
    1c44:	00003219 	.word	0x00003219
    1c48:	000f4240 	.word	0x000f4240
    1c4c:	20000124 	.word	0x20000124
    1c50:	0000179d 	.word	0x0000179d
    1c54:	001e8480 	.word	0x001e8480

00001c58 <force_sense_read_sense>:
static void force_sense_read_sense(void);

    /* 
	 * @brief: Reads the voltage from the INA via ADC, save the raw value in memory.
	 */
static void force_sense_read_sense() {
    1c58:	b570      	push	{r4, r5, r6, lr}
		struct adc_module *const module_inst)
{
	Assert(module_inst);
	Assert(module_inst->hw);

	Adc *const adc_module = module_inst->hw;
    1c5a:	4b1e      	ldr	r3, [pc, #120]	; (1cd4 <force_sense_read_sense+0x7c>)
    1c5c:	6818      	ldr	r0, [r3, #0]
    1c5e:	7e43      	ldrb	r3, [r0, #25]

	while (adc_is_syncing(module_inst)) {
    1c60:	b25b      	sxtb	r3, r3
    1c62:	2b00      	cmp	r3, #0
    1c64:	dbfb      	blt.n	1c5e <force_sense_read_sense+0x6>
		/* Wait for synchronization */
	}

	adc_module->SWTRIG.reg |= ADC_SWTRIG_START;
    1c66:	7b03      	ldrb	r3, [r0, #12]
    1c68:	2202      	movs	r2, #2
    1c6a:	4313      	orrs	r3, r2
    1c6c:	7303      	strb	r3, [r0, #12]
    1c6e:	7e43      	ldrb	r3, [r0, #25]

	while (adc_is_syncing(module_inst)) {
    1c70:	b25b      	sxtb	r3, r3
    1c72:	2b00      	cmp	r3, #0
    1c74:	dbfb      	blt.n	1c6e <force_sense_read_sense+0x16>
	if (int_flags & ADC_INTFLAG_RESRDY) {
    1c76:	2101      	movs	r1, #1
	if (int_flags & ADC_INTFLAG_WINMON) {
    1c78:	2504      	movs	r5, #4
		status_flags |= ADC_STATUS_WINDOW;
    1c7a:	2402      	movs	r4, #2
    1c7c:	e001      	b.n	1c82 <force_sense_read_sense+0x2a>
{
	Assert(module_inst);
	Assert(module_inst->hw);
	Assert(result);

	if (!(adc_get_status(module_inst) & ADC_STATUS_RESULT_READY)) {
    1c7e:	4211      	tst	r1, r2
    1c80:	d10a      	bne.n	1c98 <force_sense_read_sense+0x40>
	uint32_t int_flags = adc_module->INTFLAG.reg;
    1c82:	7e03      	ldrb	r3, [r0, #24]
    1c84:	b2db      	uxtb	r3, r3
	if (int_flags & ADC_INTFLAG_RESRDY) {
    1c86:	000a      	movs	r2, r1
    1c88:	401a      	ands	r2, r3
	if (int_flags & ADC_INTFLAG_WINMON) {
    1c8a:	421d      	tst	r5, r3
    1c8c:	d000      	beq.n	1c90 <force_sense_read_sense+0x38>
		status_flags |= ADC_STATUS_WINDOW;
    1c8e:	4322      	orrs	r2, r4
	if (int_flags & ADC_INTFLAG_OVERRUN) {
    1c90:	421c      	tst	r4, r3
    1c92:	d0f4      	beq.n	1c7e <force_sense_read_sense+0x26>
		status_flags |= ADC_STATUS_OVERRUN;
    1c94:	432a      	orrs	r2, r5
    1c96:	e7f2      	b.n	1c7e <force_sense_read_sense+0x26>
    1c98:	7e43      	ldrb	r3, [r0, #25]
	}

	Adc *const adc_module = module_inst->hw;

#if (SAMD) || (SAMHA1) || (SAMHA0) || (SAMR21)
	while (adc_is_syncing(module_inst)) {
    1c9a:	b25b      	sxtb	r3, r3
    1c9c:	2b00      	cmp	r3, #0
    1c9e:	dbfb      	blt.n	1c98 <force_sense_read_sense+0x40>
		/* Wait for synchronization */
	}
#endif

	/* Get ADC result */
	*result = adc_module->RESULT.reg;
    1ca0:	8b41      	ldrh	r1, [r0, #26]
    1ca2:	b289      	uxth	r1, r1
    1ca4:	4b0c      	ldr	r3, [pc, #48]	; (1cd8 <force_sense_read_sense+0x80>)
    1ca6:	8019      	strh	r1, [r3, #0]
	adc_module->INTFLAG.reg = int_flags;
    1ca8:	2301      	movs	r3, #1
    1caa:	7603      	strb	r3, [r0, #24]
	uint32_t int_flags = adc_module->INTFLAG.reg;
    1cac:	7e02      	ldrb	r2, [r0, #24]
    1cae:	b2d2      	uxtb	r2, r2
	if (int_flags & ADC_INTFLAG_RESRDY) {
    1cb0:	4013      	ands	r3, r2
	if (int_flags & ADC_INTFLAG_WINMON) {
    1cb2:	0754      	lsls	r4, r2, #29
    1cb4:	d501      	bpl.n	1cba <force_sense_read_sense+0x62>
		status_flags |= ADC_STATUS_WINDOW;
    1cb6:	2402      	movs	r4, #2
    1cb8:	4323      	orrs	r3, r4
	if (int_flags & ADC_INTFLAG_OVERRUN) {
    1cba:	0792      	lsls	r2, r2, #30
    1cbc:	d501      	bpl.n	1cc2 <force_sense_read_sense+0x6a>
		status_flags |= ADC_STATUS_OVERRUN;
    1cbe:	2204      	movs	r2, #4
    1cc0:	4313      	orrs	r3, r2

	/* Reset ready flag */
	adc_clear_status(module_inst, ADC_STATUS_RESULT_READY);

	if (adc_get_status(module_inst) & ADC_STATUS_OVERRUN) {
    1cc2:	075b      	lsls	r3, r3, #29
    1cc4:	d501      	bpl.n	1cca <force_sense_read_sense+0x72>
	adc_module->INTFLAG.reg = int_flags;
    1cc6:	2302      	movs	r3, #2
    1cc8:	7603      	strb	r3, [r0, #24]
	while(adc_read(&gAdcInstance, &sForceSenseLastReadout) == STATUS_BUSY){
		//Wait till conversion is finished
	}

    #if LOGS == 2
    rprintf("LOG: new RAW ADC value: %d\r\n", sForceSenseLastReadout);
    1cca:	4804      	ldr	r0, [pc, #16]	; (1cdc <force_sense_read_sense+0x84>)
    1ccc:	4b04      	ldr	r3, [pc, #16]	; (1ce0 <force_sense_read_sense+0x88>)
    1cce:	4798      	blx	r3
    #endif
}
    1cd0:	bd70      	pop	{r4, r5, r6, pc}
    1cd2:	46c0      	nop			; (mov r8, r8)
    1cd4:	20000148 	.word	0x20000148
    1cd8:	20000074 	.word	0x20000074
    1cdc:	0000380c 	.word	0x0000380c
    1ce0:	00002199 	.word	0x00002199

00001ce4 <force_sense_calibrate>:

    /* 
	 * @brief: Read the force sensor and set the value as new zero value.
	 */
void force_sense_calibrate() {
    1ce4:	b510      	push	{r4, lr}
	
	force_sense_read_sense();
    1ce6:	4b03      	ldr	r3, [pc, #12]	; (1cf4 <force_sense_calibrate+0x10>)
    1ce8:	4798      	blx	r3
	sForceSenseZeroValue = sForceSenseLastReadout;
    1cea:	4b03      	ldr	r3, [pc, #12]	; (1cf8 <force_sense_calibrate+0x14>)
    1cec:	881a      	ldrh	r2, [r3, #0]
    1cee:	4b03      	ldr	r3, [pc, #12]	; (1cfc <force_sense_calibrate+0x18>)
    1cf0:	801a      	strh	r2, [r3, #0]
}
    1cf2:	bd10      	pop	{r4, pc}
    1cf4:	00001c59 	.word	0x00001c59
    1cf8:	20000074 	.word	0x20000074
    1cfc:	20000076 	.word	0x20000076

00001d00 <force_sense_get_millinewton>:

    /* 
	 * @brief: Trigger a force sensor readout.
     * @returns: force value as signed number in mN
	 */
int16_t force_sense_get_millinewton() {
    1d00:	b510      	push	{r4, lr}
	
	force_sense_read_sense();
    1d02:	4b06      	ldr	r3, [pc, #24]	; (1d1c <force_sense_get_millinewton+0x1c>)
    1d04:	4798      	blx	r3
	int16_t force_mN = (sForceSenseLastReadout - sForceSenseZeroValue) / FORCE_SENSE_mN_PER_COUNT;
    1d06:	4b06      	ldr	r3, [pc, #24]	; (1d20 <force_sense_get_millinewton+0x20>)
    1d08:	8818      	ldrh	r0, [r3, #0]
    1d0a:	4b06      	ldr	r3, [pc, #24]	; (1d24 <force_sense_get_millinewton+0x24>)
    1d0c:	881b      	ldrh	r3, [r3, #0]
    1d0e:	1ac0      	subs	r0, r0, r3
    1d10:	2105      	movs	r1, #5
    1d12:	4b05      	ldr	r3, [pc, #20]	; (1d28 <force_sense_get_millinewton+0x28>)
    1d14:	4798      	blx	r3
	
	return force_mN;
    1d16:	b200      	sxth	r0, r0
}
    1d18:	bd10      	pop	{r4, pc}
    1d1a:	46c0      	nop			; (mov r8, r8)
    1d1c:	00001c59 	.word	0x00001c59
    1d20:	20000074 	.word	0x20000074
    1d24:	20000076 	.word	0x20000076
    1d28:	0000332d 	.word	0x0000332d

00001d2c <plc_com_transmit_status>:
    /*
     * @brief: initiate UART transmission to PLC
     * @param: status to transmit as Plc_State_t
     * @param: error code as Error_Code_t, this is just evaluated if status = s_error
     */
static void plc_com_transmit_status(Plc_State_t status, Error_Code_t code) {
    1d2c:	b5f0      	push	{r4, r5, r6, r7, lr}
    1d2e:	b083      	sub	sp, #12

    uint8_t txBuffer[4];
    uint8_t len = 3;

    if(status == s_error) len = 4;
    1d30:	2865      	cmp	r0, #101	; 0x65
    1d32:	d033      	beq.n	1d9c <plc_com_transmit_status+0x70>
	
	txBuffer[0] = 'S';
    1d34:	ab01      	add	r3, sp, #4
    1d36:	2253      	movs	r2, #83	; 0x53
    1d38:	701a      	strb	r2, [r3, #0]
	txBuffer[1] = status;
    1d3a:	7058      	strb	r0, [r3, #1]
	(status == s_error) ? (txBuffer[2] = code) : (txBuffer[2] = cTerminator);
    1d3c:	3205      	adds	r2, #5
    1d3e:	709a      	strb	r2, [r3, #2]
    uint8_t len = 3;
    1d40:	2403      	movs	r4, #3
	txBuffer[3] = cTerminator;
    1d42:	a901      	add	r1, sp, #4
    1d44:	2358      	movs	r3, #88	; 0x58
    1d46:	70cb      	strb	r3, [r1, #3]
	
    #if LOGS == 2
    rprintf("UART send to PLC: %s\r\n", txBuffer);
    1d48:	4818      	ldr	r0, [pc, #96]	; (1dac <plc_com_transmit_status+0x80>)
    1d4a:	4b19      	ldr	r3, [pc, #100]	; (1db0 <plc_com_transmit_status+0x84>)
    1d4c:	4798      	blx	r3
	TcCount8 *const tc_module = &(module_inst->hw->COUNT8);
    1d4e:	4b19      	ldr	r3, [pc, #100]	; (1db4 <plc_com_transmit_status+0x88>)
    1d50:	6819      	ldr	r1, [r3, #0]
	return (tc_module->STATUS.reg & TC_STATUS_SYNCBUSY);
    1d52:	7bcb      	ldrb	r3, [r1, #15]
	while (tc_is_syncing(module_inst)) {
    1d54:	b25b      	sxtb	r3, r3
    1d56:	2b00      	cmp	r3, #0
    1d58:	dbfb      	blt.n	1d52 <plc_com_transmit_status+0x26>
	tc_module->CTRLBSET.reg = TC_CTRLBSET_CMD(TC_CTRLBSET_CMD_STOP_Val);
    1d5a:	2380      	movs	r3, #128	; 0x80
    1d5c:	714b      	strb	r3, [r1, #5]
		port_base->OUTSET.reg = pin_mask;
    1d5e:	4d16      	ldr	r5, [pc, #88]	; (1db8 <plc_com_transmit_status+0x8c>)
    1d60:	2680      	movs	r6, #128	; 0x80
    1d62:	05f6      	lsls	r6, r6, #23
    1d64:	61ae      	str	r6, [r5, #24]
    #endif
	
    tc_stop_counter(&int_timer);    //Stop the force transmission interrupt
    port_pin_set_output_level(PLC_COM_CMD_PIN, true);   //Switch PLC to command mode

    delay_ms(SEND_DELAY_MS); // Delay to ensure PLC finished at least one cycle	
    1d66:	2064      	movs	r0, #100	; 0x64
    1d68:	4f14      	ldr	r7, [pc, #80]	; (1dbc <plc_com_transmit_status+0x90>)
    1d6a:	47b8      	blx	r7
	usart_write_buffer_wait(&gUsartInstance, txBuffer, len);
    1d6c:	b2a2      	uxth	r2, r4
    1d6e:	a901      	add	r1, sp, #4
    1d70:	4813      	ldr	r0, [pc, #76]	; (1dc0 <plc_com_transmit_status+0x94>)
    1d72:	4b14      	ldr	r3, [pc, #80]	; (1dc4 <plc_com_transmit_status+0x98>)
    1d74:	4798      	blx	r3
    delay_ms(SEND_DELAY_MS); // Delay to ensure PLC finished at least one cycle
    1d76:	2064      	movs	r0, #100	; 0x64
    1d78:	47b8      	blx	r7
		port_base->OUTCLR.reg = pin_mask;
    1d7a:	616e      	str	r6, [r5, #20]
	TcCount8 *const tc_module = &(module_inst->hw->COUNT8);
    1d7c:	4b0d      	ldr	r3, [pc, #52]	; (1db4 <plc_com_transmit_status+0x88>)
    1d7e:	681a      	ldr	r2, [r3, #0]
	return (tc_module->STATUS.reg & TC_STATUS_SYNCBUSY);
    1d80:	7bd3      	ldrb	r3, [r2, #15]
	while (tc_is_syncing(module_inst)) {
    1d82:	b25b      	sxtb	r3, r3
    1d84:	2b00      	cmp	r3, #0
    1d86:	dbfb      	blt.n	1d80 <plc_com_transmit_status+0x54>
	tc_module->CTRLBCLR.reg = TC_CTRLBCLR_CMD_NONE;
    1d88:	2300      	movs	r3, #0
    1d8a:	7113      	strb	r3, [r2, #4]
	return (tc_module->STATUS.reg & TC_STATUS_SYNCBUSY);
    1d8c:	7bd3      	ldrb	r3, [r2, #15]
	while (tc_is_syncing(module_inst)) {
    1d8e:	b25b      	sxtb	r3, r3
    1d90:	2b00      	cmp	r3, #0
    1d92:	dbfb      	blt.n	1d8c <plc_com_transmit_status+0x60>
	tc_module->CTRLBSET.reg = TC_CTRLBSET_CMD(TC_CTRLBSET_CMD_RETRIGGER_Val);
    1d94:	2340      	movs	r3, #64	; 0x40
    1d96:	7153      	strb	r3, [r2, #5]

    port_pin_set_output_level(PLC_COM_CMD_PIN, false);  //Switch PLC to force mode
    tc_start_counter(&int_timer);   //Start force transmission
}
    1d98:	b003      	add	sp, #12
    1d9a:	bdf0      	pop	{r4, r5, r6, r7, pc}
	txBuffer[0] = 'S';
    1d9c:	ab01      	add	r3, sp, #4
    1d9e:	2253      	movs	r2, #83	; 0x53
    1da0:	701a      	strb	r2, [r3, #0]
	txBuffer[1] = status;
    1da2:	3212      	adds	r2, #18
    1da4:	705a      	strb	r2, [r3, #1]
	(status == s_error) ? (txBuffer[2] = code) : (txBuffer[2] = cTerminator);
    1da6:	7099      	strb	r1, [r3, #2]
    if(status == s_error) len = 4;
    1da8:	2404      	movs	r4, #4
    1daa:	e7ca      	b.n	1d42 <plc_com_transmit_status+0x16>
    1dac:	0000395c 	.word	0x0000395c
    1db0:	00002199 	.word	0x00002199
    1db4:	20000150 	.word	0x20000150
    1db8:	41004480 	.word	0x41004480
    1dbc:	00000145 	.word	0x00000145
    1dc0:	200000fc 	.word	0x200000fc
    1dc4:	000011a9 	.word	0x000011a9

00001dc8 <plc_com_success>:

	/*
	 * @brief: send success state to PLC and set state machine to idle
	 */
void plc_com_success() {
    1dc8:	b510      	push	{r4, lr}
	
	plc_com_transmit_status(s_success, 0);
    1dca:	2100      	movs	r1, #0
    1dcc:	2073      	movs	r0, #115	; 0x73
    1dce:	4c04      	ldr	r4, [pc, #16]	; (1de0 <plc_com_success+0x18>)
    1dd0:	47a0      	blx	r4
    plc_com_transmit_status(s_idle, 0);
    1dd2:	2100      	movs	r1, #0
    1dd4:	2069      	movs	r0, #105	; 0x69
    1dd6:	47a0      	blx	r4
	set_state(idle);
    1dd8:	2001      	movs	r0, #1
    1dda:	4b02      	ldr	r3, [pc, #8]	; (1de4 <plc_com_success+0x1c>)
    1ddc:	4798      	blx	r3
	
}
    1dde:	bd10      	pop	{r4, pc}
    1de0:	00001d2d 	.word	0x00001d2d
    1de4:	00002ccd 	.word	0x00002ccd

00001de8 <plc_com_error>:

	/*
	 * @brief: send error message to PLC and set state machine to idle
     * @param: error code as Error_Code_t
	 */
void plc_com_error(Error_Code_t code) {
    1de8:	b510      	push	{r4, lr}
    1dea:	0001      	movs	r1, r0
	
	plc_com_transmit_status(s_error, code);
    1dec:	2065      	movs	r0, #101	; 0x65
    1dee:	4b03      	ldr	r3, [pc, #12]	; (1dfc <plc_com_error+0x14>)
    1df0:	4798      	blx	r3
	set_state(idle);
    1df2:	2001      	movs	r0, #1
    1df4:	4b02      	ldr	r3, [pc, #8]	; (1e00 <plc_com_error+0x18>)
    1df6:	4798      	blx	r3
}
    1df8:	bd10      	pop	{r4, pc}
    1dfa:	46c0      	nop			; (mov r8, r8)
    1dfc:	00001d2d 	.word	0x00001d2d
    1e00:	00002ccd 	.word	0x00002ccd

00001e04 <plc_com_transmit_force>:

    /*
	 * @brief: convert force value to ascii string an send it to the PLC via UART
     * @param: force as signed int16_t value
	 */
void plc_com_transmit_force(struct tc_module* const tc_instance) {
    1e04:	b570      	push	{r4, r5, r6, lr}
    1e06:	b082      	sub	sp, #8
	
	uint8_t txBuffer[8];

    plc_com_itoa(force_sense_get_millinewton(), txBuffer);
    1e08:	4b26      	ldr	r3, [pc, #152]	; (1ea4 <plc_com_transmit_force+0xa0>)
    1e0a:	4798      	blx	r3
     * @param: signed number to convert
     * @param: pointer to buffer for transmission
     */
static void plc_com_itoa(int16_t number, uint8_t * buffer) {
    
    if(number < 0) {
    1e0c:	2800      	cmp	r0, #0
    1e0e:	db44      	blt.n	1e9a <plc_com_transmit_force+0x96>
        *(buffer + 1) = '-';
    } else {
        *(buffer + 1) = '+';
    1e10:	232b      	movs	r3, #43	; 0x2b
    1e12:	466a      	mov	r2, sp
    1e14:	7053      	strb	r3, [r2, #1]
    }

    number = abs(number);
    1e16:	17c3      	asrs	r3, r0, #31
    1e18:	18c0      	adds	r0, r0, r3
    1e1a:	4058      	eors	r0, r3
    1e1c:	b204      	sxth	r4, r0

    *(buffer + 2) = '0' + (number / 10000);
    1e1e:	4e22      	ldr	r6, [pc, #136]	; (1ea8 <plc_com_transmit_force+0xa4>)
    1e20:	4922      	ldr	r1, [pc, #136]	; (1eac <plc_com_transmit_force+0xa8>)
    1e22:	0020      	movs	r0, r4
    1e24:	47b0      	blx	r6
    1e26:	3030      	adds	r0, #48	; 0x30
    1e28:	466b      	mov	r3, sp
    1e2a:	7098      	strb	r0, [r3, #2]
    number %= 10000;
    1e2c:	4d20      	ldr	r5, [pc, #128]	; (1eb0 <plc_com_transmit_force+0xac>)
    1e2e:	491f      	ldr	r1, [pc, #124]	; (1eac <plc_com_transmit_force+0xa8>)
    1e30:	0020      	movs	r0, r4
    1e32:	47a8      	blx	r5
    1e34:	b20c      	sxth	r4, r1
    *(buffer + 3) = '0' + (number / 1000);
    1e36:	21fa      	movs	r1, #250	; 0xfa
    1e38:	0089      	lsls	r1, r1, #2
    1e3a:	0020      	movs	r0, r4
    1e3c:	47b0      	blx	r6
    1e3e:	3030      	adds	r0, #48	; 0x30
    1e40:	466b      	mov	r3, sp
    1e42:	70d8      	strb	r0, [r3, #3]
    number %= 1000;
    1e44:	21fa      	movs	r1, #250	; 0xfa
    1e46:	0089      	lsls	r1, r1, #2
    1e48:	0020      	movs	r0, r4
    1e4a:	47a8      	blx	r5
    1e4c:	b20c      	sxth	r4, r1
    *(buffer + 4) = '0' + (number / 100);
    1e4e:	2164      	movs	r1, #100	; 0x64
    1e50:	0020      	movs	r0, r4
    1e52:	47b0      	blx	r6
    1e54:	3030      	adds	r0, #48	; 0x30
    1e56:	466b      	mov	r3, sp
    1e58:	7118      	strb	r0, [r3, #4]
    number %= 100;
    1e5a:	2164      	movs	r1, #100	; 0x64
    1e5c:	0020      	movs	r0, r4
    1e5e:	47a8      	blx	r5
    1e60:	b20c      	sxth	r4, r1
    *(buffer + 5) = '0' + (number / 10);
    1e62:	210a      	movs	r1, #10
    1e64:	0020      	movs	r0, r4
    1e66:	47b0      	blx	r6
    1e68:	3030      	adds	r0, #48	; 0x30
    1e6a:	466b      	mov	r3, sp
    1e6c:	7158      	strb	r0, [r3, #5]
    number %= 10;
    1e6e:	210a      	movs	r1, #10
    1e70:	0020      	movs	r0, r4
    1e72:	47a8      	blx	r5
    *(buffer + 6) = '0' + number;
    1e74:	3130      	adds	r1, #48	; 0x30
    1e76:	466b      	mov	r3, sp
    1e78:	7199      	strb	r1, [r3, #6]
	txBuffer[0] = 'S';
    1e7a:	2353      	movs	r3, #83	; 0x53
    1e7c:	466a      	mov	r2, sp
    1e7e:	7013      	strb	r3, [r2, #0]
	txBuffer[7] = cTerminator;
    1e80:	3305      	adds	r3, #5
    1e82:	71d3      	strb	r3, [r2, #7]
    rprintf("LOG: force send to PLC: %s\n\r", txBuffer);
    1e84:	4669      	mov	r1, sp
    1e86:	480b      	ldr	r0, [pc, #44]	; (1eb4 <plc_com_transmit_force+0xb0>)
    1e88:	4b0b      	ldr	r3, [pc, #44]	; (1eb8 <plc_com_transmit_force+0xb4>)
    1e8a:	4798      	blx	r3
	usart_write_buffer_wait(&gUsartInstance, txBuffer, 8);
    1e8c:	2208      	movs	r2, #8
    1e8e:	4669      	mov	r1, sp
    1e90:	480a      	ldr	r0, [pc, #40]	; (1ebc <plc_com_transmit_force+0xb8>)
    1e92:	4b0b      	ldr	r3, [pc, #44]	; (1ec0 <plc_com_transmit_force+0xbc>)
    1e94:	4798      	blx	r3
}
    1e96:	b002      	add	sp, #8
    1e98:	bd70      	pop	{r4, r5, r6, pc}
        *(buffer + 1) = '-';
    1e9a:	232d      	movs	r3, #45	; 0x2d
    1e9c:	466a      	mov	r2, sp
    1e9e:	7053      	strb	r3, [r2, #1]
    1ea0:	e7b9      	b.n	1e16 <plc_com_transmit_force+0x12>
    1ea2:	46c0      	nop			; (mov r8, r8)
    1ea4:	00001d01 	.word	0x00001d01
    1ea8:	0000332d 	.word	0x0000332d
    1eac:	00002710 	.word	0x00002710
    1eb0:	000034f9 	.word	0x000034f9
    1eb4:	0000393c 	.word	0x0000393c
    1eb8:	00002199 	.word	0x00002199
    1ebc:	200000fc 	.word	0x200000fc
    1ec0:	000011a9 	.word	0x000011a9

00001ec4 <plc_com_arm_receiver>:
void plc_com_arm_receiver() {
    1ec4:	b510      	push	{r4, lr}
    rprintf("UART armed!");
    1ec6:	4804      	ldr	r0, [pc, #16]	; (1ed8 <plc_com_arm_receiver+0x14>)
    1ec8:	4b04      	ldr	r3, [pc, #16]	; (1edc <plc_com_arm_receiver+0x18>)
    1eca:	4798      	blx	r3
	usart_read_job(&gUsartInstance, &sRxBuffer);
    1ecc:	4904      	ldr	r1, [pc, #16]	; (1ee0 <plc_com_arm_receiver+0x1c>)
    1ece:	4805      	ldr	r0, [pc, #20]	; (1ee4 <plc_com_arm_receiver+0x20>)
    1ed0:	4b05      	ldr	r3, [pc, #20]	; (1ee8 <plc_com_arm_receiver+0x24>)
    1ed2:	4798      	blx	r3
}
    1ed4:	bd10      	pop	{r4, pc}
    1ed6:	46c0      	nop			; (mov r8, r8)
    1ed8:	000038c4 	.word	0x000038c4
    1edc:	00002199 	.word	0x00002199
    1ee0:	2000007a 	.word	0x2000007a
    1ee4:	200000fc 	.word	0x200000fc
    1ee8:	000012b9 	.word	0x000012b9

00001eec <plc_com_receive_callback>:
void plc_com_receive_callback(struct usart_module* const usart_instance) {
    1eec:	b510      	push	{r4, lr}
    rprintf("UART Callback fired! Symbol: %c\r\n", sRxBuffer);
    1eee:	4b6e      	ldr	r3, [pc, #440]	; (20a8 <STACK_SIZE+0xa8>)
    1ef0:	8819      	ldrh	r1, [r3, #0]
    1ef2:	486e      	ldr	r0, [pc, #440]	; (20ac <STACK_SIZE+0xac>)
    1ef4:	4b6e      	ldr	r3, [pc, #440]	; (20b0 <STACK_SIZE+0xb0>)
    1ef6:	4798      	blx	r3
    if(sSymbolCounter == 0) {
    1ef8:	4b6e      	ldr	r3, [pc, #440]	; (20b4 <STACK_SIZE+0xb4>)
    1efa:	781a      	ldrb	r2, [r3, #0]
    1efc:	2a00      	cmp	r2, #0
    1efe:	d127      	bne.n	1f50 <plc_com_receive_callback+0x64>
        command = 0;
    1f00:	2300      	movs	r3, #0
    1f02:	4a6d      	ldr	r2, [pc, #436]	; (20b8 <STACK_SIZE+0xb8>)
    1f04:	7013      	strb	r3, [r2, #0]
        specifier = 0;
    1f06:	4a6d      	ldr	r2, [pc, #436]	; (20bc <STACK_SIZE+0xbc>)
    1f08:	7013      	strb	r3, [r2, #0]
	if(((sRxBuffer == cTerminator) != awaitTerminator) || sSymbolCounter > 2 ) {
    1f0a:	4b67      	ldr	r3, [pc, #412]	; (20a8 <STACK_SIZE+0xa8>)
    1f0c:	881a      	ldrh	r2, [r3, #0]
    1f0e:	4b6c      	ldr	r3, [pc, #432]	; (20c0 <STACK_SIZE+0xc0>)
    1f10:	7819      	ldrb	r1, [r3, #0]
    1f12:	0013      	movs	r3, r2
    1f14:	3b58      	subs	r3, #88	; 0x58
    1f16:	4258      	negs	r0, r3
    1f18:	4143      	adcs	r3, r0
    1f1a:	b2db      	uxtb	r3, r3
    1f1c:	428b      	cmp	r3, r1
    1f1e:	d125      	bne.n	1f6c <plc_com_receive_callback+0x80>
	if(sRxBuffer == cTerminator) {
    1f20:	2900      	cmp	r1, #0
    1f22:	d130      	bne.n	1f86 <plc_com_receive_callback+0x9a>
	    switch(sRxBuffer) {
    1f24:	2a4d      	cmp	r2, #77	; 0x4d
    1f26:	d100      	bne.n	1f2a <plc_com_receive_callback+0x3e>
    1f28:	e088      	b.n	203c <STACK_SIZE+0x3c>
    1f2a:	2a54      	cmp	r2, #84	; 0x54
    1f2c:	d100      	bne.n	1f30 <plc_com_receive_callback+0x44>
    1f2e:	e08c      	b.n	204a <STACK_SIZE+0x4a>
    1f30:	2a49      	cmp	r2, #73	; 0x49
    1f32:	d100      	bne.n	1f36 <plc_com_receive_callback+0x4a>
    1f34:	e076      	b.n	2024 <STACK_SIZE+0x24>
                rprintf("Invalid command! \r\n");
    1f36:	4863      	ldr	r0, [pc, #396]	; (20c4 <STACK_SIZE+0xc4>)
    1f38:	4b5d      	ldr	r3, [pc, #372]	; (20b0 <STACK_SIZE+0xb0>)
    1f3a:	4798      	blx	r3
			    plc_com_transmit_status(s_unknown, 0);
    1f3c:	2100      	movs	r1, #0
    1f3e:	2075      	movs	r0, #117	; 0x75
    1f40:	4b61      	ldr	r3, [pc, #388]	; (20c8 <STACK_SIZE+0xc8>)
    1f42:	4798      	blx	r3
				sSymbolCounter = 0;
    1f44:	2200      	movs	r2, #0
    1f46:	4b5b      	ldr	r3, [pc, #364]	; (20b4 <STACK_SIZE+0xb4>)
    1f48:	701a      	strb	r2, [r3, #0]
				plc_com_arm_receiver();
    1f4a:	4b60      	ldr	r3, [pc, #384]	; (20cc <STACK_SIZE+0xcc>)
    1f4c:	4798      	blx	r3
				return;
    1f4e:	e019      	b.n	1f84 <plc_com_receive_callback+0x98>
	if(((sRxBuffer == cTerminator) != awaitTerminator) || sSymbolCounter > 2 ) {
    1f50:	4b55      	ldr	r3, [pc, #340]	; (20a8 <STACK_SIZE+0xa8>)
    1f52:	8819      	ldrh	r1, [r3, #0]
    1f54:	000b      	movs	r3, r1
    1f56:	3b58      	subs	r3, #88	; 0x58
    1f58:	4258      	negs	r0, r3
    1f5a:	4143      	adcs	r3, r0
    1f5c:	b2db      	uxtb	r3, r3
    1f5e:	4858      	ldr	r0, [pc, #352]	; (20c0 <STACK_SIZE+0xc0>)
    1f60:	7800      	ldrb	r0, [r0, #0]
    1f62:	4283      	cmp	r3, r0
    1f64:	d102      	bne.n	1f6c <plc_com_receive_callback+0x80>
    1f66:	2a02      	cmp	r2, #2
    1f68:	d800      	bhi.n	1f6c <plc_com_receive_callback+0x80>
    1f6a:	e08d      	b.n	2088 <STACK_SIZE+0x88>
        rprintf("Invalid command!\r\n");
    1f6c:	4858      	ldr	r0, [pc, #352]	; (20d0 <STACK_SIZE+0xd0>)
    1f6e:	4b50      	ldr	r3, [pc, #320]	; (20b0 <STACK_SIZE+0xb0>)
    1f70:	4798      	blx	r3
		plc_com_transmit_status(s_unknown, 0);
    1f72:	2100      	movs	r1, #0
    1f74:	2075      	movs	r0, #117	; 0x75
    1f76:	4b54      	ldr	r3, [pc, #336]	; (20c8 <STACK_SIZE+0xc8>)
    1f78:	4798      	blx	r3
		sSymbolCounter = 0;
    1f7a:	2200      	movs	r2, #0
    1f7c:	4b4d      	ldr	r3, [pc, #308]	; (20b4 <STACK_SIZE+0xb4>)
    1f7e:	701a      	strb	r2, [r3, #0]
		plc_com_arm_receiver();
    1f80:	4b52      	ldr	r3, [pc, #328]	; (20cc <STACK_SIZE+0xcc>)
    1f82:	4798      	blx	r3
}
    1f84:	bd10      	pop	{r4, pc}
        rprintf("Valid command received. %c,%c\r\n", command, specifier);
    1f86:	4b4d      	ldr	r3, [pc, #308]	; (20bc <STACK_SIZE+0xbc>)
    1f88:	781a      	ldrb	r2, [r3, #0]
    1f8a:	4c4b      	ldr	r4, [pc, #300]	; (20b8 <STACK_SIZE+0xb8>)
    1f8c:	7821      	ldrb	r1, [r4, #0]
    1f8e:	4851      	ldr	r0, [pc, #324]	; (20d4 <STACK_SIZE+0xd4>)
    1f90:	4b47      	ldr	r3, [pc, #284]	; (20b0 <STACK_SIZE+0xb0>)
    1f92:	4798      	blx	r3
	switch(command){
    1f94:	7823      	ldrb	r3, [r4, #0]
    1f96:	2b4d      	cmp	r3, #77	; 0x4d
    1f98:	d01b      	beq.n	1fd2 <plc_com_receive_callback+0xe6>
    1f9a:	2b54      	cmp	r3, #84	; 0x54
    1f9c:	d015      	beq.n	1fca <plc_com_receive_callback+0xde>
	uint8_t statusCode = 0;
    1f9e:	2000      	movs	r0, #0
	switch(command){
    1fa0:	2b49      	cmp	r3, #73	; 0x49
    1fa2:	d00e      	beq.n	1fc2 <plc_com_receive_callback+0xd6>
	if(statusCode == 0) {
    1fa4:	2800      	cmp	r0, #0
    1fa6:	d034      	beq.n	2012 <STACK_SIZE+0x12>
	} else if(statusCode == 1) {
    1fa8:	2801      	cmp	r0, #1
    1faa:	d037      	beq.n	201c <STACK_SIZE+0x1c>
        plc_com_error(e_not_ready);
    1fac:	2033      	movs	r0, #51	; 0x33
    1fae:	4b4a      	ldr	r3, [pc, #296]	; (20d8 <STACK_SIZE+0xd8>)
    1fb0:	4798      	blx	r3
		sSymbolCounter = 0;
    1fb2:	2300      	movs	r3, #0
    1fb4:	4a3f      	ldr	r2, [pc, #252]	; (20b4 <STACK_SIZE+0xb4>)
    1fb6:	7013      	strb	r3, [r2, #0]
		awaitTerminator = false;
    1fb8:	4a41      	ldr	r2, [pc, #260]	; (20c0 <STACK_SIZE+0xc0>)
    1fba:	7013      	strb	r3, [r2, #0]
		plc_com_arm_receiver();
    1fbc:	4b43      	ldr	r3, [pc, #268]	; (20cc <STACK_SIZE+0xcc>)
    1fbe:	4798      	blx	r3
		return;
    1fc0:	e7e0      	b.n	1f84 <plc_com_receive_callback+0x98>
			statusCode = set_state(init);
    1fc2:	2003      	movs	r0, #3
    1fc4:	4b45      	ldr	r3, [pc, #276]	; (20dc <STACK_SIZE+0xdc>)
    1fc6:	4798      	blx	r3
    1fc8:	e7ec      	b.n	1fa4 <plc_com_receive_callback+0xb8>
		    statusCode = set_state(change_tool);
    1fca:	2006      	movs	r0, #6
    1fcc:	4b43      	ldr	r3, [pc, #268]	; (20dc <STACK_SIZE+0xdc>)
    1fce:	4798      	blx	r3
    1fd0:	e7e8      	b.n	1fa4 <plc_com_receive_callback+0xb8>
		plc_com_plc_to_state(command, specifier);
    1fd2:	4b3a      	ldr	r3, [pc, #232]	; (20bc <STACK_SIZE+0xbc>)
		    switch(specifier) {
    1fd4:	781b      	ldrb	r3, [r3, #0]
    1fd6:	3b63      	subs	r3, #99	; 0x63
    1fd8:	b2da      	uxtb	r2, r3
    1fda:	2a12      	cmp	r2, #18
    1fdc:	d817      	bhi.n	200e <STACK_SIZE+0xe>
    1fde:	0093      	lsls	r3, r2, #2
    1fe0:	4a3f      	ldr	r2, [pc, #252]	; (20e0 <STACK_SIZE+0xe0>)
    1fe2:	58d3      	ldr	r3, [r2, r3]
    1fe4:	469f      	mov	pc, r3
				    statusCode = set_state(pick);
    1fe6:	2004      	movs	r0, #4
    1fe8:	4b3c      	ldr	r3, [pc, #240]	; (20dc <STACK_SIZE+0xdc>)
    1fea:	4798      	blx	r3
    1fec:	e7da      	b.n	1fa4 <plc_com_receive_callback+0xb8>
				    statusCode = set_state(place);
    1fee:	2005      	movs	r0, #5
    1ff0:	4b3a      	ldr	r3, [pc, #232]	; (20dc <STACK_SIZE+0xdc>)
    1ff2:	4798      	blx	r3
    1ff4:	e7d6      	b.n	1fa4 <plc_com_receive_callback+0xb8>
				    statusCode = set_state(close_lid);
    1ff6:	2009      	movs	r0, #9
    1ff8:	4b38      	ldr	r3, [pc, #224]	; (20dc <STACK_SIZE+0xdc>)
    1ffa:	4798      	blx	r3
    1ffc:	e7d2      	b.n	1fa4 <plc_com_receive_callback+0xb8>
				    statusCode = set_state(stamp);
    1ffe:	2007      	movs	r0, #7
    2000:	4b36      	ldr	r3, [pc, #216]	; (20dc <STACK_SIZE+0xdc>)
    2002:	4798      	blx	r3
    2004:	e7ce      	b.n	1fa4 <plc_com_receive_callback+0xb8>
				    statusCode = set_state(soak);
    2006:	2008      	movs	r0, #8
    2008:	4b34      	ldr	r3, [pc, #208]	; (20dc <STACK_SIZE+0xdc>)
    200a:	4798      	blx	r3
    200c:	e7ca      	b.n	1fa4 <plc_com_receive_callback+0xb8>
	uint8_t statusCode = 0;
    200e:	2000      	movs	r0, #0
    2010:	e7c8      	b.n	1fa4 <plc_com_receive_callback+0xb8>
		plc_com_transmit_status(s_acknowledge, 0);
    2012:	2100      	movs	r1, #0
    2014:	3061      	adds	r0, #97	; 0x61
    2016:	4b2c      	ldr	r3, [pc, #176]	; (20c8 <STACK_SIZE+0xc8>)
    2018:	4798      	blx	r3
    201a:	e7ca      	b.n	1fb2 <plc_com_receive_callback+0xc6>
		plc_com_error(e_not_init);
    201c:	3030      	adds	r0, #48	; 0x30
    201e:	4b2e      	ldr	r3, [pc, #184]	; (20d8 <STACK_SIZE+0xd8>)
    2020:	4798      	blx	r3
    2022:	e7c6      	b.n	1fb2 <plc_com_receive_callback+0xc6>
			    command = c_init;
    2024:	4b24      	ldr	r3, [pc, #144]	; (20b8 <STACK_SIZE+0xb8>)
    2026:	701a      	strb	r2, [r3, #0]
				awaitTerminator = true;
    2028:	3a48      	subs	r2, #72	; 0x48
    202a:	4b25      	ldr	r3, [pc, #148]	; (20c0 <STACK_SIZE+0xc0>)
    202c:	701a      	strb	r2, [r3, #0]
		sSymbolCounter++;
    202e:	4a21      	ldr	r2, [pc, #132]	; (20b4 <STACK_SIZE+0xb4>)
    2030:	7813      	ldrb	r3, [r2, #0]
    2032:	3301      	adds	r3, #1
    2034:	7013      	strb	r3, [r2, #0]
		plc_com_arm_receiver();
    2036:	4b25      	ldr	r3, [pc, #148]	; (20cc <STACK_SIZE+0xcc>)
    2038:	4798      	blx	r3
		return;
    203a:	e7a3      	b.n	1f84 <plc_com_receive_callback+0x98>
			    command = c_move;
    203c:	224d      	movs	r2, #77	; 0x4d
    203e:	4b1e      	ldr	r3, [pc, #120]	; (20b8 <STACK_SIZE+0xb8>)
    2040:	701a      	strb	r2, [r3, #0]
				awaitTerminator = false;
    2042:	2200      	movs	r2, #0
    2044:	4b1e      	ldr	r3, [pc, #120]	; (20c0 <STACK_SIZE+0xc0>)
    2046:	701a      	strb	r2, [r3, #0]
				break;
    2048:	e7f1      	b.n	202e <STACK_SIZE+0x2e>
			    command = c_tool;
    204a:	2254      	movs	r2, #84	; 0x54
    204c:	4b1a      	ldr	r3, [pc, #104]	; (20b8 <STACK_SIZE+0xb8>)
    204e:	701a      	strb	r2, [r3, #0]
				awaitTerminator = true;
    2050:	3a53      	subs	r2, #83	; 0x53
    2052:	4b1b      	ldr	r3, [pc, #108]	; (20c0 <STACK_SIZE+0xc0>)
    2054:	701a      	strb	r2, [r3, #0]
				break;
    2056:	e7ea      	b.n	202e <STACK_SIZE+0x2e>
			    specifier = sRxBuffer;
    2058:	4b18      	ldr	r3, [pc, #96]	; (20bc <STACK_SIZE+0xbc>)
    205a:	7019      	strb	r1, [r3, #0]
		sSymbolCounter++;
    205c:	2202      	movs	r2, #2
    205e:	4b15      	ldr	r3, [pc, #84]	; (20b4 <STACK_SIZE+0xb4>)
    2060:	701a      	strb	r2, [r3, #0]
		awaitTerminator = true;
    2062:	3a01      	subs	r2, #1
    2064:	4b16      	ldr	r3, [pc, #88]	; (20c0 <STACK_SIZE+0xc0>)
    2066:	701a      	strb	r2, [r3, #0]
		plc_com_arm_receiver();
    2068:	4b18      	ldr	r3, [pc, #96]	; (20cc <STACK_SIZE+0xcc>)
    206a:	4798      	blx	r3
		return;
    206c:	e78a      	b.n	1f84 <plc_com_receive_callback+0x98>
                rprintf("Invalid command!\r\n");
    206e:	4818      	ldr	r0, [pc, #96]	; (20d0 <STACK_SIZE+0xd0>)
    2070:	4b0f      	ldr	r3, [pc, #60]	; (20b0 <STACK_SIZE+0xb0>)
    2072:	4798      	blx	r3
				plc_com_transmit_status(s_unknown, 0);
    2074:	2100      	movs	r1, #0
    2076:	2075      	movs	r0, #117	; 0x75
    2078:	4b13      	ldr	r3, [pc, #76]	; (20c8 <STACK_SIZE+0xc8>)
    207a:	4798      	blx	r3
				sSymbolCounter = 0;
    207c:	2200      	movs	r2, #0
    207e:	4b0d      	ldr	r3, [pc, #52]	; (20b4 <STACK_SIZE+0xb4>)
    2080:	701a      	strb	r2, [r3, #0]
				plc_com_arm_receiver();
    2082:	4b12      	ldr	r3, [pc, #72]	; (20cc <STACK_SIZE+0xcc>)
    2084:	4798      	blx	r3
				return;
    2086:	e77d      	b.n	1f84 <plc_com_receive_callback+0x98>
	if(sRxBuffer == cTerminator) {
    2088:	2958      	cmp	r1, #88	; 0x58
    208a:	d100      	bne.n	208e <STACK_SIZE+0x8e>
    208c:	e77b      	b.n	1f86 <plc_com_receive_callback+0x9a>
	if(sSymbolCounter == 1){
    208e:	2a01      	cmp	r2, #1
    2090:	d000      	beq.n	2094 <STACK_SIZE+0x94>
    2092:	e777      	b.n	1f84 <plc_com_receive_callback+0x98>
		switch(sRxBuffer) {
    2094:	000b      	movs	r3, r1
    2096:	3b63      	subs	r3, #99	; 0x63
    2098:	b29a      	uxth	r2, r3
    209a:	2a12      	cmp	r2, #18
    209c:	d8e7      	bhi.n	206e <STACK_SIZE+0x6e>
    209e:	0093      	lsls	r3, r2, #2
    20a0:	4a10      	ldr	r2, [pc, #64]	; (20e4 <STACK_SIZE+0xe4>)
    20a2:	58d3      	ldr	r3, [r2, r3]
    20a4:	469f      	mov	pc, r3
    20a6:	46c0      	nop			; (mov r8, r8)
    20a8:	2000007a 	.word	0x2000007a
    20ac:	000038d0 	.word	0x000038d0
    20b0:	00002199 	.word	0x00002199
    20b4:	2000007c 	.word	0x2000007c
    20b8:	20000079 	.word	0x20000079
    20bc:	2000007d 	.word	0x2000007d
    20c0:	20000078 	.word	0x20000078
    20c4:	00003928 	.word	0x00003928
    20c8:	00001d2d 	.word	0x00001d2d
    20cc:	00001ec5 	.word	0x00001ec5
    20d0:	000038f4 	.word	0x000038f4
    20d4:	00003908 	.word	0x00003908
    20d8:	00001de9 	.word	0x00001de9
    20dc:	00002ccd 	.word	0x00002ccd
    20e0:	0000382c 	.word	0x0000382c
    20e4:	00003878 	.word	0x00003878

000020e8 <iputc>:
#include "rprintf.h"

struct usart_module my_usart_instance;

static void iputc(uint8_t ch)
{
    20e8:	b570      	push	{r4, r5, r6, lr}
 */
static inline enum status_code usart_serial_putchar(
		struct usart_module *const module,
		uint8_t c)
{
	while(STATUS_OK !=usart_write_wait(module, c));
    20ea:	b284      	uxth	r4, r0
    20ec:	4e03      	ldr	r6, [pc, #12]	; (20fc <iputc+0x14>)
    20ee:	4d04      	ldr	r5, [pc, #16]	; (2100 <iputc+0x18>)
    20f0:	0021      	movs	r1, r4
    20f2:	0030      	movs	r0, r6
    20f4:	47a8      	blx	r5
    20f6:	2800      	cmp	r0, #0
    20f8:	d1fa      	bne.n	20f0 <iputc+0x8>
	/*This function has to be replaced by user*/	
	usart_serial_putchar(&my_usart_instance, ch);
}
    20fa:	bd70      	pop	{r4, r5, r6, pc}
    20fc:	200000d8 	.word	0x200000d8
    2100:	00001181 	.word	0x00001181

00002104 <rprintf_init>:
static uint8_t* change(uint32_t Index)
{
    return (uint8_t*)("0123456789abcdef"+Index);
}

void rprintf_init() {
    2104:	b570      	push	{r4, r5, r6, lr}
    2106:	b08c      	sub	sp, #48	; 0x30
{
	/* Sanity check arguments */
	Assert(config);

	/* Set default config in the config struct */
	config->data_order       = USART_DATAORDER_LSB;
    2108:	2380      	movs	r3, #128	; 0x80
    210a:	05db      	lsls	r3, r3, #23
    210c:	9300      	str	r3, [sp, #0]
	config->transfer_mode    = USART_TRANSFER_ASYNCHRONOUSLY;
    210e:	2300      	movs	r3, #0
    2110:	9301      	str	r3, [sp, #4]
	config->parity           = USART_PARITY_NONE;
    2112:	22ff      	movs	r2, #255	; 0xff
    2114:	4669      	mov	r1, sp
    2116:	810a      	strh	r2, [r1, #8]
	config->stopbits         = USART_STOPBITS_1;
    2118:	728b      	strb	r3, [r1, #10]
	config->character_size   = USART_CHARACTER_SIZE_8BIT;
    211a:	72cb      	strb	r3, [r1, #11]
	config->baudrate         = 9600;
    211c:	2296      	movs	r2, #150	; 0x96
    211e:	0192      	lsls	r2, r2, #6
    2120:	9204      	str	r2, [sp, #16]
	config->receiver_enable  = true;
    2122:	2401      	movs	r4, #1
    2124:	466a      	mov	r2, sp
    2126:	750c      	strb	r4, [r1, #20]
	config->transmitter_enable = true;
    2128:	754c      	strb	r4, [r1, #21]
	config->clock_polarity_inverted = false;
    212a:	758b      	strb	r3, [r1, #22]
	config->use_external_clock = false;
    212c:	75cb      	strb	r3, [r1, #23]
	config->ext_clock_freq   = 0;
    212e:	9306      	str	r3, [sp, #24]
	config->mux_setting      = USART_RX_1_TX_2_XCK_3;
	config->run_in_standby   = false;
    2130:	770b      	strb	r3, [r1, #28]
	config->generator_source = GCLK_GENERATOR_0;
    2132:	774b      	strb	r3, [r1, #29]
    struct usart_config my_config_usart;

    usart_get_config_defaults(&my_config_usart);

    my_config_usart.baudrate    = 9600;
	my_config_usart.mux_setting = EDBG_CDC_SERCOM_MUX_SETTING;
    2134:	23c4      	movs	r3, #196	; 0xc4
    2136:	039b      	lsls	r3, r3, #14
    2138:	9303      	str	r3, [sp, #12]
    my_config_usart.pinmux_pad0 = EDBG_CDC_SERCOM_PINMUX_PAD0;
    213a:	2301      	movs	r3, #1
    213c:	425b      	negs	r3, r3
    213e:	9308      	str	r3, [sp, #32]
    my_config_usart.pinmux_pad1 = EDBG_CDC_SERCOM_PINMUX_PAD1;
    2140:	9309      	str	r3, [sp, #36]	; 0x24
    my_config_usart.pinmux_pad2 = EDBG_CDC_SERCOM_PINMUX_PAD2;
    2142:	4b0e      	ldr	r3, [pc, #56]	; (217c <rprintf_init+0x78>)
    2144:	930a      	str	r3, [sp, #40]	; 0x28
    my_config_usart.pinmux_pad3 = EDBG_CDC_SERCOM_PINMUX_PAD3;
    2146:	4b0e      	ldr	r3, [pc, #56]	; (2180 <rprintf_init+0x7c>)
    2148:	930b      	str	r3, [sp, #44]	; 0x2c
	if (usart_init(module, hw, config) == STATUS_OK) {
    214a:	4e0e      	ldr	r6, [pc, #56]	; (2184 <rprintf_init+0x80>)
    214c:	490e      	ldr	r1, [pc, #56]	; (2188 <rprintf_init+0x84>)
    214e:	0030      	movs	r0, r6
    2150:	4b0e      	ldr	r3, [pc, #56]	; (218c <rprintf_init+0x88>)
    2152:	4798      	blx	r3
	/* Sanity check arguments */
	Assert(module);
	Assert(module->hw);

	/* Get a pointer to the hardware module instance */
	SercomUsart *const usart_hw = &(module->hw->USART);
    2154:	6835      	ldr	r5, [r6, #0]

#if USART_CALLBACK_MODE == true
	/* Enable Global interrupt for module */
	system_interrupt_enable(_sercom_get_interrupt_vector(module->hw));
    2156:	0028      	movs	r0, r5
    2158:	4b0d      	ldr	r3, [pc, #52]	; (2190 <rprintf_init+0x8c>)
    215a:	4798      	blx	r3
 * \param[in] vector Interrupt vector to enable
 */
static inline void system_interrupt_enable(
		const enum system_interrupt_vector vector)
{
	NVIC->ISER[0] = (uint32_t)(1 << ((uint32_t)vector & 0x0000001f));
    215c:	231f      	movs	r3, #31
    215e:	4018      	ands	r0, r3
    2160:	4084      	lsls	r4, r0
    2162:	4b0c      	ldr	r3, [pc, #48]	; (2194 <rprintf_init+0x90>)
    2164:	601c      	str	r4, [r3, #0]
	SercomUsart *const usart_hw = &(module->hw->USART);
    2166:	6832      	ldr	r2, [r6, #0]
	return (usart_hw->STATUS.reg & SERCOM_USART_STATUS_SYNCBUSY);
    2168:	8a13      	ldrh	r3, [r2, #16]
	while (usart_is_syncing(module)) {
    216a:	b21b      	sxth	r3, r3
    216c:	2b00      	cmp	r3, #0
    216e:	dbfb      	blt.n	2168 <rprintf_init+0x64>

	/* Wait until synchronization is complete */
	_usart_wait_for_sync(module);

	/* Enable USART module */
	usart_hw->CTRLA.reg |= SERCOM_USART_CTRLA_ENABLE;
    2170:	682b      	ldr	r3, [r5, #0]
    2172:	2202      	movs	r2, #2
    2174:	4313      	orrs	r3, r2
    2176:	602b      	str	r3, [r5, #0]

    usart_serial_init(&my_usart_instance, EDBG_CDC_MODULE,&my_config_usart);
    usart_enable(&my_usart_instance);
}
    2178:	b00c      	add	sp, #48	; 0x30
    217a:	bd70      	pop	{r4, r5, r6, pc}
    217c:	00180002 	.word	0x00180002
    2180:	00190002 	.word	0x00190002
    2184:	200000d8 	.word	0x200000d8
    2188:	42001400 	.word	0x42001400
    218c:	00000f35 	.word	0x00000f35
    2190:	000009a5 	.word	0x000009a5
    2194:	e000e100 	.word	0xe000e100

00002198 <rprintf>:

void rprintf(const uint8_t *pszFmt,...)
{
    2198:	b40f      	push	{r0, r1, r2, r3}
    219a:	b5f0      	push	{r4, r5, r6, r7, lr}
    219c:	46de      	mov	lr, fp
    219e:	4657      	mov	r7, sl
    21a0:	464e      	mov	r6, r9
    21a2:	4645      	mov	r5, r8
    21a4:	b5e0      	push	{r5, r6, r7, lr}
    21a6:	b08f      	sub	sp, #60	; 0x3c
    uint8_t *pszVal;
    uint32_t iVal, xVal, i = 0, buffer[12], index = 1;
    21a8:	2401      	movs	r4, #1
                buffer[i++]=0;

            while(i > 0)
            {
                i--;
                iputc(*change(buffer[i]));
    21aa:	4b56      	ldr	r3, [pc, #344]	; (2304 <rprintf+0x16c>)
    21ac:	469b      	mov	fp, r3
    while(*pszFmt)
    21ae:	e00d      	b.n	21cc <rprintf+0x34>
        pszFmt++;
    21b0:	1c6a      	adds	r2, r5, #1
    21b2:	9218      	str	r2, [sp, #96]	; 0x60
        if(*pszFmt == 's')
    21b4:	786b      	ldrb	r3, [r5, #1]
    21b6:	2b73      	cmp	r3, #115	; 0x73
    21b8:	d014      	beq.n	21e4 <rprintf+0x4c>
        if(*pszFmt == 'd')
    21ba:	2b64      	cmp	r3, #100	; 0x64
    21bc:	d025      	beq.n	220a <rprintf+0x72>
        if(*pszFmt == 'c')
    21be:	2b63      	cmp	r3, #99	; 0x63
    21c0:	d054      	beq.n	226c <rprintf+0xd4>
        if(*pszFmt == 'x')
    21c2:	2b78      	cmp	r3, #120	; 0x78
    21c4:	d05e      	beq.n	2284 <rprintf+0xec>
            }
            pszFmt++;
            continue;
        }
        if(pszFmt == '\0')
    21c6:	2a00      	cmp	r2, #0
    21c8:	d100      	bne.n	21cc <rprintf+0x34>
    21ca:	e090      	b.n	22ee <rprintf+0x156>
    while(*pszFmt)
    21cc:	9d18      	ldr	r5, [sp, #96]	; 0x60
    21ce:	7828      	ldrb	r0, [r5, #0]
    21d0:	2800      	cmp	r0, #0
    21d2:	d100      	bne.n	21d6 <rprintf+0x3e>
    21d4:	e08b      	b.n	22ee <rprintf+0x156>
        if('%' != *pszFmt)
    21d6:	2825      	cmp	r0, #37	; 0x25
    21d8:	d0ea      	beq.n	21b0 <rprintf+0x18>
            iputc(*pszFmt);
    21da:	4b4b      	ldr	r3, [pc, #300]	; (2308 <rprintf+0x170>)
    21dc:	4798      	blx	r3
            pszFmt++;
    21de:	3501      	adds	r5, #1
    21e0:	9518      	str	r5, [sp, #96]	; 0x60
            continue;
    21e2:	e7f3      	b.n	21cc <rprintf+0x34>
            pszVal = (uint8_t*)pArg[index++];
    21e4:	1c67      	adds	r7, r4, #1
    21e6:	00a4      	lsls	r4, r4, #2
    21e8:	ab18      	add	r3, sp, #96	; 0x60
    21ea:	469c      	mov	ip, r3
    21ec:	4464      	add	r4, ip
    21ee:	6824      	ldr	r4, [r4, #0]
            for(; *pszVal != '\0'; pszVal++)
    21f0:	7820      	ldrb	r0, [r4, #0]
    21f2:	2800      	cmp	r0, #0
    21f4:	d005      	beq.n	2202 <rprintf+0x6a>
                iputc(*pszVal);
    21f6:	4e44      	ldr	r6, [pc, #272]	; (2308 <rprintf+0x170>)
    21f8:	47b0      	blx	r6
            for(; *pszVal != '\0'; pszVal++)
    21fa:	3401      	adds	r4, #1
    21fc:	7820      	ldrb	r0, [r4, #0]
    21fe:	2800      	cmp	r0, #0
    2200:	d1fa      	bne.n	21f8 <rprintf+0x60>
            pszFmt++;
    2202:	3502      	adds	r5, #2
    2204:	9518      	str	r5, [sp, #96]	; 0x60
            pszVal = (uint8_t*)pArg[index++];
    2206:	003c      	movs	r4, r7
            continue;
    2208:	e7e0      	b.n	21cc <rprintf+0x34>
            iVal = pArg[index++];
    220a:	1c63      	adds	r3, r4, #1
    220c:	9301      	str	r3, [sp, #4]
    220e:	00a4      	lsls	r4, r4, #2
    2210:	ab18      	add	r3, sp, #96	; 0x60
    2212:	469c      	mov	ip, r3
    2214:	4464      	add	r4, ip
    2216:	6826      	ldr	r6, [r4, #0]
    2218:	ab02      	add	r3, sp, #8
    221a:	4698      	mov	r8, r3
            i = 0;
    221c:	2700      	movs	r7, #0
                buffer[i++] = iVal % 10;
    221e:	4b3b      	ldr	r3, [pc, #236]	; (230c <rprintf+0x174>)
    2220:	469a      	mov	sl, r3
                iVal /= 10;
    2222:	4b3b      	ldr	r3, [pc, #236]	; (2310 <rprintf+0x178>)
    2224:	4699      	mov	r9, r3
    2226:	e000      	b.n	222a <rprintf+0x92>
                buffer[i++] = iVal % 10;
    2228:	0027      	movs	r7, r4
    222a:	1c7c      	adds	r4, r7, #1
    222c:	210a      	movs	r1, #10
    222e:	0030      	movs	r0, r6
    2230:	47d0      	blx	sl
    2232:	4643      	mov	r3, r8
    2234:	c302      	stmia	r3!, {r1}
    2236:	4698      	mov	r8, r3
                iVal /= 10;
    2238:	210a      	movs	r1, #10
    223a:	0030      	movs	r0, r6
    223c:	47c8      	blx	r9
    223e:	1e06      	subs	r6, r0, #0
            }while(iVal);
    2240:	d1f2      	bne.n	2228 <rprintf+0x90>
            while(i > 0)
    2242:	2c00      	cmp	r4, #0
    2244:	d00e      	beq.n	2264 <rprintf+0xcc>
    2246:	00bf      	lsls	r7, r7, #2
    2248:	ab02      	add	r3, sp, #8
    224a:	469c      	mov	ip, r3
    224c:	4467      	add	r7, ip
                iputc(*change(buffer[i]));
    224e:	4b2d      	ldr	r3, [pc, #180]	; (2304 <rprintf+0x16c>)
    2250:	4698      	mov	r8, r3
    2252:	4e2d      	ldr	r6, [pc, #180]	; (2308 <rprintf+0x170>)
                i--;
    2254:	3c01      	subs	r4, #1
                iputc(*change(buffer[i]));
    2256:	4643      	mov	r3, r8
    2258:	683a      	ldr	r2, [r7, #0]
    225a:	5c98      	ldrb	r0, [r3, r2]
    225c:	47b0      	blx	r6
    225e:	3f04      	subs	r7, #4
            while(i > 0)
    2260:	2c00      	cmp	r4, #0
    2262:	d1f7      	bne.n	2254 <rprintf+0xbc>
            pszFmt++;
    2264:	3502      	adds	r5, #2
    2266:	9518      	str	r5, [sp, #96]	; 0x60
            iVal = pArg[index++];
    2268:	9c01      	ldr	r4, [sp, #4]
            continue;
    226a:	e7af      	b.n	21cc <rprintf+0x34>
            cVal = (uint8_t)pArg[index++];
    226c:	1c66      	adds	r6, r4, #1
    226e:	00a4      	lsls	r4, r4, #2
    2270:	ab18      	add	r3, sp, #96	; 0x60
    2272:	469c      	mov	ip, r3
    2274:	4464      	add	r4, ip
            iputc(cVal);
    2276:	7820      	ldrb	r0, [r4, #0]
    2278:	4b23      	ldr	r3, [pc, #140]	; (2308 <rprintf+0x170>)
    227a:	4798      	blx	r3
            pszFmt++;
    227c:	3502      	adds	r5, #2
    227e:	9518      	str	r5, [sp, #96]	; 0x60
            cVal = (uint8_t)pArg[index++];
    2280:	0034      	movs	r4, r6
            continue;
    2282:	e7a3      	b.n	21cc <rprintf+0x34>
            xVal = pArg[index++];
    2284:	1c67      	adds	r7, r4, #1
    2286:	00a4      	lsls	r4, r4, #2
    2288:	ab18      	add	r3, sp, #96	; 0x60
    228a:	469c      	mov	ip, r3
    228c:	4464      	add	r4, ip
    228e:	6823      	ldr	r3, [r4, #0]
    2290:	aa02      	add	r2, sp, #8
            i = 0;
    2292:	2100      	movs	r1, #0
                buffer[i++] = xVal % 16;
    2294:	260f      	movs	r6, #15
    2296:	e000      	b.n	229a <rprintf+0x102>
    2298:	0021      	movs	r1, r4
    229a:	1c4c      	adds	r4, r1, #1
    229c:	0030      	movs	r0, r6
    229e:	4018      	ands	r0, r3
    22a0:	c201      	stmia	r2!, {r0}
                xVal /= 16;
    22a2:	091b      	lsrs	r3, r3, #4
            }while(xVal);
    22a4:	d1f8      	bne.n	2298 <rprintf+0x100>
            if(i%2!=0)
    22a6:	07e3      	lsls	r3, r4, #31
    22a8:	d504      	bpl.n	22b4 <rprintf+0x11c>
                buffer[i++]=0;
    22aa:	00a4      	lsls	r4, r4, #2
    22ac:	2300      	movs	r3, #0
    22ae:	aa02      	add	r2, sp, #8
    22b0:	50a3      	str	r3, [r4, r2]
    22b2:	1c8c      	adds	r4, r1, #2
            if(i<2)
    22b4:	2c01      	cmp	r4, #1
    22b6:	d914      	bls.n	22e2 <rprintf+0x14a>
            while(i > 0)
    22b8:	2c00      	cmp	r4, #0
    22ba:	d00e      	beq.n	22da <rprintf+0x142>
    22bc:	4b15      	ldr	r3, [pc, #84]	; (2314 <rprintf+0x17c>)
    22be:	18e6      	adds	r6, r4, r3
    22c0:	00b6      	lsls	r6, r6, #2
    22c2:	ab02      	add	r3, sp, #8
    22c4:	469c      	mov	ip, r3
    22c6:	4466      	add	r6, ip
                i--;
    22c8:	3c01      	subs	r4, #1
                iputc(*change(buffer[i]));
    22ca:	465b      	mov	r3, fp
    22cc:	6832      	ldr	r2, [r6, #0]
    22ce:	5c98      	ldrb	r0, [r3, r2]
    22d0:	4b0d      	ldr	r3, [pc, #52]	; (2308 <rprintf+0x170>)
    22d2:	4798      	blx	r3
    22d4:	3e04      	subs	r6, #4
            while(i > 0)
    22d6:	2c00      	cmp	r4, #0
    22d8:	d1f6      	bne.n	22c8 <rprintf+0x130>
            pszFmt++;
    22da:	3502      	adds	r5, #2
    22dc:	9518      	str	r5, [sp, #96]	; 0x60
            xVal = pArg[index++];
    22de:	003c      	movs	r4, r7
            continue;
    22e0:	e774      	b.n	21cc <rprintf+0x34>
                buffer[i++]=0;
    22e2:	00a3      	lsls	r3, r4, #2
    22e4:	2200      	movs	r2, #0
    22e6:	a902      	add	r1, sp, #8
    22e8:	505a      	str	r2, [r3, r1]
    22ea:	3401      	adds	r4, #1
    22ec:	e7e4      	b.n	22b8 <rprintf+0x120>
        {
            break;
        }

    }
    22ee:	b00f      	add	sp, #60	; 0x3c
    22f0:	bc3c      	pop	{r2, r3, r4, r5}
    22f2:	4690      	mov	r8, r2
    22f4:	4699      	mov	r9, r3
    22f6:	46a2      	mov	sl, r4
    22f8:	46ab      	mov	fp, r5
    22fa:	bcf0      	pop	{r4, r5, r6, r7}
    22fc:	bc08      	pop	{r3}
    22fe:	b004      	add	sp, #16
    2300:	4718      	bx	r3
    2302:	46c0      	nop			; (mov r8, r8)
    2304:	00003974 	.word	0x00003974
    2308:	000020e9 	.word	0x000020e9
    230c:	00003325 	.word	0x00003325
    2310:	00003219 	.word	0x00003219
    2314:	3fffffff 	.word	0x3fffffff

00002318 <z_axis_home>:
static void z_axis_drop_tool(void);

     /*
	  * @brief: Initialize the Z_axis: move to home position and calibrate the force sensor. Tool is set to pick tool.
	  */
void z_axis_home() {
    2318:	b510      	push	{r4, lr}

    #if LOGS >= 1
    rprintf("LOG: Z_AXIS_HOMING\r\n");
    231a:	4809      	ldr	r0, [pc, #36]	; (2340 <z_axis_home+0x28>)
    231c:	4b09      	ldr	r3, [pc, #36]	; (2344 <z_axis_home+0x2c>)
    231e:	4798      	blx	r3
    #endif
	
	drv_ctrl_home();
    2320:	4b09      	ldr	r3, [pc, #36]	; (2348 <z_axis_home+0x30>)
    2322:	4798      	blx	r3
	force_sense_calibrate();
    2324:	4b09      	ldr	r3, [pc, #36]	; (234c <z_axis_home+0x34>)
    2326:	4798      	blx	r3
	sTool = pick_tool;
    2328:	2200      	movs	r2, #0
    232a:	4b09      	ldr	r3, [pc, #36]	; (2350 <z_axis_home+0x38>)
    232c:	701a      	strb	r2, [r3, #0]
    drv_ctrl_moveto(TRAVEL_HEIGHT_mm);
    232e:	20af      	movs	r0, #175	; 0xaf
    2330:	0080      	lsls	r0, r0, #2
    2332:	4b08      	ldr	r3, [pc, #32]	; (2354 <z_axis_home+0x3c>)
    2334:	4798      	blx	r3
	set_state(success);
    2336:	200a      	movs	r0, #10
    2338:	4b07      	ldr	r3, [pc, #28]	; (2358 <z_axis_home+0x40>)
    233a:	4798      	blx	r3
}
    233c:	bd10      	pop	{r4, pc}
    233e:	46c0      	nop			; (mov r8, r8)
    2340:	000039dc 	.word	0x000039dc
    2344:	00002199 	.word	0x00002199
    2348:	00001965 	.word	0x00001965
    234c:	00001ce5 	.word	0x00001ce5
    2350:	2000007e 	.word	0x2000007e
    2354:	000019fd 	.word	0x000019fd
    2358:	00002ccd 	.word	0x00002ccd

0000235c <z_axis_pick_sample>:

    /*
	 * @brief: Move down to pick position, switch on magnet and move up to travel position, then send the success message to the PLC.
	 */
void z_axis_pick_sample(){
    235c:	b510      	push	{r4, lr}

    #if LOGS >= 1
    rprintf("LOG: Z_PICK_SAMPLE\r\n");
    235e:	480e      	ldr	r0, [pc, #56]	; (2398 <z_axis_pick_sample+0x3c>)
    2360:	4b0e      	ldr	r3, [pc, #56]	; (239c <z_axis_pick_sample+0x40>)
    2362:	4798      	blx	r3
    #endif
	
	if(sTool == stamp_tool) {
    2364:	4b0e      	ldr	r3, [pc, #56]	; (23a0 <z_axis_pick_sample+0x44>)
    2366:	781b      	ldrb	r3, [r3, #0]
    2368:	2b01      	cmp	r3, #1
    236a:	d011      	beq.n	2390 <z_axis_pick_sample+0x34>
		plc_com_error(e_wrong_tool);
		return;
	}
	
	drv_ctrl_moveto(PICK_HEIGHT_mm);
    236c:	480d      	ldr	r0, [pc, #52]	; (23a4 <z_axis_pick_sample+0x48>)
    236e:	4c0e      	ldr	r4, [pc, #56]	; (23a8 <z_axis_pick_sample+0x4c>)
    2370:	47a0      	blx	r4
		port_base->OUTSET.reg = pin_mask;
    2372:	2280      	movs	r2, #128	; 0x80
    2374:	03d2      	lsls	r2, r2, #15
    2376:	4b0d      	ldr	r3, [pc, #52]	; (23ac <z_axis_pick_sample+0x50>)
    2378:	619a      	str	r2, [r3, #24]
	port_pin_set_output_level(MAGNET_SWITCH_PIN, true);
	delay_ms(WAIT_TIME_ms);
    237a:	20fa      	movs	r0, #250	; 0xfa
    237c:	0080      	lsls	r0, r0, #2
    237e:	4b0c      	ldr	r3, [pc, #48]	; (23b0 <z_axis_pick_sample+0x54>)
    2380:	4798      	blx	r3
	drv_ctrl_moveto(TRAVEL_HEIGHT_mm);
    2382:	20af      	movs	r0, #175	; 0xaf
    2384:	0080      	lsls	r0, r0, #2
    2386:	47a0      	blx	r4
	set_state(success);
    2388:	200a      	movs	r0, #10
    238a:	4b0a      	ldr	r3, [pc, #40]	; (23b4 <z_axis_pick_sample+0x58>)
    238c:	4798      	blx	r3
}
    238e:	bd10      	pop	{r4, pc}
		plc_com_error(e_wrong_tool);
    2390:	2032      	movs	r0, #50	; 0x32
    2392:	4b09      	ldr	r3, [pc, #36]	; (23b8 <z_axis_pick_sample+0x5c>)
    2394:	4798      	blx	r3
		return;
    2396:	e7fa      	b.n	238e <z_axis_pick_sample+0x32>
    2398:	000039f4 	.word	0x000039f4
    239c:	00002199 	.word	0x00002199
    23a0:	2000007e 	.word	0x2000007e
    23a4:	00001a5e 	.word	0x00001a5e
    23a8:	000019fd 	.word	0x000019fd
    23ac:	41004400 	.word	0x41004400
    23b0:	00000145 	.word	0x00000145
    23b4:	00002ccd 	.word	0x00002ccd
    23b8:	00001de9 	.word	0x00001de9

000023bc <z_axis_place_sample>:

    /*
	 * @brief: Move down to place position, switch of magnet and move up to travel position, then send the success message to the PLC.
	 */
void z_axis_place_sample(){
    23bc:	b510      	push	{r4, lr}

    #if LOGS >= 1
    rprintf("LOG: Z_PLACE_SAMPLE\r\n");
    23be:	480e      	ldr	r0, [pc, #56]	; (23f8 <z_axis_place_sample+0x3c>)
    23c0:	4b0e      	ldr	r3, [pc, #56]	; (23fc <z_axis_place_sample+0x40>)
    23c2:	4798      	blx	r3
    #endif
	
	if(sTool == stamp_tool) {
    23c4:	4b0e      	ldr	r3, [pc, #56]	; (2400 <z_axis_place_sample+0x44>)
    23c6:	781b      	ldrb	r3, [r3, #0]
    23c8:	2b01      	cmp	r3, #1
    23ca:	d011      	beq.n	23f0 <z_axis_place_sample+0x34>
		plc_com_error(e_wrong_tool);
		return;
	}
	
	drv_ctrl_moveto(PLACE_HEIGHT_mm);
    23cc:	480d      	ldr	r0, [pc, #52]	; (2404 <z_axis_place_sample+0x48>)
    23ce:	4c0e      	ldr	r4, [pc, #56]	; (2408 <z_axis_place_sample+0x4c>)
    23d0:	47a0      	blx	r4
		port_base->OUTCLR.reg = pin_mask;
    23d2:	2280      	movs	r2, #128	; 0x80
    23d4:	03d2      	lsls	r2, r2, #15
    23d6:	4b0d      	ldr	r3, [pc, #52]	; (240c <z_axis_place_sample+0x50>)
    23d8:	615a      	str	r2, [r3, #20]
	port_pin_set_output_level(MAGNET_SWITCH_PIN, false);
	delay_ms(WAIT_TIME_ms);
    23da:	20fa      	movs	r0, #250	; 0xfa
    23dc:	0080      	lsls	r0, r0, #2
    23de:	4b0c      	ldr	r3, [pc, #48]	; (2410 <z_axis_place_sample+0x54>)
    23e0:	4798      	blx	r3
	drv_ctrl_moveto(TRAVEL_HEIGHT_mm);
    23e2:	20af      	movs	r0, #175	; 0xaf
    23e4:	0080      	lsls	r0, r0, #2
    23e6:	47a0      	blx	r4
	set_state(success);
    23e8:	200a      	movs	r0, #10
    23ea:	4b0a      	ldr	r3, [pc, #40]	; (2414 <z_axis_place_sample+0x58>)
    23ec:	4798      	blx	r3
}
    23ee:	bd10      	pop	{r4, pc}
		plc_com_error(e_wrong_tool);
    23f0:	2032      	movs	r0, #50	; 0x32
    23f2:	4b09      	ldr	r3, [pc, #36]	; (2418 <z_axis_place_sample+0x5c>)
    23f4:	4798      	blx	r3
		return;
    23f6:	e7fa      	b.n	23ee <z_axis_place_sample+0x32>
    23f8:	00003a0c 	.word	0x00003a0c
    23fc:	00002199 	.word	0x00002199
    2400:	2000007e 	.word	0x2000007e
    2404:	000010cc 	.word	0x000010cc
    2408:	000019fd 	.word	0x000019fd
    240c:	41004400 	.word	0x41004400
    2410:	00000145 	.word	0x00000145
    2414:	00002ccd 	.word	0x00002ccd
    2418:	00001de9 	.word	0x00001de9

0000241c <z_axis_soak_stamp>:

    /* 
	 * @brief: Move down to the ink pad till the required force is reached. Then move to the travel position.
	 */
void z_axis_soak_stamp() {
    241c:	b570      	push	{r4, r5, r6, lr}

    uint8_t status = 0;

    #if LOGS >= 1
    rprintf("LOG: Z_SOAK_STAMP\r\n");
    241e:	4812      	ldr	r0, [pc, #72]	; (2468 <z_axis_soak_stamp+0x4c>)
    2420:	4b12      	ldr	r3, [pc, #72]	; (246c <z_axis_soak_stamp+0x50>)
    2422:	4798      	blx	r3
    #endif
	
	if(sTool == pick_tool) {
    2424:	4b12      	ldr	r3, [pc, #72]	; (2470 <z_axis_soak_stamp+0x54>)
    2426:	781b      	ldrb	r3, [r3, #0]
    2428:	2b00      	cmp	r3, #0
    242a:	d014      	beq.n	2456 <z_axis_soak_stamp+0x3a>
		plc_com_error(e_wrong_tool);
		return;
	}
	
	drv_ctrl_moveto(SOAK_HEIGHT_mm);
    242c:	4811      	ldr	r0, [pc, #68]	; (2474 <z_axis_soak_stamp+0x58>)
    242e:	4c12      	ldr	r4, [pc, #72]	; (2478 <z_axis_soak_stamp+0x5c>)
    2430:	47a0      	blx	r4
	status = drv_ctrl_move_till_force(SOAK_FORCE_mN);
    2432:	20fa      	movs	r0, #250	; 0xfa
    2434:	0040      	lsls	r0, r0, #1
    2436:	4b11      	ldr	r3, [pc, #68]	; (247c <z_axis_soak_stamp+0x60>)
    2438:	4798      	blx	r3
    243a:	0005      	movs	r5, r0
	delay_ms(WAIT_TIME_ms);
    243c:	20fa      	movs	r0, #250	; 0xfa
    243e:	0080      	lsls	r0, r0, #2
    2440:	4b0f      	ldr	r3, [pc, #60]	; (2480 <z_axis_soak_stamp+0x64>)
    2442:	4798      	blx	r3
	drv_ctrl_moveto(TRAVEL_HEIGHT_mm);
    2444:	20af      	movs	r0, #175	; 0xaf
    2446:	0080      	lsls	r0, r0, #2
    2448:	47a0      	blx	r4

    if(status == 0){
    244a:	2d00      	cmp	r5, #0
    244c:	d007      	beq.n	245e <z_axis_soak_stamp+0x42>
	    set_state(success);
    } else {
        plc_com_error(e_force);
    244e:	2034      	movs	r0, #52	; 0x34
    2450:	4b0c      	ldr	r3, [pc, #48]	; (2484 <z_axis_soak_stamp+0x68>)
    2452:	4798      	blx	r3
    2454:	e002      	b.n	245c <z_axis_soak_stamp+0x40>
		plc_com_error(e_wrong_tool);
    2456:	2032      	movs	r0, #50	; 0x32
    2458:	4b0a      	ldr	r3, [pc, #40]	; (2484 <z_axis_soak_stamp+0x68>)
    245a:	4798      	blx	r3
    }

}
    245c:	bd70      	pop	{r4, r5, r6, pc}
	    set_state(success);
    245e:	200a      	movs	r0, #10
    2460:	4b09      	ldr	r3, [pc, #36]	; (2488 <z_axis_soak_stamp+0x6c>)
    2462:	4798      	blx	r3
    2464:	e7fa      	b.n	245c <z_axis_soak_stamp+0x40>
    2466:	46c0      	nop			; (mov r8, r8)
    2468:	00003a24 	.word	0x00003a24
    246c:	00002199 	.word	0x00002199
    2470:	2000007e 	.word	0x2000007e
    2474:	00002166 	.word	0x00002166
    2478:	000019fd 	.word	0x000019fd
    247c:	00001ae5 	.word	0x00001ae5
    2480:	00000145 	.word	0x00000145
    2484:	00001de9 	.word	0x00001de9
    2488:	00002ccd 	.word	0x00002ccd

0000248c <z_axis_stamp>:

    /* 
	 * @brief: Move down to the box till the required force is reached. Then move to the travel position.
	 */
void z_axis_stamp() {
    248c:	b570      	push	{r4, r5, r6, lr}

    uint8_t status = 0;

    #if LOGS >= 1
    rprintf("LOG: Z_STAMP\r\n");
    248e:	4812      	ldr	r0, [pc, #72]	; (24d8 <z_axis_stamp+0x4c>)
    2490:	4b12      	ldr	r3, [pc, #72]	; (24dc <z_axis_stamp+0x50>)
    2492:	4798      	blx	r3
    #endif
	
	if(sTool == pick_tool) {
    2494:	4b12      	ldr	r3, [pc, #72]	; (24e0 <z_axis_stamp+0x54>)
    2496:	781b      	ldrb	r3, [r3, #0]
    2498:	2b00      	cmp	r3, #0
    249a:	d014      	beq.n	24c6 <z_axis_stamp+0x3a>
		plc_com_error(e_wrong_tool);
		return;
	}
	
	drv_ctrl_moveto(STAMP_HEIGHT_mm);
    249c:	4811      	ldr	r0, [pc, #68]	; (24e4 <z_axis_stamp+0x58>)
    249e:	4c12      	ldr	r4, [pc, #72]	; (24e8 <z_axis_stamp+0x5c>)
    24a0:	47a0      	blx	r4
	status = drv_ctrl_move_till_force(STAMP_FORCE_mN);
    24a2:	20fa      	movs	r0, #250	; 0xfa
    24a4:	0040      	lsls	r0, r0, #1
    24a6:	4b11      	ldr	r3, [pc, #68]	; (24ec <z_axis_stamp+0x60>)
    24a8:	4798      	blx	r3
    24aa:	0005      	movs	r5, r0
	delay_ms(WAIT_TIME_ms);
    24ac:	20fa      	movs	r0, #250	; 0xfa
    24ae:	0080      	lsls	r0, r0, #2
    24b0:	4b0f      	ldr	r3, [pc, #60]	; (24f0 <z_axis_stamp+0x64>)
    24b2:	4798      	blx	r3
	drv_ctrl_moveto(TRAVEL_HEIGHT_mm);
    24b4:	20af      	movs	r0, #175	; 0xaf
    24b6:	0080      	lsls	r0, r0, #2
    24b8:	47a0      	blx	r4
	
    if(status == 0){
    24ba:	2d00      	cmp	r5, #0
    24bc:	d007      	beq.n	24ce <z_axis_stamp+0x42>
        set_state(success);
        } else {
        plc_com_error(e_force);
    24be:	2034      	movs	r0, #52	; 0x34
    24c0:	4b0c      	ldr	r3, [pc, #48]	; (24f4 <z_axis_stamp+0x68>)
    24c2:	4798      	blx	r3
    24c4:	e002      	b.n	24cc <z_axis_stamp+0x40>
		plc_com_error(e_wrong_tool);
    24c6:	2032      	movs	r0, #50	; 0x32
    24c8:	4b0a      	ldr	r3, [pc, #40]	; (24f4 <z_axis_stamp+0x68>)
    24ca:	4798      	blx	r3
    }
}
    24cc:	bd70      	pop	{r4, r5, r6, pc}
        set_state(success);
    24ce:	200a      	movs	r0, #10
    24d0:	4b09      	ldr	r3, [pc, #36]	; (24f8 <z_axis_stamp+0x6c>)
    24d2:	4798      	blx	r3
    24d4:	e7fa      	b.n	24cc <z_axis_stamp+0x40>
    24d6:	46c0      	nop			; (mov r8, r8)
    24d8:	00003a38 	.word	0x00003a38
    24dc:	00002199 	.word	0x00002199
    24e0:	2000007e 	.word	0x2000007e
    24e4:	00000ce4 	.word	0x00000ce4
    24e8:	000019fd 	.word	0x000019fd
    24ec:	00001ae5 	.word	0x00001ae5
    24f0:	00000145 	.word	0x00000145
    24f4:	00001de9 	.word	0x00001de9
    24f8:	00002ccd 	.word	0x00002ccd

000024fc <z_axis_close_lid>:
}

    /* 
	 * @brief: Here the sequence for closing the lid is implemented. This sequence has to be defined, based on the mechanical aspects of the machine.
	 */
void z_axis_close_lid() {
    24fc:	b510      	push	{r4, lr}

    #if LOGS >= 1
    rprintf("LOG: Z_CLOSE_LID\r\n");
    24fe:	480c      	ldr	r0, [pc, #48]	; (2530 <z_axis_close_lid+0x34>)
    2500:	4b0c      	ldr	r3, [pc, #48]	; (2534 <z_axis_close_lid+0x38>)
    2502:	4798      	blx	r3
    #endif
	
	if(sTool == stamp_tool) {
    2504:	4b0c      	ldr	r3, [pc, #48]	; (2538 <z_axis_close_lid+0x3c>)
    2506:	781b      	ldrb	r3, [r3, #0]
    2508:	2b01      	cmp	r3, #1
    250a:	d00d      	beq.n	2528 <z_axis_close_lid+0x2c>
		plc_com_error(e_wrong_tool);
		return;
	}
	
	drv_ctrl_moveto(CLOSE_HEIGHT_mm);
    250c:	480b      	ldr	r0, [pc, #44]	; (253c <z_axis_close_lid+0x40>)
    250e:	4c0c      	ldr	r4, [pc, #48]	; (2540 <z_axis_close_lid+0x44>)
    2510:	47a0      	blx	r4
	delay_ms(WAIT_TIME_ms);
    2512:	20fa      	movs	r0, #250	; 0xfa
    2514:	0080      	lsls	r0, r0, #2
    2516:	4b0b      	ldr	r3, [pc, #44]	; (2544 <z_axis_close_lid+0x48>)
    2518:	4798      	blx	r3
	drv_ctrl_moveto(TRAVEL_HEIGHT_mm);
    251a:	20af      	movs	r0, #175	; 0xaf
    251c:	0080      	lsls	r0, r0, #2
    251e:	47a0      	blx	r4
	set_state(success);
    2520:	200a      	movs	r0, #10
    2522:	4b09      	ldr	r3, [pc, #36]	; (2548 <z_axis_close_lid+0x4c>)
    2524:	4798      	blx	r3
}
    2526:	bd10      	pop	{r4, pc}
		plc_com_error(e_wrong_tool);
    2528:	2032      	movs	r0, #50	; 0x32
    252a:	4b08      	ldr	r3, [pc, #32]	; (254c <z_axis_close_lid+0x50>)
    252c:	4798      	blx	r3
		return;
    252e:	e7fa      	b.n	2526 <z_axis_close_lid+0x2a>
    2530:	000039c8 	.word	0x000039c8
    2534:	00002199 	.word	0x00002199
    2538:	2000007e 	.word	0x2000007e
    253c:	00001a2c 	.word	0x00001a2c
    2540:	000019fd 	.word	0x000019fd
    2544:	00000145 	.word	0x00000145
    2548:	00002ccd 	.word	0x00002ccd
    254c:	00001de9 	.word	0x00001de9

00002550 <z_axis_change_tool>:

    /* 
	 * @brief: Sequence for tool changing. This sequence calls static function drop_tool and grab_tool based on the actual tool.
	 */
void z_axis_change_tool() {
    2550:	b510      	push	{r4, lr}

    #if LOGS >= 1
    rprintf("LOG: Z_CHANGE_TOOL\r\n");
    2552:	481c      	ldr	r0, [pc, #112]	; (25c4 <z_axis_change_tool+0x74>)
    2554:	4b1c      	ldr	r3, [pc, #112]	; (25c8 <z_axis_change_tool+0x78>)
    2556:	4798      	blx	r3
    #endif
	
	if(sTool == pick_tool){
    2558:	4b1c      	ldr	r3, [pc, #112]	; (25cc <z_axis_change_tool+0x7c>)
    255a:	781b      	ldrb	r3, [r3, #0]
    255c:	2b00      	cmp	r3, #0
    255e:	d019      	beq.n	2594 <z_axis_change_tool+0x44>
    rprintf("LOG: Z_DROP_TOOL\r\n");
    2560:	481b      	ldr	r0, [pc, #108]	; (25d0 <z_axis_change_tool+0x80>)
    2562:	4b19      	ldr	r3, [pc, #100]	; (25c8 <z_axis_change_tool+0x78>)
    2564:	4798      	blx	r3
	drv_ctrl_moveto(TOOL_DROP_HEIGHT_mm);
    2566:	481b      	ldr	r0, [pc, #108]	; (25d4 <z_axis_change_tool+0x84>)
    2568:	4c1b      	ldr	r4, [pc, #108]	; (25d8 <z_axis_change_tool+0x88>)
    256a:	47a0      	blx	r4
    256c:	2280      	movs	r2, #128	; 0x80
    256e:	03d2      	lsls	r2, r2, #15
    2570:	4b1a      	ldr	r3, [pc, #104]	; (25dc <z_axis_change_tool+0x8c>)
    2572:	615a      	str	r2, [r3, #20]
	delay_ms(WAIT_TIME_ms);
    2574:	20fa      	movs	r0, #250	; 0xfa
    2576:	0080      	lsls	r0, r0, #2
    2578:	4b19      	ldr	r3, [pc, #100]	; (25e0 <z_axis_change_tool+0x90>)
    257a:	4798      	blx	r3
	drv_ctrl_moveto(TRAVEL_HEIGHT_mm);
    257c:	20af      	movs	r0, #175	; 0xaf
    257e:	0080      	lsls	r0, r0, #2
    2580:	47a0      	blx	r4
	force_sense_calibrate();
    2582:	4b18      	ldr	r3, [pc, #96]	; (25e4 <z_axis_change_tool+0x94>)
    2584:	4798      	blx	r3
		z_axis_grab_tool();
		sTool = stamp_tool;
	} else {
		z_axis_drop_tool();
		sTool = pick_tool;
    2586:	2200      	movs	r2, #0
    2588:	4b10      	ldr	r3, [pc, #64]	; (25cc <z_axis_change_tool+0x7c>)
    258a:	701a      	strb	r2, [r3, #0]
	}
	set_state(success);
    258c:	200a      	movs	r0, #10
    258e:	4b16      	ldr	r3, [pc, #88]	; (25e8 <z_axis_change_tool+0x98>)
    2590:	4798      	blx	r3
}
    2592:	bd10      	pop	{r4, pc}
    rprintf("LOG: Z_GRAB_TOOL\r\n");
    2594:	4815      	ldr	r0, [pc, #84]	; (25ec <z_axis_change_tool+0x9c>)
    2596:	4b0c      	ldr	r3, [pc, #48]	; (25c8 <z_axis_change_tool+0x78>)
    2598:	4798      	blx	r3
		port_base->OUTSET.reg = pin_mask;
    259a:	2280      	movs	r2, #128	; 0x80
    259c:	03d2      	lsls	r2, r2, #15
    259e:	4b0f      	ldr	r3, [pc, #60]	; (25dc <z_axis_change_tool+0x8c>)
    25a0:	619a      	str	r2, [r3, #24]
	drv_ctrl_moveto(TOOL_GRAB_HEIGHT_mm);
    25a2:	4813      	ldr	r0, [pc, #76]	; (25f0 <z_axis_change_tool+0xa0>)
    25a4:	4c0c      	ldr	r4, [pc, #48]	; (25d8 <z_axis_change_tool+0x88>)
    25a6:	47a0      	blx	r4
	delay_ms(WAIT_TIME_ms);
    25a8:	20fa      	movs	r0, #250	; 0xfa
    25aa:	0080      	lsls	r0, r0, #2
    25ac:	4b0c      	ldr	r3, [pc, #48]	; (25e0 <z_axis_change_tool+0x90>)
    25ae:	4798      	blx	r3
	drv_ctrl_moveto(TRAVEL_HEIGHT_mm);
    25b0:	20af      	movs	r0, #175	; 0xaf
    25b2:	0080      	lsls	r0, r0, #2
    25b4:	47a0      	blx	r4
	force_sense_calibrate();
    25b6:	4b0b      	ldr	r3, [pc, #44]	; (25e4 <z_axis_change_tool+0x94>)
    25b8:	4798      	blx	r3
		sTool = stamp_tool;
    25ba:	2201      	movs	r2, #1
    25bc:	4b03      	ldr	r3, [pc, #12]	; (25cc <z_axis_change_tool+0x7c>)
    25be:	701a      	strb	r2, [r3, #0]
    25c0:	e7e4      	b.n	258c <z_axis_change_tool+0x3c>
    25c2:	46c0      	nop			; (mov r8, r8)
    25c4:	00003988 	.word	0x00003988
    25c8:	00002199 	.word	0x00002199
    25cc:	2000007e 	.word	0x2000007e
    25d0:	000039b4 	.word	0x000039b4
    25d4:	000024b8 	.word	0x000024b8
    25d8:	000019fd 	.word	0x000019fd
    25dc:	41004400 	.word	0x41004400
    25e0:	00000145 	.word	0x00000145
    25e4:	00001ce5 	.word	0x00001ce5
    25e8:	00002ccd 	.word	0x00002ccd
    25ec:	000039a0 	.word	0x000039a0
    25f0:	0000254e 	.word	0x0000254e

000025f4 <cpu_irq_enter_critical>:
volatile bool g_interrupt_enabled = true;
#endif

void cpu_irq_enter_critical(void)
{
	if (cpu_irq_critical_section_counter == 0) {
    25f4:	4b0c      	ldr	r3, [pc, #48]	; (2628 <cpu_irq_enter_critical+0x34>)
    25f6:	681b      	ldr	r3, [r3, #0]
    25f8:	2b00      	cmp	r3, #0
    25fa:	d106      	bne.n	260a <cpu_irq_enter_critical+0x16>
 */
__STATIC_FORCEINLINE uint32_t __get_PRIMASK(void)
{
  uint32_t result;

  __ASM volatile ("MRS %0, primask" : "=r" (result) :: "memory");
    25fc:	f3ef 8310 	mrs	r3, PRIMASK
		if (cpu_irq_is_enabled()) {
    2600:	2b00      	cmp	r3, #0
    2602:	d007      	beq.n	2614 <cpu_irq_enter_critical+0x20>
			cpu_irq_disable();
			cpu_irq_prev_interrupt_state = true;
		} else {
			/* Make sure the to save the prev state as false */
			cpu_irq_prev_interrupt_state = false;
    2604:	2200      	movs	r2, #0
    2606:	4b09      	ldr	r3, [pc, #36]	; (262c <cpu_irq_enter_critical+0x38>)
    2608:	701a      	strb	r2, [r3, #0]
		}

	}

	cpu_irq_critical_section_counter++;
    260a:	4a07      	ldr	r2, [pc, #28]	; (2628 <cpu_irq_enter_critical+0x34>)
    260c:	6813      	ldr	r3, [r2, #0]
    260e:	3301      	adds	r3, #1
    2610:	6013      	str	r3, [r2, #0]
}
    2612:	4770      	bx	lr
  __ASM volatile ("cpsid i" : : : "memory");
    2614:	b672      	cpsid	i
  \details Ensures the apparent order of the explicit memory operations before
           and after the instruction, without ensuring their completion.
 */
__STATIC_FORCEINLINE void __DMB(void)
{
  __ASM volatile ("dmb 0xF":::"memory");
    2616:	f3bf 8f5f 	dmb	sy
			cpu_irq_disable();
    261a:	2200      	movs	r2, #0
    261c:	4b04      	ldr	r3, [pc, #16]	; (2630 <cpu_irq_enter_critical+0x3c>)
    261e:	701a      	strb	r2, [r3, #0]
			cpu_irq_prev_interrupt_state = true;
    2620:	3201      	adds	r2, #1
    2622:	4b02      	ldr	r3, [pc, #8]	; (262c <cpu_irq_enter_critical+0x38>)
    2624:	701a      	strb	r2, [r3, #0]
    2626:	e7f0      	b.n	260a <cpu_irq_enter_critical+0x16>
    2628:	20000080 	.word	0x20000080
    262c:	20000084 	.word	0x20000084
    2630:	20000008 	.word	0x20000008

00002634 <cpu_irq_leave_critical>:
void cpu_irq_leave_critical(void)
{
	/* Check if the user is trying to leave a critical section when not in a critical section */
	Assert(cpu_irq_critical_section_counter > 0);

	cpu_irq_critical_section_counter--;
    2634:	4b08      	ldr	r3, [pc, #32]	; (2658 <cpu_irq_leave_critical+0x24>)
    2636:	681a      	ldr	r2, [r3, #0]
    2638:	3a01      	subs	r2, #1
    263a:	601a      	str	r2, [r3, #0]

	/* Only enable global interrupts when the counter reaches 0 and the state of the global interrupt flag
	   was enabled when entering critical state */
	if ((cpu_irq_critical_section_counter == 0) && (cpu_irq_prev_interrupt_state)) {
    263c:	681b      	ldr	r3, [r3, #0]
    263e:	2b00      	cmp	r3, #0
    2640:	d109      	bne.n	2656 <cpu_irq_leave_critical+0x22>
    2642:	4b06      	ldr	r3, [pc, #24]	; (265c <cpu_irq_leave_critical+0x28>)
    2644:	781b      	ldrb	r3, [r3, #0]
    2646:	2b00      	cmp	r3, #0
    2648:	d005      	beq.n	2656 <cpu_irq_leave_critical+0x22>
		cpu_irq_enable();
    264a:	2201      	movs	r2, #1
    264c:	4b04      	ldr	r3, [pc, #16]	; (2660 <cpu_irq_leave_critical+0x2c>)
    264e:	701a      	strb	r2, [r3, #0]
    2650:	f3bf 8f5f 	dmb	sy
  __ASM volatile ("cpsie i" : : : "memory");
    2654:	b662      	cpsie	i
	}
}
    2656:	4770      	bx	lr
    2658:	20000080 	.word	0x20000080
    265c:	20000084 	.word	0x20000084
    2660:	20000008 	.word	0x20000008

00002664 <system_board_init>:
void board_init(void);
#  pragma weak board_init=system_board_init
#endif

void system_board_init(void)
{
    2664:	b5f0      	push	{r4, r5, r6, r7, lr}
    2666:	b083      	sub	sp, #12
	config->input_pull = PORT_PIN_PULL_UP;
    2668:	ac01      	add	r4, sp, #4
    266a:	2501      	movs	r5, #1
    266c:	7065      	strb	r5, [r4, #1]
	config->powersave  = false;
    266e:	2700      	movs	r7, #0
    2670:	70a7      	strb	r7, [r4, #2]
	struct port_config pin_conf;
	port_get_config_defaults(&pin_conf);

	/* Configure LEDs as outputs, turn them off */
	pin_conf.direction  = PORT_PIN_DIR_OUTPUT;
    2672:	7025      	strb	r5, [r4, #0]
	port_pin_set_config(LED_0_PIN, &pin_conf);
    2674:	0021      	movs	r1, r4
    2676:	200e      	movs	r0, #14
    2678:	4e06      	ldr	r6, [pc, #24]	; (2694 <system_board_init+0x30>)
    267a:	47b0      	blx	r6
		port_base->OUTSET.reg = pin_mask;
    267c:	2280      	movs	r2, #128	; 0x80
    267e:	01d2      	lsls	r2, r2, #7
    2680:	4b05      	ldr	r3, [pc, #20]	; (2698 <system_board_init+0x34>)
    2682:	619a      	str	r2, [r3, #24]
	port_pin_set_output_level(LED_0_PIN, LED_0_INACTIVE);

	/* Set buttons as inputs */
	pin_conf.direction  = PORT_PIN_DIR_INPUT;
    2684:	7027      	strb	r7, [r4, #0]
	pin_conf.input_pull = PORT_PIN_PULL_UP;
    2686:	7065      	strb	r5, [r4, #1]
	port_pin_set_config(BUTTON_0_PIN, &pin_conf);
    2688:	0021      	movs	r1, r4
    268a:	200f      	movs	r0, #15
    268c:	47b0      	blx	r6

	pin_conf.direction  = PORT_PIN_DIR_INPUT;
	port_pin_set_config(AT86RFX_SPI_MISO, &pin_conf);
	
#endif
}
    268e:	b003      	add	sp, #12
    2690:	bdf0      	pop	{r4, r5, r6, r7, pc}
    2692:	46c0      	nop			; (mov r8, r8)
    2694:	0000269d 	.word	0x0000269d
    2698:	41004400 	.word	0x41004400

0000269c <port_pin_set_config>:
 *  \param[in] config    Configuration settings for the pin
 */
void port_pin_set_config(
		const uint8_t gpio_pin,
		const struct port_config *const config)
{
    269c:	b500      	push	{lr}
    269e:	b083      	sub	sp, #12
	config->mux_position = SYSTEM_PINMUX_GPIO;
    26a0:	ab01      	add	r3, sp, #4
    26a2:	2280      	movs	r2, #128	; 0x80
    26a4:	701a      	strb	r2, [r3, #0]

	struct system_pinmux_config pinmux_config;
	system_pinmux_get_config_defaults(&pinmux_config);

	pinmux_config.mux_position = SYSTEM_PINMUX_GPIO;
	pinmux_config.direction    = (enum system_pinmux_pin_dir)config->direction;
    26a6:	780a      	ldrb	r2, [r1, #0]
    26a8:	705a      	strb	r2, [r3, #1]
	pinmux_config.input_pull   = (enum system_pinmux_pin_pull)config->input_pull;
    26aa:	784a      	ldrb	r2, [r1, #1]
    26ac:	709a      	strb	r2, [r3, #2]
	pinmux_config.powersave    = config->powersave;
    26ae:	788a      	ldrb	r2, [r1, #2]
    26b0:	70da      	strb	r2, [r3, #3]

	system_pinmux_pin_set_config(gpio_pin, &pinmux_config);
    26b2:	0019      	movs	r1, r3
    26b4:	4b01      	ldr	r3, [pc, #4]	; (26bc <port_pin_set_config+0x20>)
    26b6:	4798      	blx	r3
}
    26b8:	b003      	add	sp, #12
    26ba:	bd00      	pop	{pc}
    26bc:	00002bd1 	.word	0x00002bd1

000026c0 <system_clock_source_get_hz>:
 *
 * \returns Frequency of the given clock source, in Hz.
 */
uint32_t system_clock_source_get_hz(
		const enum system_clock_source clock_source)
{
    26c0:	b510      	push	{r4, lr}
	switch (clock_source) {
    26c2:	2807      	cmp	r0, #7
    26c4:	d803      	bhi.n	26ce <system_clock_source_get_hz+0xe>
    26c6:	0080      	lsls	r0, r0, #2
    26c8:	4b16      	ldr	r3, [pc, #88]	; (2724 <system_clock_source_get_hz+0x64>)
    26ca:	581b      	ldr	r3, [r3, r0]
    26cc:	469f      	mov	pc, r3
		}

		return 48000000UL;

	default:
		return 0;
    26ce:	2000      	movs	r0, #0
    26d0:	e027      	b.n	2722 <system_clock_source_get_hz+0x62>
		return _system_clock_inst.xosc.frequency;
    26d2:	4b15      	ldr	r3, [pc, #84]	; (2728 <system_clock_source_get_hz+0x68>)
    26d4:	68d8      	ldr	r0, [r3, #12]
    26d6:	e024      	b.n	2722 <system_clock_source_get_hz+0x62>
		return 8000000UL >> SYSCTRL->OSC8M.bit.PRESC;
    26d8:	4b14      	ldr	r3, [pc, #80]	; (272c <system_clock_source_get_hz+0x6c>)
    26da:	6a1b      	ldr	r3, [r3, #32]
    26dc:	059b      	lsls	r3, r3, #22
    26de:	0f9b      	lsrs	r3, r3, #30
    26e0:	4813      	ldr	r0, [pc, #76]	; (2730 <system_clock_source_get_hz+0x70>)
    26e2:	40d8      	lsrs	r0, r3
    26e4:	e01d      	b.n	2722 <system_clock_source_get_hz+0x62>
		return _system_clock_inst.xosc32k.frequency;
    26e6:	4b10      	ldr	r3, [pc, #64]	; (2728 <system_clock_source_get_hz+0x68>)
    26e8:	6918      	ldr	r0, [r3, #16]
    26ea:	e01a      	b.n	2722 <system_clock_source_get_hz+0x62>
		if (!(_system_clock_inst.dfll.control & SYSCTRL_DFLLCTRL_ENABLE))
    26ec:	4b0e      	ldr	r3, [pc, #56]	; (2728 <system_clock_source_get_hz+0x68>)
    26ee:	681b      	ldr	r3, [r3, #0]
			return 0;
    26f0:	2000      	movs	r0, #0
		if (!(_system_clock_inst.dfll.control & SYSCTRL_DFLLCTRL_ENABLE))
    26f2:	079b      	lsls	r3, r3, #30
    26f4:	d515      	bpl.n	2722 <system_clock_source_get_hz+0x62>
	while (!(SYSCTRL->PCLKSR.reg & SYSCTRL_PCLKSR_DFLLRDY)) {
    26f6:	490d      	ldr	r1, [pc, #52]	; (272c <system_clock_source_get_hz+0x6c>)
    26f8:	2210      	movs	r2, #16
    26fa:	68cb      	ldr	r3, [r1, #12]
    26fc:	421a      	tst	r2, r3
    26fe:	d0fc      	beq.n	26fa <system_clock_source_get_hz+0x3a>
		if (_system_clock_inst.dfll.control & SYSCTRL_DFLLCTRL_MODE) {
    2700:	4b09      	ldr	r3, [pc, #36]	; (2728 <system_clock_source_get_hz+0x68>)
    2702:	681b      	ldr	r3, [r3, #0]
    2704:	075b      	lsls	r3, r3, #29
    2706:	d401      	bmi.n	270c <system_clock_source_get_hz+0x4c>
		return 48000000UL;
    2708:	480a      	ldr	r0, [pc, #40]	; (2734 <system_clock_source_get_hz+0x74>)
    270a:	e00a      	b.n	2722 <system_clock_source_get_hz+0x62>
			return system_gclk_chan_get_hz(SYSCTRL_GCLK_ID_DFLL48) *
    270c:	2000      	movs	r0, #0
    270e:	4b0a      	ldr	r3, [pc, #40]	; (2738 <system_clock_source_get_hz+0x78>)
    2710:	4798      	blx	r3
					(_system_clock_inst.dfll.mul & 0xffff);
    2712:	4b05      	ldr	r3, [pc, #20]	; (2728 <system_clock_source_get_hz+0x68>)
    2714:	689b      	ldr	r3, [r3, #8]
    2716:	041b      	lsls	r3, r3, #16
    2718:	0c1b      	lsrs	r3, r3, #16
			return system_gclk_chan_get_hz(SYSCTRL_GCLK_ID_DFLL48) *
    271a:	4358      	muls	r0, r3
    271c:	e001      	b.n	2722 <system_clock_source_get_hz+0x62>
		return 32768UL;
    271e:	2080      	movs	r0, #128	; 0x80
    2720:	0200      	lsls	r0, r0, #8
	}
}
    2722:	bd10      	pop	{r4, pc}
    2724:	00003a48 	.word	0x00003a48
    2728:	20000088 	.word	0x20000088
    272c:	40000800 	.word	0x40000800
    2730:	007a1200 	.word	0x007a1200
    2734:	02dc6c00 	.word	0x02dc6c00
    2738:	00002af5 	.word	0x00002af5

0000273c <system_clock_source_osc8m_set_config>:
 *
 * \param[in] config  OSC8M configuration structure containing the new config
 */
void system_clock_source_osc8m_set_config(
		struct system_clock_source_osc8m_config *const config)
{
    273c:	b570      	push	{r4, r5, r6, lr}
	SYSCTRL_OSC8M_Type temp = SYSCTRL->OSC8M;
    273e:	490c      	ldr	r1, [pc, #48]	; (2770 <system_clock_source_osc8m_set_config+0x34>)
    2740:	6a0b      	ldr	r3, [r1, #32]

	/* Use temporary struct to reduce register access */
	temp.bit.PRESC    = config->prescaler;
    2742:	7804      	ldrb	r4, [r0, #0]
	temp.bit.ONDEMAND = config->on_demand;
    2744:	7885      	ldrb	r5, [r0, #2]
	temp.bit.RUNSTDBY = config->run_in_standby;

	SYSCTRL->OSC8M = temp;
    2746:	7840      	ldrb	r0, [r0, #1]
    2748:	2201      	movs	r2, #1
    274a:	4010      	ands	r0, r2
    274c:	0180      	lsls	r0, r0, #6
    274e:	2640      	movs	r6, #64	; 0x40
    2750:	43b3      	bics	r3, r6
    2752:	4303      	orrs	r3, r0
    2754:	402a      	ands	r2, r5
    2756:	01d2      	lsls	r2, r2, #7
    2758:	2080      	movs	r0, #128	; 0x80
    275a:	4383      	bics	r3, r0
    275c:	4313      	orrs	r3, r2
    275e:	2203      	movs	r2, #3
    2760:	4022      	ands	r2, r4
    2762:	0212      	lsls	r2, r2, #8
    2764:	4803      	ldr	r0, [pc, #12]	; (2774 <system_clock_source_osc8m_set_config+0x38>)
    2766:	4003      	ands	r3, r0
    2768:	4313      	orrs	r3, r2
    276a:	620b      	str	r3, [r1, #32]
}
    276c:	bd70      	pop	{r4, r5, r6, pc}
    276e:	46c0      	nop			; (mov r8, r8)
    2770:	40000800 	.word	0x40000800
    2774:	fffffcff 	.word	0xfffffcff

00002778 <system_clock_source_enable>:
 *                                 device
 */
enum status_code system_clock_source_enable(
		const enum system_clock_source clock_source)
{
	switch (clock_source) {
    2778:	2807      	cmp	r0, #7
    277a:	d803      	bhi.n	2784 <system_clock_source_enable+0xc>
    277c:	0080      	lsls	r0, r0, #2
    277e:	4b1e      	ldr	r3, [pc, #120]	; (27f8 <system_clock_source_enable+0x80>)
    2780:	581b      	ldr	r3, [r3, r0]
    2782:	469f      	mov	pc, r3
		/* Always enabled */
		return STATUS_OK;

	default:
		Assert(false);
		return STATUS_ERR_INVALID_ARG;
    2784:	2017      	movs	r0, #23
    2786:	e036      	b.n	27f6 <system_clock_source_enable+0x7e>
		SYSCTRL->OSC8M.reg |= SYSCTRL_OSC8M_ENABLE;
    2788:	4a1c      	ldr	r2, [pc, #112]	; (27fc <system_clock_source_enable+0x84>)
    278a:	6a13      	ldr	r3, [r2, #32]
    278c:	2102      	movs	r1, #2
    278e:	430b      	orrs	r3, r1
    2790:	6213      	str	r3, [r2, #32]
		return STATUS_OK;
    2792:	2000      	movs	r0, #0
    2794:	e02f      	b.n	27f6 <system_clock_source_enable+0x7e>
		SYSCTRL->OSC32K.reg |= SYSCTRL_OSC32K_ENABLE;
    2796:	4a19      	ldr	r2, [pc, #100]	; (27fc <system_clock_source_enable+0x84>)
    2798:	6993      	ldr	r3, [r2, #24]
    279a:	2102      	movs	r1, #2
    279c:	430b      	orrs	r3, r1
    279e:	6193      	str	r3, [r2, #24]
	}

	return STATUS_OK;
    27a0:	2000      	movs	r0, #0
		break;
    27a2:	e028      	b.n	27f6 <system_clock_source_enable+0x7e>
		SYSCTRL->XOSC.reg |= SYSCTRL_XOSC_ENABLE;
    27a4:	4a15      	ldr	r2, [pc, #84]	; (27fc <system_clock_source_enable+0x84>)
    27a6:	8a13      	ldrh	r3, [r2, #16]
    27a8:	2102      	movs	r1, #2
    27aa:	430b      	orrs	r3, r1
    27ac:	8213      	strh	r3, [r2, #16]
	return STATUS_OK;
    27ae:	2000      	movs	r0, #0
		break;
    27b0:	e021      	b.n	27f6 <system_clock_source_enable+0x7e>
		SYSCTRL->XOSC32K.reg |= SYSCTRL_XOSC32K_ENABLE;
    27b2:	4a12      	ldr	r2, [pc, #72]	; (27fc <system_clock_source_enable+0x84>)
    27b4:	8a93      	ldrh	r3, [r2, #20]
    27b6:	2102      	movs	r1, #2
    27b8:	430b      	orrs	r3, r1
    27ba:	8293      	strh	r3, [r2, #20]
	return STATUS_OK;
    27bc:	2000      	movs	r0, #0
		break;
    27be:	e01a      	b.n	27f6 <system_clock_source_enable+0x7e>
		_system_clock_inst.dfll.control |= SYSCTRL_DFLLCTRL_ENABLE;
    27c0:	4b0f      	ldr	r3, [pc, #60]	; (2800 <system_clock_source_enable+0x88>)
    27c2:	681a      	ldr	r2, [r3, #0]
    27c4:	2102      	movs	r1, #2
    27c6:	430a      	orrs	r2, r1
    27c8:	601a      	str	r2, [r3, #0]
	SYSCTRL->DFLLCTRL.reg = _system_clock_inst.dfll.control & ~SYSCTRL_DFLLCTRL_ONDEMAND;
    27ca:	681b      	ldr	r3, [r3, #0]
    27cc:	4a0d      	ldr	r2, [pc, #52]	; (2804 <system_clock_source_enable+0x8c>)
    27ce:	4013      	ands	r3, r2
    27d0:	4a0a      	ldr	r2, [pc, #40]	; (27fc <system_clock_source_enable+0x84>)
    27d2:	8493      	strh	r3, [r2, #36]	; 0x24
	while (!(SYSCTRL->PCLKSR.reg & SYSCTRL_PCLKSR_DFLLRDY)) {
    27d4:	0011      	movs	r1, r2
    27d6:	2210      	movs	r2, #16
    27d8:	68cb      	ldr	r3, [r1, #12]
    27da:	421a      	tst	r2, r3
    27dc:	d0fc      	beq.n	27d8 <system_clock_source_enable+0x60>
	SYSCTRL->DFLLMUL.reg = _system_clock_inst.dfll.mul;
    27de:	4a08      	ldr	r2, [pc, #32]	; (2800 <system_clock_source_enable+0x88>)
    27e0:	6891      	ldr	r1, [r2, #8]
    27e2:	4b06      	ldr	r3, [pc, #24]	; (27fc <system_clock_source_enable+0x84>)
    27e4:	62d9      	str	r1, [r3, #44]	; 0x2c
	SYSCTRL->DFLLVAL.reg = _system_clock_inst.dfll.val;
    27e6:	6851      	ldr	r1, [r2, #4]
    27e8:	6299      	str	r1, [r3, #40]	; 0x28
	SYSCTRL->DFLLCTRL.reg = _system_clock_inst.dfll.control;
    27ea:	6812      	ldr	r2, [r2, #0]
    27ec:	b292      	uxth	r2, r2
    27ee:	849a      	strh	r2, [r3, #36]	; 0x24
	return STATUS_OK;
    27f0:	2000      	movs	r0, #0
    27f2:	e000      	b.n	27f6 <system_clock_source_enable+0x7e>
		return STATUS_OK;
    27f4:	2000      	movs	r0, #0
}
    27f6:	4770      	bx	lr
    27f8:	00003a68 	.word	0x00003a68
    27fc:	40000800 	.word	0x40000800
    2800:	20000088 	.word	0x20000088
    2804:	0000ff7f 	.word	0x0000ff7f

00002808 <system_clock_init>:
 * \note OSC8M is always enabled and if user selects other clocks for GCLK generators,
 * the OSC8M default enable can be disabled after system_clock_init. Make sure the
 * clock switch successfully before disabling OSC8M.
 */
void system_clock_init(void)
{
    2808:	b530      	push	{r4, r5, lr}
    280a:	b085      	sub	sp, #20
	/* Various bits in the INTFLAG register can be set to one at startup.
	   This will ensure that these bits are cleared */
	SYSCTRL->INTFLAG.reg = SYSCTRL_INTFLAG_BOD33RDY | SYSCTRL_INTFLAG_BOD33DET |
    280c:	22c2      	movs	r2, #194	; 0xc2
    280e:	00d2      	lsls	r2, r2, #3
    2810:	4b1a      	ldr	r3, [pc, #104]	; (287c <system_clock_init+0x74>)
    2812:	609a      	str	r2, [r3, #8]
static inline void system_flash_set_waitstates(uint8_t wait_states)
{
	Assert(NVMCTRL_CTRLB_RWS((uint32_t)wait_states) ==
			((uint32_t)wait_states << NVMCTRL_CTRLB_RWS_Pos));

	NVMCTRL->CTRLB.bit.RWS = wait_states;
    2814:	4a1a      	ldr	r2, [pc, #104]	; (2880 <system_clock_init+0x78>)
    2816:	6853      	ldr	r3, [r2, #4]
    2818:	211e      	movs	r1, #30
    281a:	438b      	bics	r3, r1
    281c:	6053      	str	r3, [r2, #4]
	gclk_conf.source_generator = GCLK_GENERATOR_1;
    281e:	2301      	movs	r3, #1
    2820:	466a      	mov	r2, sp
    2822:	7013      	strb	r3, [r2, #0]
	for (gclk_id = 0; gclk_id < GCLK_NUM; gclk_id++) {
    2824:	2400      	movs	r4, #0
		system_gclk_chan_set_config(gclk_id, &gclk_conf);
    2826:	4d17      	ldr	r5, [pc, #92]	; (2884 <system_clock_init+0x7c>)
    2828:	b2e0      	uxtb	r0, r4
    282a:	4669      	mov	r1, sp
    282c:	47a8      	blx	r5
	for (gclk_id = 0; gclk_id < GCLK_NUM; gclk_id++) {
    282e:	3401      	adds	r4, #1
    2830:	2c1c      	cmp	r4, #28
    2832:	d1f9      	bne.n	2828 <system_clock_init+0x20>
	config->run_in_standby  = false;
    2834:	a803      	add	r0, sp, #12
    2836:	2400      	movs	r4, #0
    2838:	7044      	strb	r4, [r0, #1]
	config->on_demand       = true;
    283a:	2501      	movs	r5, #1
    283c:	7085      	strb	r5, [r0, #2]

	/* OSC8M */
	struct system_clock_source_osc8m_config osc8m_conf;
	system_clock_source_osc8m_get_config_defaults(&osc8m_conf);

	osc8m_conf.prescaler       = CONF_CLOCK_OSC8M_PRESCALER;
    283e:	7004      	strb	r4, [r0, #0]
	osc8m_conf.on_demand       = CONF_CLOCK_OSC8M_ON_DEMAND;
	osc8m_conf.run_in_standby  = CONF_CLOCK_OSC8M_RUN_IN_STANDBY;

	system_clock_source_osc8m_set_config(&osc8m_conf);
    2840:	4b11      	ldr	r3, [pc, #68]	; (2888 <system_clock_init+0x80>)
    2842:	4798      	blx	r3
	system_clock_source_enable(SYSTEM_CLOCK_SOURCE_OSC8M);
    2844:	2006      	movs	r0, #6
    2846:	4b11      	ldr	r3, [pc, #68]	; (288c <system_clock_init+0x84>)
    2848:	4798      	blx	r3


	/* GCLK */
#if CONF_CLOCK_CONFIGURE_GCLK == true
	system_gclk_init();
    284a:	4b11      	ldr	r3, [pc, #68]	; (2890 <system_clock_init+0x88>)
    284c:	4798      	blx	r3
	PM->CPUSEL.reg = (uint32_t)divider;
    284e:	4b11      	ldr	r3, [pc, #68]	; (2894 <system_clock_init+0x8c>)
    2850:	721c      	strb	r4, [r3, #8]
			PM->APBASEL.reg = (uint32_t)divider;
    2852:	725c      	strb	r4, [r3, #9]
			PM->APBBSEL.reg = (uint32_t)divider;
    2854:	729c      	strb	r4, [r3, #10]
			PM->APBCSEL.reg = (uint32_t)divider;
    2856:	72dc      	strb	r4, [r3, #11]
{
	/* Sanity check arguments */
	Assert(config);

	/* Default configuration values */
	config->division_factor    = 1;
    2858:	9501      	str	r5, [sp, #4]
	config->high_when_disabled = false;
    285a:	466b      	mov	r3, sp
    285c:	705c      	strb	r4, [r3, #1]
#if SAML21 || SAML22  || SAMR30 || SAMR34 || SAMR35 || (WLR089)
	config->source_clock       = GCLK_SOURCE_OSC16M;
#elif (SAMC20) || (SAMC21)
	config->source_clock       = GCLK_SOURCE_OSC48M;
#else
	config->source_clock       = GCLK_SOURCE_OSC8M;
    285e:	2306      	movs	r3, #6
    2860:	466a      	mov	r2, sp
    2862:	7013      	strb	r3, [r2, #0]
#endif
	config->run_in_standby     = false;
    2864:	7214      	strb	r4, [r2, #8]
	config->output_enable      = false;
    2866:	7254      	strb	r4, [r2, #9]
	system_apb_clock_set_divider(SYSTEM_CLOCK_APB_APBC, CONF_CLOCK_APBC_DIVIDER);

	/* GCLK 0 */
#if CONF_CLOCK_CONFIGURE_GCLK == true
	/* Configure the main GCLK last as it might depend on other generators */
	_CONF_CLOCK_GCLK_CONFIG(0, ~);
    2868:	4669      	mov	r1, sp
    286a:	2000      	movs	r0, #0
    286c:	4b0a      	ldr	r3, [pc, #40]	; (2898 <system_clock_init+0x90>)
    286e:	4798      	blx	r3
    2870:	2000      	movs	r0, #0
    2872:	4b0a      	ldr	r3, [pc, #40]	; (289c <system_clock_init+0x94>)
    2874:	4798      	blx	r3
#endif
}
    2876:	b005      	add	sp, #20
    2878:	bd30      	pop	{r4, r5, pc}
    287a:	46c0      	nop			; (mov r8, r8)
    287c:	40000800 	.word	0x40000800
    2880:	41004000 	.word	0x41004000
    2884:	00002ad9 	.word	0x00002ad9
    2888:	0000273d 	.word	0x0000273d
    288c:	00002779 	.word	0x00002779
    2890:	000028a1 	.word	0x000028a1
    2894:	40000400 	.word	0x40000400
    2898:	000028c5 	.word	0x000028c5
    289c:	0000297d 	.word	0x0000297d

000028a0 <system_gclk_init>:
			PM->APBAMASK.reg |= mask;
    28a0:	4a06      	ldr	r2, [pc, #24]	; (28bc <system_gclk_init+0x1c>)
    28a2:	6993      	ldr	r3, [r2, #24]
    28a4:	2108      	movs	r1, #8
    28a6:	430b      	orrs	r3, r1
    28a8:	6193      	str	r3, [r2, #24]
{
	/* Turn on the digital interface clock */
	system_apb_clock_set_mask(SYSTEM_CLOCK_APB_APBA, PM_APBAMASK_GCLK);

	/* Software reset the module to ensure it is re-initialized correctly */
	GCLK->CTRL.reg = GCLK_CTRL_SWRST;
    28aa:	2201      	movs	r2, #1
    28ac:	4b04      	ldr	r3, [pc, #16]	; (28c0 <system_gclk_init+0x20>)
    28ae:	701a      	strb	r2, [r3, #0]
	while (GCLK->CTRL.reg & GCLK_CTRL_SWRST) {
    28b0:	0019      	movs	r1, r3
    28b2:	780b      	ldrb	r3, [r1, #0]
    28b4:	4213      	tst	r3, r2
    28b6:	d1fc      	bne.n	28b2 <system_gclk_init+0x12>
		/* Wait for reset to complete */
	}
}
    28b8:	4770      	bx	lr
    28ba:	46c0      	nop			; (mov r8, r8)
    28bc:	40000400 	.word	0x40000400
    28c0:	40000c00 	.word	0x40000c00

000028c4 <system_gclk_gen_set_config>:
 * \param[in] config     Configuration settings for the generator
 */
void system_gclk_gen_set_config(
		const uint8_t generator,
		struct system_gclk_gen_config *const config)
{
    28c4:	b570      	push	{r4, r5, r6, lr}
    28c6:	0006      	movs	r6, r0
	/* Sanity check arguments */
	Assert(config);

	/* Cache new register configurations to minimize sync requirements. */
	uint32_t new_genctrl_config = (generator << GCLK_GENCTRL_ID_Pos);
    28c8:	0004      	movs	r4, r0
	uint32_t new_gendiv_config  = (generator << GCLK_GENDIV_ID_Pos);

	/* Select the requested source clock for the generator */
	new_genctrl_config |= config->source_clock << GCLK_GENCTRL_SRC_Pos;
    28ca:	780d      	ldrb	r5, [r1, #0]
    28cc:	022d      	lsls	r5, r5, #8
    28ce:	4305      	orrs	r5, r0

	/* Configure the clock to be either high or low when disabled */
	if (config->high_when_disabled) {
    28d0:	784b      	ldrb	r3, [r1, #1]
    28d2:	2b00      	cmp	r3, #0
    28d4:	d002      	beq.n	28dc <system_gclk_gen_set_config+0x18>
		new_genctrl_config |= GCLK_GENCTRL_OOV;
    28d6:	2380      	movs	r3, #128	; 0x80
    28d8:	02db      	lsls	r3, r3, #11
    28da:	431d      	orrs	r5, r3
	}

	/* Configure if the clock output to I/O pin should be enabled. */
	if (config->output_enable) {
    28dc:	7a4b      	ldrb	r3, [r1, #9]
    28de:	2b00      	cmp	r3, #0
    28e0:	d002      	beq.n	28e8 <system_gclk_gen_set_config+0x24>
		new_genctrl_config |= GCLK_GENCTRL_OE;
    28e2:	2380      	movs	r3, #128	; 0x80
    28e4:	031b      	lsls	r3, r3, #12
    28e6:	431d      	orrs	r5, r3
	}

	/* Set division factor */
	if (config->division_factor > 1) {
    28e8:	6848      	ldr	r0, [r1, #4]
    28ea:	2801      	cmp	r0, #1
    28ec:	d910      	bls.n	2910 <system_gclk_gen_set_config+0x4c>
		/* Check if division is a power of two */
		if (((config->division_factor & (config->division_factor - 1)) == 0)) {
    28ee:	1e43      	subs	r3, r0, #1
    28f0:	4218      	tst	r0, r3
    28f2:	d134      	bne.n	295e <system_gclk_gen_set_config+0x9a>
			 * register */

			uint32_t div2_count = 0;

			uint32_t mask;
			for (mask = (1UL << 1); mask < config->division_factor;
    28f4:	2802      	cmp	r0, #2
    28f6:	d930      	bls.n	295a <system_gclk_gen_set_config+0x96>
    28f8:	2302      	movs	r3, #2
    28fa:	2200      	movs	r2, #0
						mask <<= 1) {
				div2_count++;
    28fc:	3201      	adds	r2, #1
						mask <<= 1) {
    28fe:	005b      	lsls	r3, r3, #1
			for (mask = (1UL << 1); mask < config->division_factor;
    2900:	4298      	cmp	r0, r3
    2902:	d8fb      	bhi.n	28fc <system_gclk_gen_set_config+0x38>
			}

			/* Set binary divider power of 2 division factor */
			new_gendiv_config  |= div2_count << GCLK_GENDIV_DIV_Pos;
    2904:	0212      	lsls	r2, r2, #8
    2906:	4332      	orrs	r2, r6
    2908:	0014      	movs	r4, r2
			new_genctrl_config |= GCLK_GENCTRL_DIVSEL;
    290a:	2380      	movs	r3, #128	; 0x80
    290c:	035b      	lsls	r3, r3, #13
    290e:	431d      	orrs	r5, r3
		}

	}

	/* Enable or disable the clock in standby mode */
	if (config->run_in_standby) {
    2910:	7a0b      	ldrb	r3, [r1, #8]
    2912:	2b00      	cmp	r3, #0
    2914:	d002      	beq.n	291c <system_gclk_gen_set_config+0x58>
		new_genctrl_config |= GCLK_GENCTRL_RUNSTDBY;
    2916:	2380      	movs	r3, #128	; 0x80
    2918:	039b      	lsls	r3, r3, #14
    291a:	431d      	orrs	r5, r3
	if (GCLK->STATUS.reg & GCLK_STATUS_SYNCBUSY){
    291c:	4a13      	ldr	r2, [pc, #76]	; (296c <system_gclk_gen_set_config+0xa8>)
    291e:	7853      	ldrb	r3, [r2, #1]
	}

	while (system_gclk_is_syncing()) {
    2920:	b25b      	sxtb	r3, r3
    2922:	2b00      	cmp	r3, #0
    2924:	dbfb      	blt.n	291e <system_gclk_gen_set_config+0x5a>
	cpu_irq_enter_critical();
    2926:	4b12      	ldr	r3, [pc, #72]	; (2970 <system_gclk_gen_set_config+0xac>)
    2928:	4798      	blx	r3
	};

	system_interrupt_enter_critical_section();

	/* Select the correct generator */
	*((uint8_t*)&GCLK->GENDIV.reg) = generator;
    292a:	4b12      	ldr	r3, [pc, #72]	; (2974 <system_gclk_gen_set_config+0xb0>)
    292c:	701e      	strb	r6, [r3, #0]
	if (GCLK->STATUS.reg & GCLK_STATUS_SYNCBUSY){
    292e:	4a0f      	ldr	r2, [pc, #60]	; (296c <system_gclk_gen_set_config+0xa8>)
    2930:	7853      	ldrb	r3, [r2, #1]

	/* Write the new generator configuration */
	while (system_gclk_is_syncing()) {
    2932:	b25b      	sxtb	r3, r3
    2934:	2b00      	cmp	r3, #0
    2936:	dbfb      	blt.n	2930 <system_gclk_gen_set_config+0x6c>
		/* Wait for synchronization */
	};
	GCLK->GENDIV.reg  = new_gendiv_config;
    2938:	4b0c      	ldr	r3, [pc, #48]	; (296c <system_gclk_gen_set_config+0xa8>)
    293a:	609c      	str	r4, [r3, #8]
	if (GCLK->STATUS.reg & GCLK_STATUS_SYNCBUSY){
    293c:	001a      	movs	r2, r3
    293e:	7853      	ldrb	r3, [r2, #1]

	while (system_gclk_is_syncing()) {
    2940:	b25b      	sxtb	r3, r3
    2942:	2b00      	cmp	r3, #0
    2944:	dbfb      	blt.n	293e <system_gclk_gen_set_config+0x7a>
		/* Wait for synchronization */
	};
	GCLK->GENCTRL.reg = new_genctrl_config | (GCLK->GENCTRL.reg & GCLK_GENCTRL_GENEN);
    2946:	4a09      	ldr	r2, [pc, #36]	; (296c <system_gclk_gen_set_config+0xa8>)
    2948:	6853      	ldr	r3, [r2, #4]
    294a:	2180      	movs	r1, #128	; 0x80
    294c:	0249      	lsls	r1, r1, #9
    294e:	400b      	ands	r3, r1
    2950:	431d      	orrs	r5, r3
    2952:	6055      	str	r5, [r2, #4]
	cpu_irq_leave_critical();
    2954:	4b08      	ldr	r3, [pc, #32]	; (2978 <system_gclk_gen_set_config+0xb4>)
    2956:	4798      	blx	r3

	system_interrupt_leave_critical_section();
}
    2958:	bd70      	pop	{r4, r5, r6, pc}
			for (mask = (1UL << 1); mask < config->division_factor;
    295a:	2200      	movs	r2, #0
    295c:	e7d2      	b.n	2904 <system_gclk_gen_set_config+0x40>
					(config->division_factor) << GCLK_GENDIV_DIV_Pos;
    295e:	0204      	lsls	r4, r0, #8
			new_gendiv_config  |=
    2960:	4334      	orrs	r4, r6
			new_genctrl_config |= GCLK_GENCTRL_IDC;
    2962:	2380      	movs	r3, #128	; 0x80
    2964:	029b      	lsls	r3, r3, #10
    2966:	431d      	orrs	r5, r3
    2968:	e7d2      	b.n	2910 <system_gclk_gen_set_config+0x4c>
    296a:	46c0      	nop			; (mov r8, r8)
    296c:	40000c00 	.word	0x40000c00
    2970:	000025f5 	.word	0x000025f5
    2974:	40000c08 	.word	0x40000c08
    2978:	00002635 	.word	0x00002635

0000297c <system_gclk_gen_enable>:
 *
 * \param[in] generator  Generic Clock Generator index to enable
 */
void system_gclk_gen_enable(
		const uint8_t generator)
{
    297c:	b510      	push	{r4, lr}
    297e:	0004      	movs	r4, r0
	if (GCLK->STATUS.reg & GCLK_STATUS_SYNCBUSY){
    2980:	4a0b      	ldr	r2, [pc, #44]	; (29b0 <system_gclk_gen_enable+0x34>)
    2982:	7853      	ldrb	r3, [r2, #1]
	while (system_gclk_is_syncing()) {
    2984:	b25b      	sxtb	r3, r3
    2986:	2b00      	cmp	r3, #0
    2988:	dbfb      	blt.n	2982 <system_gclk_gen_enable+0x6>
	cpu_irq_enter_critical();
    298a:	4b0a      	ldr	r3, [pc, #40]	; (29b4 <system_gclk_gen_enable+0x38>)
    298c:	4798      	blx	r3
	};

	system_interrupt_enter_critical_section();

	/* Select the requested generator */
	*((uint8_t*)&GCLK->GENCTRL.reg) = generator;
    298e:	4b0a      	ldr	r3, [pc, #40]	; (29b8 <system_gclk_gen_enable+0x3c>)
    2990:	701c      	strb	r4, [r3, #0]
	if (GCLK->STATUS.reg & GCLK_STATUS_SYNCBUSY){
    2992:	4a07      	ldr	r2, [pc, #28]	; (29b0 <system_gclk_gen_enable+0x34>)
    2994:	7853      	ldrb	r3, [r2, #1]
	while (system_gclk_is_syncing()) {
    2996:	b25b      	sxtb	r3, r3
    2998:	2b00      	cmp	r3, #0
    299a:	dbfb      	blt.n	2994 <system_gclk_gen_enable+0x18>
		/* Wait for synchronization */
	};

	/* Enable generator */
	GCLK->GENCTRL.reg |= GCLK_GENCTRL_GENEN;
    299c:	4a04      	ldr	r2, [pc, #16]	; (29b0 <system_gclk_gen_enable+0x34>)
    299e:	6851      	ldr	r1, [r2, #4]
    29a0:	2380      	movs	r3, #128	; 0x80
    29a2:	025b      	lsls	r3, r3, #9
    29a4:	430b      	orrs	r3, r1
    29a6:	6053      	str	r3, [r2, #4]
	cpu_irq_leave_critical();
    29a8:	4b04      	ldr	r3, [pc, #16]	; (29bc <system_gclk_gen_enable+0x40>)
    29aa:	4798      	blx	r3

	system_interrupt_leave_critical_section();
}
    29ac:	bd10      	pop	{r4, pc}
    29ae:	46c0      	nop			; (mov r8, r8)
    29b0:	40000c00 	.word	0x40000c00
    29b4:	000025f5 	.word	0x000025f5
    29b8:	40000c04 	.word	0x40000c04
    29bc:	00002635 	.word	0x00002635

000029c0 <system_gclk_gen_get_hz>:
 *
 * \return The frequency of the generic clock generator, in Hz.
 */
uint32_t system_gclk_gen_get_hz(
		const uint8_t generator)
{
    29c0:	b570      	push	{r4, r5, r6, lr}
    29c2:	0004      	movs	r4, r0
	if (GCLK->STATUS.reg & GCLK_STATUS_SYNCBUSY){
    29c4:	4a1a      	ldr	r2, [pc, #104]	; (2a30 <system_gclk_gen_get_hz+0x70>)
    29c6:	7853      	ldrb	r3, [r2, #1]
	while (system_gclk_is_syncing()) {
    29c8:	b25b      	sxtb	r3, r3
    29ca:	2b00      	cmp	r3, #0
    29cc:	dbfb      	blt.n	29c6 <system_gclk_gen_get_hz+0x6>
	cpu_irq_enter_critical();
    29ce:	4b19      	ldr	r3, [pc, #100]	; (2a34 <system_gclk_gen_get_hz+0x74>)
    29d0:	4798      	blx	r3
	};

	system_interrupt_enter_critical_section();

	/* Select the appropriate generator */
	*((uint8_t*)&GCLK->GENCTRL.reg) = generator;
    29d2:	4b19      	ldr	r3, [pc, #100]	; (2a38 <system_gclk_gen_get_hz+0x78>)
    29d4:	701c      	strb	r4, [r3, #0]
	if (GCLK->STATUS.reg & GCLK_STATUS_SYNCBUSY){
    29d6:	4a16      	ldr	r2, [pc, #88]	; (2a30 <system_gclk_gen_get_hz+0x70>)
    29d8:	7853      	ldrb	r3, [r2, #1]
	while (system_gclk_is_syncing()) {
    29da:	b25b      	sxtb	r3, r3
    29dc:	2b00      	cmp	r3, #0
    29de:	dbfb      	blt.n	29d8 <system_gclk_gen_get_hz+0x18>
		/* Wait for synchronization */
	};

	/* Get the frequency of the source connected to the GCLK generator */
	uint32_t gen_input_hz = system_clock_source_get_hz(
			(enum system_clock_source)GCLK->GENCTRL.bit.SRC);
    29e0:	4e13      	ldr	r6, [pc, #76]	; (2a30 <system_gclk_gen_get_hz+0x70>)
    29e2:	6870      	ldr	r0, [r6, #4]
    29e4:	04c0      	lsls	r0, r0, #19
    29e6:	0ec0      	lsrs	r0, r0, #27
	uint32_t gen_input_hz = system_clock_source_get_hz(
    29e8:	4b14      	ldr	r3, [pc, #80]	; (2a3c <system_gclk_gen_get_hz+0x7c>)
    29ea:	4798      	blx	r3
    29ec:	0005      	movs	r5, r0

	*((uint8_t*)&GCLK->GENCTRL.reg) = generator;
    29ee:	4b12      	ldr	r3, [pc, #72]	; (2a38 <system_gclk_gen_get_hz+0x78>)
    29f0:	701c      	strb	r4, [r3, #0]

	uint8_t divsel = GCLK->GENCTRL.bit.DIVSEL;
    29f2:	6876      	ldr	r6, [r6, #4]
    29f4:	02f6      	lsls	r6, r6, #11
    29f6:	0ff6      	lsrs	r6, r6, #31

	/* Select the appropriate generator division register */
	*((uint8_t*)&GCLK->GENDIV.reg) = generator;
    29f8:	4b11      	ldr	r3, [pc, #68]	; (2a40 <system_gclk_gen_get_hz+0x80>)
    29fa:	701c      	strb	r4, [r3, #0]
	if (GCLK->STATUS.reg & GCLK_STATUS_SYNCBUSY){
    29fc:	4a0c      	ldr	r2, [pc, #48]	; (2a30 <system_gclk_gen_get_hz+0x70>)
    29fe:	7853      	ldrb	r3, [r2, #1]
	while (system_gclk_is_syncing()) {
    2a00:	b25b      	sxtb	r3, r3
    2a02:	2b00      	cmp	r3, #0
    2a04:	dbfb      	blt.n	29fe <system_gclk_gen_get_hz+0x3e>
		/* Wait for synchronization */
	};

	uint32_t divider = GCLK->GENDIV.bit.DIV;
    2a06:	4b0a      	ldr	r3, [pc, #40]	; (2a30 <system_gclk_gen_get_hz+0x70>)
    2a08:	689c      	ldr	r4, [r3, #8]
    2a0a:	0224      	lsls	r4, r4, #8
    2a0c:	0c24      	lsrs	r4, r4, #16
	cpu_irq_leave_critical();
    2a0e:	4b0d      	ldr	r3, [pc, #52]	; (2a44 <system_gclk_gen_get_hz+0x84>)
    2a10:	4798      	blx	r3

	system_interrupt_leave_critical_section();

	/* Check if the generator is using fractional or binary division */
	if (!divsel && divider > 1) {
    2a12:	2e00      	cmp	r6, #0
    2a14:	d107      	bne.n	2a26 <system_gclk_gen_get_hz+0x66>
    2a16:	2c01      	cmp	r4, #1
    2a18:	d907      	bls.n	2a2a <system_gclk_gen_get_hz+0x6a>
		gen_input_hz /= divider;
    2a1a:	0021      	movs	r1, r4
    2a1c:	0028      	movs	r0, r5
    2a1e:	4b0a      	ldr	r3, [pc, #40]	; (2a48 <system_gclk_gen_get_hz+0x88>)
    2a20:	4798      	blx	r3
    2a22:	0005      	movs	r5, r0
    2a24:	e001      	b.n	2a2a <system_gclk_gen_get_hz+0x6a>
	} else if (divsel) {
		gen_input_hz >>= (divider+1);
    2a26:	3401      	adds	r4, #1
    2a28:	40e5      	lsrs	r5, r4
	}

	return gen_input_hz;
}
    2a2a:	0028      	movs	r0, r5
    2a2c:	bd70      	pop	{r4, r5, r6, pc}
    2a2e:	46c0      	nop			; (mov r8, r8)
    2a30:	40000c00 	.word	0x40000c00
    2a34:	000025f5 	.word	0x000025f5
    2a38:	40000c04 	.word	0x40000c04
    2a3c:	000026c1 	.word	0x000026c1
    2a40:	40000c08 	.word	0x40000c08
    2a44:	00002635 	.word	0x00002635
    2a48:	00003219 	.word	0x00003219

00002a4c <system_gclk_chan_enable>:
 *
 * \param[in] channel   Generic Clock channel to enable
 */
void system_gclk_chan_enable(
		const uint8_t channel)
{
    2a4c:	b510      	push	{r4, lr}
    2a4e:	0004      	movs	r4, r0
	cpu_irq_enter_critical();
    2a50:	4b06      	ldr	r3, [pc, #24]	; (2a6c <system_gclk_chan_enable+0x20>)
    2a52:	4798      	blx	r3
	system_interrupt_enter_critical_section();

	/* Select the requested generator channel */
	*((uint8_t*)&GCLK->CLKCTRL.reg) = channel;
    2a54:	4b06      	ldr	r3, [pc, #24]	; (2a70 <system_gclk_chan_enable+0x24>)
    2a56:	701c      	strb	r4, [r3, #0]

	/* Enable the generic clock */
	GCLK->CLKCTRL.reg |= GCLK_CLKCTRL_CLKEN;
    2a58:	4a06      	ldr	r2, [pc, #24]	; (2a74 <system_gclk_chan_enable+0x28>)
    2a5a:	8853      	ldrh	r3, [r2, #2]
    2a5c:	2180      	movs	r1, #128	; 0x80
    2a5e:	01c9      	lsls	r1, r1, #7
    2a60:	430b      	orrs	r3, r1
    2a62:	8053      	strh	r3, [r2, #2]
	cpu_irq_leave_critical();
    2a64:	4b04      	ldr	r3, [pc, #16]	; (2a78 <system_gclk_chan_enable+0x2c>)
    2a66:	4798      	blx	r3

	system_interrupt_leave_critical_section();
}
    2a68:	bd10      	pop	{r4, pc}
    2a6a:	46c0      	nop			; (mov r8, r8)
    2a6c:	000025f5 	.word	0x000025f5
    2a70:	40000c02 	.word	0x40000c02
    2a74:	40000c00 	.word	0x40000c00
    2a78:	00002635 	.word	0x00002635

00002a7c <system_gclk_chan_disable>:
 *
 * \param[in] channel  Generic Clock channel to disable
 */
void system_gclk_chan_disable(
		const uint8_t channel)
{
    2a7c:	b510      	push	{r4, lr}
    2a7e:	0004      	movs	r4, r0
	cpu_irq_enter_critical();
    2a80:	4b0f      	ldr	r3, [pc, #60]	; (2ac0 <system_gclk_chan_disable+0x44>)
    2a82:	4798      	blx	r3
	system_interrupt_enter_critical_section();

	/* Select the requested generator channel */
	*((uint8_t*)&GCLK->CLKCTRL.reg) = channel;
    2a84:	4b0f      	ldr	r3, [pc, #60]	; (2ac4 <system_gclk_chan_disable+0x48>)
    2a86:	701c      	strb	r4, [r3, #0]

	/* Sanity check WRTLOCK */
	Assert(!GCLK->CLKCTRL.bit.WRTLOCK);

	/* Switch to known-working source so that the channel can be disabled */
	uint32_t prev_gen_id = GCLK->CLKCTRL.bit.GEN;
    2a88:	4a0f      	ldr	r2, [pc, #60]	; (2ac8 <system_gclk_chan_disable+0x4c>)
    2a8a:	8853      	ldrh	r3, [r2, #2]
    2a8c:	051b      	lsls	r3, r3, #20
    2a8e:	0f18      	lsrs	r0, r3, #28
	GCLK->CLKCTRL.bit.GEN = 0;
    2a90:	8853      	ldrh	r3, [r2, #2]
    2a92:	490e      	ldr	r1, [pc, #56]	; (2acc <system_gclk_chan_disable+0x50>)
    2a94:	400b      	ands	r3, r1
    2a96:	8053      	strh	r3, [r2, #2]

	/* Disable the generic clock */
	GCLK->CLKCTRL.reg &= ~GCLK_CLKCTRL_CLKEN;
    2a98:	8853      	ldrh	r3, [r2, #2]
    2a9a:	490d      	ldr	r1, [pc, #52]	; (2ad0 <system_gclk_chan_disable+0x54>)
    2a9c:	400b      	ands	r3, r1
    2a9e:	8053      	strh	r3, [r2, #2]
	while (GCLK->CLKCTRL.reg & GCLK_CLKCTRL_CLKEN) {
    2aa0:	0011      	movs	r1, r2
    2aa2:	2280      	movs	r2, #128	; 0x80
    2aa4:	01d2      	lsls	r2, r2, #7
    2aa6:	884b      	ldrh	r3, [r1, #2]
    2aa8:	4213      	tst	r3, r2
    2aaa:	d1fc      	bne.n	2aa6 <system_gclk_chan_disable+0x2a>
		/* Wait for clock to become disabled */
	}

	/* Restore previous configured clock generator */
	GCLK->CLKCTRL.bit.GEN = prev_gen_id;
    2aac:	4906      	ldr	r1, [pc, #24]	; (2ac8 <system_gclk_chan_disable+0x4c>)
    2aae:	884a      	ldrh	r2, [r1, #2]
    2ab0:	0203      	lsls	r3, r0, #8
    2ab2:	4806      	ldr	r0, [pc, #24]	; (2acc <system_gclk_chan_disable+0x50>)
    2ab4:	4002      	ands	r2, r0
    2ab6:	4313      	orrs	r3, r2
    2ab8:	804b      	strh	r3, [r1, #2]
	cpu_irq_leave_critical();
    2aba:	4b06      	ldr	r3, [pc, #24]	; (2ad4 <system_gclk_chan_disable+0x58>)
    2abc:	4798      	blx	r3

	system_interrupt_leave_critical_section();
}
    2abe:	bd10      	pop	{r4, pc}
    2ac0:	000025f5 	.word	0x000025f5
    2ac4:	40000c02 	.word	0x40000c02
    2ac8:	40000c00 	.word	0x40000c00
    2acc:	fffff0ff 	.word	0xfffff0ff
    2ad0:	ffffbfff 	.word	0xffffbfff
    2ad4:	00002635 	.word	0x00002635

00002ad8 <system_gclk_chan_set_config>:
{
    2ad8:	b510      	push	{r4, lr}
	new_clkctrl_config |= config->source_generator << GCLK_CLKCTRL_GEN_Pos;
    2ada:	780c      	ldrb	r4, [r1, #0]
    2adc:	0224      	lsls	r4, r4, #8
    2ade:	4304      	orrs	r4, r0
	system_gclk_chan_disable(channel);
    2ae0:	4b02      	ldr	r3, [pc, #8]	; (2aec <system_gclk_chan_set_config+0x14>)
    2ae2:	4798      	blx	r3
	GCLK->CLKCTRL.reg = new_clkctrl_config;
    2ae4:	b2a4      	uxth	r4, r4
    2ae6:	4b02      	ldr	r3, [pc, #8]	; (2af0 <system_gclk_chan_set_config+0x18>)
    2ae8:	805c      	strh	r4, [r3, #2]
}
    2aea:	bd10      	pop	{r4, pc}
    2aec:	00002a7d 	.word	0x00002a7d
    2af0:	40000c00 	.word	0x40000c00

00002af4 <system_gclk_chan_get_hz>:
 *
 * \return The frequency of the generic clock channel, in Hz.
 */
uint32_t system_gclk_chan_get_hz(
		const uint8_t channel)
{
    2af4:	b510      	push	{r4, lr}
    2af6:	0004      	movs	r4, r0
	cpu_irq_enter_critical();
    2af8:	4b06      	ldr	r3, [pc, #24]	; (2b14 <system_gclk_chan_get_hz+0x20>)
    2afa:	4798      	blx	r3
	uint8_t gen_id;

	system_interrupt_enter_critical_section();

	/* Select the requested generic clock channel */
	*((uint8_t*)&GCLK->CLKCTRL.reg) = channel;
    2afc:	4b06      	ldr	r3, [pc, #24]	; (2b18 <system_gclk_chan_get_hz+0x24>)
    2afe:	701c      	strb	r4, [r3, #0]
	gen_id = GCLK->CLKCTRL.bit.GEN;
    2b00:	4b06      	ldr	r3, [pc, #24]	; (2b1c <system_gclk_chan_get_hz+0x28>)
    2b02:	885c      	ldrh	r4, [r3, #2]
    2b04:	0524      	lsls	r4, r4, #20
    2b06:	0f24      	lsrs	r4, r4, #28
	cpu_irq_leave_critical();
    2b08:	4b05      	ldr	r3, [pc, #20]	; (2b20 <system_gclk_chan_get_hz+0x2c>)
    2b0a:	4798      	blx	r3

	system_interrupt_leave_critical_section();

	/* Return the clock speed of the associated GCLK generator */
	return system_gclk_gen_get_hz(gen_id);
    2b0c:	0020      	movs	r0, r4
    2b0e:	4b05      	ldr	r3, [pc, #20]	; (2b24 <system_gclk_chan_get_hz+0x30>)
    2b10:	4798      	blx	r3
}
    2b12:	bd10      	pop	{r4, pc}
    2b14:	000025f5 	.word	0x000025f5
    2b18:	40000c02 	.word	0x40000c02
    2b1c:	40000c00 	.word	0x40000c00
    2b20:	00002635 	.word	0x00002635
    2b24:	000029c1 	.word	0x000029c1

00002b28 <_system_pinmux_config>:
 */
static void _system_pinmux_config(
		PortGroup *const port,
		const uint32_t pin_mask,
		const struct system_pinmux_config *const config)
{
    2b28:	b530      	push	{r4, r5, lr}

	/* Track the configuration bits into a temporary variable before writing */
	uint32_t pin_cfg = 0;

	/* Enabled powersave mode, don't create configuration */
	if (!config->powersave) {
    2b2a:	78d3      	ldrb	r3, [r2, #3]
    2b2c:	2b00      	cmp	r3, #0
    2b2e:	d135      	bne.n	2b9c <_system_pinmux_config+0x74>
		/* Enable the pin peripheral MUX flag if non-GPIO selected (pinmux will
		 * be written later) and store the new MUX mask */
		if (config->mux_position != SYSTEM_PINMUX_GPIO) {
    2b30:	7813      	ldrb	r3, [r2, #0]
    2b32:	2b80      	cmp	r3, #128	; 0x80
    2b34:	d029      	beq.n	2b8a <_system_pinmux_config+0x62>
			pin_cfg |= PORT_WRCONFIG_PMUXEN;
			pin_cfg |= (config->mux_position << PORT_WRCONFIG_PMUX_Pos);
    2b36:	061b      	lsls	r3, r3, #24
    2b38:	2480      	movs	r4, #128	; 0x80
    2b3a:	0264      	lsls	r4, r4, #9
    2b3c:	4323      	orrs	r3, r4
		}

		/* Check if the user has requested that the input buffer be enabled */
		if ((config->direction == SYSTEM_PINMUX_PIN_DIR_INPUT) ||
    2b3e:	7854      	ldrb	r4, [r2, #1]
    2b40:	2502      	movs	r5, #2
    2b42:	43ac      	bics	r4, r5
    2b44:	d106      	bne.n	2b54 <_system_pinmux_config+0x2c>
				(config->direction == SYSTEM_PINMUX_PIN_DIR_OUTPUT_WITH_READBACK)) {
			/* Enable input buffer flag */
			pin_cfg |= PORT_WRCONFIG_INEN;

			/* Enable pull-up/pull-down control flag if requested */
			if (config->input_pull != SYSTEM_PINMUX_PIN_PULL_NONE) {
    2b46:	7894      	ldrb	r4, [r2, #2]
    2b48:	2c00      	cmp	r4, #0
    2b4a:	d120      	bne.n	2b8e <_system_pinmux_config+0x66>
			pin_cfg |= PORT_WRCONFIG_INEN;
    2b4c:	2480      	movs	r4, #128	; 0x80
    2b4e:	02a4      	lsls	r4, r4, #10
    2b50:	4323      	orrs	r3, r4
				pin_cfg |= PORT_WRCONFIG_PULLEN;
			}

			/* Clear the port DIR bits to disable the output buffer */
			port->DIRCLR.reg = pin_mask;
    2b52:	6041      	str	r1, [r0, #4]
		}

		/* Check if the user has requested that the output buffer be enabled */
		if ((config->direction == SYSTEM_PINMUX_PIN_DIR_OUTPUT) ||
    2b54:	7854      	ldrb	r4, [r2, #1]
    2b56:	3c01      	subs	r4, #1
    2b58:	2c01      	cmp	r4, #1
    2b5a:	d91c      	bls.n	2b96 <_system_pinmux_config+0x6e>
		port->DIRCLR.reg = pin_mask;
	}

	/* The Write Configuration register (WRCONFIG) requires the
	 * pins to to grouped into two 16-bit half-words - split them out here */
	uint32_t lower_pin_mask = (pin_mask & 0xFFFF);
    2b5c:	040d      	lsls	r5, r1, #16
    2b5e:	0c2d      	lsrs	r5, r5, #16

	/* Configure the lower 16-bits of the port to the desired configuration,
	 * including the pin peripheral multiplexer just in case it is enabled */
	port->WRCONFIG.reg
		= (lower_pin_mask << PORT_WRCONFIG_PINMASK_Pos) |
			pin_cfg | PORT_WRCONFIG_WRPMUX | PORT_WRCONFIG_WRPINCFG;
    2b60:	24a0      	movs	r4, #160	; 0xa0
    2b62:	05e4      	lsls	r4, r4, #23
    2b64:	432c      	orrs	r4, r5
    2b66:	431c      	orrs	r4, r3
		= (lower_pin_mask << PORT_WRCONFIG_PINMASK_Pos) |
    2b68:	6284      	str	r4, [r0, #40]	; 0x28
	uint32_t upper_pin_mask = (pin_mask >> 16);
    2b6a:	0c0d      	lsrs	r5, r1, #16

	/* Configure the upper 16-bits of the port to the desired configuration,
	 * including the pin peripheral multiplexer just in case it is enabled */
	port->WRCONFIG.reg
		= (upper_pin_mask << PORT_WRCONFIG_PINMASK_Pos) |
			pin_cfg | PORT_WRCONFIG_WRPMUX | PORT_WRCONFIG_WRPINCFG |
    2b6c:	24d0      	movs	r4, #208	; 0xd0
    2b6e:	0624      	lsls	r4, r4, #24
    2b70:	432c      	orrs	r4, r5
    2b72:	431c      	orrs	r4, r3
		= (upper_pin_mask << PORT_WRCONFIG_PINMASK_Pos) |
    2b74:	6284      	str	r4, [r0, #40]	; 0x28
			PORT_WRCONFIG_HWSEL;

	if(!config->powersave) {
    2b76:	78d4      	ldrb	r4, [r2, #3]
    2b78:	2c00      	cmp	r4, #0
    2b7a:	d122      	bne.n	2bc2 <_system_pinmux_config+0x9a>
		/* Set the pull-up state once the port pins are configured if one was
		 * requested and it does not violate the valid set of port
		 * configurations */
		if (pin_cfg & PORT_WRCONFIG_PULLEN) {
    2b7c:	035b      	lsls	r3, r3, #13
    2b7e:	d51c      	bpl.n	2bba <_system_pinmux_config+0x92>
			/* Set the OUT register bits to enable the pull-up if requested,
			 * clear to enable pull-down */
			if (config->input_pull == SYSTEM_PINMUX_PIN_PULL_UP) {
    2b80:	7893      	ldrb	r3, [r2, #2]
    2b82:	2b01      	cmp	r3, #1
    2b84:	d01e      	beq.n	2bc4 <_system_pinmux_config+0x9c>
				port->OUTSET.reg = pin_mask;
			} else {
				port->OUTCLR.reg = pin_mask;
    2b86:	6141      	str	r1, [r0, #20]
    2b88:	e017      	b.n	2bba <_system_pinmux_config+0x92>
	uint32_t pin_cfg = 0;
    2b8a:	2300      	movs	r3, #0
    2b8c:	e7d7      	b.n	2b3e <_system_pinmux_config+0x16>
				pin_cfg |= PORT_WRCONFIG_PULLEN;
    2b8e:	24c0      	movs	r4, #192	; 0xc0
    2b90:	02e4      	lsls	r4, r4, #11
    2b92:	4323      	orrs	r3, r4
    2b94:	e7dd      	b.n	2b52 <_system_pinmux_config+0x2a>
			pin_cfg &= ~PORT_WRCONFIG_PULLEN;
    2b96:	4c0d      	ldr	r4, [pc, #52]	; (2bcc <_system_pinmux_config+0xa4>)
    2b98:	4023      	ands	r3, r4
    2b9a:	e7df      	b.n	2b5c <_system_pinmux_config+0x34>
		port->DIRCLR.reg = pin_mask;
    2b9c:	6041      	str	r1, [r0, #4]
	uint32_t lower_pin_mask = (pin_mask & 0xFFFF);
    2b9e:	040c      	lsls	r4, r1, #16
    2ba0:	0c24      	lsrs	r4, r4, #16
			pin_cfg | PORT_WRCONFIG_WRPMUX | PORT_WRCONFIG_WRPINCFG;
    2ba2:	23a0      	movs	r3, #160	; 0xa0
    2ba4:	05db      	lsls	r3, r3, #23
    2ba6:	4323      	orrs	r3, r4
		= (lower_pin_mask << PORT_WRCONFIG_PINMASK_Pos) |
    2ba8:	6283      	str	r3, [r0, #40]	; 0x28
	uint32_t upper_pin_mask = (pin_mask >> 16);
    2baa:	0c0c      	lsrs	r4, r1, #16
			pin_cfg | PORT_WRCONFIG_WRPMUX | PORT_WRCONFIG_WRPINCFG |
    2bac:	23d0      	movs	r3, #208	; 0xd0
    2bae:	061b      	lsls	r3, r3, #24
    2bb0:	4323      	orrs	r3, r4
		= (upper_pin_mask << PORT_WRCONFIG_PINMASK_Pos) |
    2bb2:	6283      	str	r3, [r0, #40]	; 0x28
	if(!config->powersave) {
    2bb4:	78d3      	ldrb	r3, [r2, #3]
    2bb6:	2b00      	cmp	r3, #0
    2bb8:	d103      	bne.n	2bc2 <_system_pinmux_config+0x9a>
			}
		}

		/* Check if the user has requested that the output buffer be enabled */
		if ((config->direction == SYSTEM_PINMUX_PIN_DIR_OUTPUT) ||
    2bba:	7853      	ldrb	r3, [r2, #1]
    2bbc:	3b01      	subs	r3, #1
    2bbe:	2b01      	cmp	r3, #1
    2bc0:	d902      	bls.n	2bc8 <_system_pinmux_config+0xa0>
				(config->direction == SYSTEM_PINMUX_PIN_DIR_OUTPUT_WITH_READBACK)) {
			/* Set the port DIR bits to enable the output buffer */
			port->DIRSET.reg = pin_mask;
		}
	}
}
    2bc2:	bd30      	pop	{r4, r5, pc}
				port->OUTSET.reg = pin_mask;
    2bc4:	6181      	str	r1, [r0, #24]
    2bc6:	e7f8      	b.n	2bba <_system_pinmux_config+0x92>
			port->DIRSET.reg = pin_mask;
    2bc8:	6081      	str	r1, [r0, #8]
}
    2bca:	e7fa      	b.n	2bc2 <_system_pinmux_config+0x9a>
    2bcc:	fffbffff 	.word	0xfffbffff

00002bd0 <system_pinmux_pin_set_config>:
 * \param[in] config    Configuration settings for the pin
 */
void system_pinmux_pin_set_config(
		const uint8_t gpio_pin,
		const struct system_pinmux_config *const config)
{
    2bd0:	b510      	push	{r4, lr}
    2bd2:	000a      	movs	r2, r1
	if (port_index < PORT_INST_NUM) {
    2bd4:	09c1      	lsrs	r1, r0, #7
		return NULL;
    2bd6:	2300      	movs	r3, #0
	if (port_index < PORT_INST_NUM) {
    2bd8:	2900      	cmp	r1, #0
    2bda:	d104      	bne.n	2be6 <system_pinmux_pin_set_config+0x16>
		return &(ports[port_index]->Group[group_index]);
    2bdc:	0943      	lsrs	r3, r0, #5
    2bde:	01db      	lsls	r3, r3, #7
    2be0:	4905      	ldr	r1, [pc, #20]	; (2bf8 <system_pinmux_pin_set_config+0x28>)
    2be2:	468c      	mov	ip, r1
    2be4:	4463      	add	r3, ip
	PortGroup *const port = system_pinmux_get_group_from_gpio_pin(gpio_pin);
	uint32_t pin_mask = (1UL << (gpio_pin % 32));
    2be6:	241f      	movs	r4, #31
    2be8:	4020      	ands	r0, r4
    2bea:	2101      	movs	r1, #1
    2bec:	4081      	lsls	r1, r0

	_system_pinmux_config(port, pin_mask, config);
    2bee:	0018      	movs	r0, r3
    2bf0:	4b02      	ldr	r3, [pc, #8]	; (2bfc <system_pinmux_pin_set_config+0x2c>)
    2bf2:	4798      	blx	r3
}
    2bf4:	bd10      	pop	{r4, pc}
    2bf6:	46c0      	nop			; (mov r8, r8)
    2bf8:	41004400 	.word	0x41004400
    2bfc:	00002b29 	.word	0x00002b29

00002c00 <_system_dummy_init>:
 */
void _system_dummy_init(void);
void _system_dummy_init(void)
{
	return;
}
    2c00:	4770      	bx	lr
	...

00002c04 <system_init>:
 *  - Board hardware initialization (via the Board module)
 *  - Event system driver initialization (via the EVSYS module)
 *  - External Interrupt driver initialization (via the EXTINT module)
 */
void system_init(void)
{
    2c04:	b510      	push	{r4, lr}
	/* Configure GCLK and clock sources according to conf_clocks.h */
	system_clock_init();
    2c06:	4b05      	ldr	r3, [pc, #20]	; (2c1c <system_init+0x18>)
    2c08:	4798      	blx	r3

	/* Initialize board hardware */
	system_board_init();
    2c0a:	4b05      	ldr	r3, [pc, #20]	; (2c20 <system_init+0x1c>)
    2c0c:	4798      	blx	r3

	/* Initialize EVSYS hardware */
	_system_events_init();
    2c0e:	4b05      	ldr	r3, [pc, #20]	; (2c24 <system_init+0x20>)
    2c10:	4798      	blx	r3

	/* Initialize External hardware */
	_system_extint_init();
    2c12:	4b05      	ldr	r3, [pc, #20]	; (2c28 <system_init+0x24>)
    2c14:	4798      	blx	r3
	
	/* Initialize DIVAS hardware */
	_system_divas_init();
    2c16:	4b05      	ldr	r3, [pc, #20]	; (2c2c <system_init+0x28>)
    2c18:	4798      	blx	r3
}
    2c1a:	bd10      	pop	{r4, pc}
    2c1c:	00002809 	.word	0x00002809
    2c20:	00002665 	.word	0x00002665
    2c24:	00002c01 	.word	0x00002c01
    2c28:	00002c01 	.word	0x00002c01
    2c2c:	00002c01 	.word	0x00002c01

00002c30 <Dummy_Handler>:

/**
 * \brief Default interrupt handler for unused IRQs.
 */
void Dummy_Handler(void)
{
    2c30:	e7fe      	b.n	2c30 <Dummy_Handler>
	...

00002c34 <Reset_Handler>:
{
    2c34:	b510      	push	{r4, lr}
        if (pSrc != pDest) {
    2c36:	4a1a      	ldr	r2, [pc, #104]	; (2ca0 <Reset_Handler+0x6c>)
    2c38:	4b1a      	ldr	r3, [pc, #104]	; (2ca4 <Reset_Handler+0x70>)
    2c3a:	429a      	cmp	r2, r3
    2c3c:	d011      	beq.n	2c62 <Reset_Handler+0x2e>
                for (; pDest < &_erelocate;) {
    2c3e:	001a      	movs	r2, r3
    2c40:	4b19      	ldr	r3, [pc, #100]	; (2ca8 <Reset_Handler+0x74>)
    2c42:	429a      	cmp	r2, r3
    2c44:	d20d      	bcs.n	2c62 <Reset_Handler+0x2e>
    2c46:	4a19      	ldr	r2, [pc, #100]	; (2cac <Reset_Handler+0x78>)
    2c48:	3303      	adds	r3, #3
    2c4a:	1a9b      	subs	r3, r3, r2
    2c4c:	089b      	lsrs	r3, r3, #2
    2c4e:	3301      	adds	r3, #1
    2c50:	009b      	lsls	r3, r3, #2
    2c52:	2200      	movs	r2, #0
                        *pDest++ = *pSrc++;
    2c54:	4813      	ldr	r0, [pc, #76]	; (2ca4 <Reset_Handler+0x70>)
    2c56:	4912      	ldr	r1, [pc, #72]	; (2ca0 <Reset_Handler+0x6c>)
    2c58:	588c      	ldr	r4, [r1, r2]
    2c5a:	5084      	str	r4, [r0, r2]
    2c5c:	3204      	adds	r2, #4
                for (; pDest < &_erelocate;) {
    2c5e:	429a      	cmp	r2, r3
    2c60:	d1fa      	bne.n	2c58 <Reset_Handler+0x24>
        for (pDest = &_szero; pDest < &_ezero;) {
    2c62:	4a13      	ldr	r2, [pc, #76]	; (2cb0 <Reset_Handler+0x7c>)
    2c64:	4b13      	ldr	r3, [pc, #76]	; (2cb4 <Reset_Handler+0x80>)
    2c66:	429a      	cmp	r2, r3
    2c68:	d20a      	bcs.n	2c80 <Reset_Handler+0x4c>
    2c6a:	43d3      	mvns	r3, r2
    2c6c:	4911      	ldr	r1, [pc, #68]	; (2cb4 <Reset_Handler+0x80>)
    2c6e:	185b      	adds	r3, r3, r1
    2c70:	2103      	movs	r1, #3
    2c72:	438b      	bics	r3, r1
    2c74:	3304      	adds	r3, #4
    2c76:	189b      	adds	r3, r3, r2
                *pDest++ = 0;
    2c78:	2100      	movs	r1, #0
    2c7a:	c202      	stmia	r2!, {r1}
        for (pDest = &_szero; pDest < &_ezero;) {
    2c7c:	4293      	cmp	r3, r2
    2c7e:	d1fc      	bne.n	2c7a <Reset_Handler+0x46>
        SCB->VTOR = ((uint32_t) pSrc & SCB_VTOR_TBLOFF_Msk);
    2c80:	4a0d      	ldr	r2, [pc, #52]	; (2cb8 <Reset_Handler+0x84>)
    2c82:	21ff      	movs	r1, #255	; 0xff
    2c84:	4b0d      	ldr	r3, [pc, #52]	; (2cbc <Reset_Handler+0x88>)
    2c86:	438b      	bics	r3, r1
    2c88:	6093      	str	r3, [r2, #8]
        NVMCTRL->CTRLB.bit.MANW = 1;
    2c8a:	4a0d      	ldr	r2, [pc, #52]	; (2cc0 <Reset_Handler+0x8c>)
    2c8c:	6853      	ldr	r3, [r2, #4]
    2c8e:	397f      	subs	r1, #127	; 0x7f
    2c90:	430b      	orrs	r3, r1
    2c92:	6053      	str	r3, [r2, #4]
        __libc_init_array();
    2c94:	4b0b      	ldr	r3, [pc, #44]	; (2cc4 <Reset_Handler+0x90>)
    2c96:	4798      	blx	r3
        main();
    2c98:	4b0b      	ldr	r3, [pc, #44]	; (2cc8 <Reset_Handler+0x94>)
    2c9a:	4798      	blx	r3
    2c9c:	e7fe      	b.n	2c9c <Reset_Handler+0x68>
    2c9e:	46c0      	nop			; (mov r8, r8)
    2ca0:	00003b38 	.word	0x00003b38
    2ca4:	20000000 	.word	0x20000000
    2ca8:	2000000c 	.word	0x2000000c
    2cac:	20000004 	.word	0x20000004
    2cb0:	2000000c 	.word	0x2000000c
    2cb4:	2000016c 	.word	0x2000016c
    2cb8:	e000ed00 	.word	0xe000ed00
    2cbc:	00000000 	.word	0x00000000
    2cc0:	41004000 	.word	0x41004000
    2cc4:	00003559 	.word	0x00003559
    2cc8:	00002d2d 	.word	0x00002d2d

00002ccc <set_state>:
/*
 * @brief: changing the state variable at one single point. If system is in start state, just init is allowed.
 * @param: new system state of type system_states.
 * @returns: 0 when state is successfully set, 1 if change is not allowed
 */
uint8_t set_state(System_State_t new_state) {
    2ccc:	b510      	push	{r4, lr}

    uint8_t status = 0;
	
	if(sSystemState == start && new_state != init){
    2cce:	4b12      	ldr	r3, [pc, #72]	; (2d18 <set_state+0x4c>)
    2cd0:	781b      	ldrb	r3, [r3, #0]
    2cd2:	2b00      	cmp	r3, #0
    2cd4:	d101      	bne.n	2cda <set_state+0xe>
    2cd6:	2803      	cmp	r0, #3
    2cd8:	d110      	bne.n	2cfc <set_state+0x30>
        #if LOGS > 0
        rprintf("LOG: new state failed, not allowed.\r\n");
        #endif
		status = 1;
	} else if (sSystemState != idle && sSystemState != start && new_state != success && new_state != idle) {
    2cda:	4b0f      	ldr	r3, [pc, #60]	; (2d18 <set_state+0x4c>)
    2cdc:	781b      	ldrb	r3, [r3, #0]
    2cde:	2b01      	cmp	r3, #1
    2ce0:	d011      	beq.n	2d06 <set_state+0x3a>
    2ce2:	4b0d      	ldr	r3, [pc, #52]	; (2d18 <set_state+0x4c>)
    2ce4:	781b      	ldrb	r3, [r3, #0]
    2ce6:	2b00      	cmp	r3, #0
    2ce8:	d00d      	beq.n	2d06 <set_state+0x3a>
    2cea:	280a      	cmp	r0, #10
    2cec:	d00b      	beq.n	2d06 <set_state+0x3a>
    2cee:	2801      	cmp	r0, #1
    2cf0:	d009      	beq.n	2d06 <set_state+0x3a>
        #if LOGS > 0
        rprintf("LOG: new state failed, not finished.\r\n");
    2cf2:	480a      	ldr	r0, [pc, #40]	; (2d1c <set_state+0x50>)
    2cf4:	4b0a      	ldr	r3, [pc, #40]	; (2d20 <set_state+0x54>)
    2cf6:	4798      	blx	r3
        #endif
        status = 2;
    2cf8:	2002      	movs	r0, #2
    2cfa:	e00c      	b.n	2d16 <set_state+0x4a>
        rprintf("LOG: new state failed, not allowed.\r\n");
    2cfc:	4809      	ldr	r0, [pc, #36]	; (2d24 <set_state+0x58>)
    2cfe:	4b08      	ldr	r3, [pc, #32]	; (2d20 <set_state+0x54>)
    2d00:	4798      	blx	r3
		status = 1;
    2d02:	2001      	movs	r0, #1
    2d04:	e007      	b.n	2d16 <set_state+0x4a>
    } else {
		sSystemState = new_state;
    2d06:	4b04      	ldr	r3, [pc, #16]	; (2d18 <set_state+0x4c>)
    2d08:	7018      	strb	r0, [r3, #0]
        #if LOGS > 0
        rprintf("LOG: new state = %d\r\n", sSystemState);
    2d0a:	7819      	ldrb	r1, [r3, #0]
    2d0c:	b2c9      	uxtb	r1, r1
    2d0e:	4806      	ldr	r0, [pc, #24]	; (2d28 <set_state+0x5c>)
    2d10:	4b03      	ldr	r3, [pc, #12]	; (2d20 <set_state+0x54>)
    2d12:	4798      	blx	r3
        #endif
		status = 0;
    2d14:	2000      	movs	r0, #0
	}

    return status;
}
    2d16:	bd10      	pop	{r4, pc}
    2d18:	2000009c 	.word	0x2000009c
    2d1c:	00003ad0 	.word	0x00003ad0
    2d20:	00002199 	.word	0x00002199
    2d24:	00003aa8 	.word	0x00003aa8
    2d28:	00003af8 	.word	0x00003af8

00002d2c <main>:

uint16_t notes1[15] = {7000, 6000, 7000, 3000, 3000, 0, 7000, 6000, 7000, 6000, 5500, 5500, 7000, 6000, 7000};


int main (void)
{
    2d2c:	b5f0      	push	{r4, r5, r6, r7, lr}
    2d2e:	46de      	mov	lr, fp
    2d30:	4657      	mov	r7, sl
    2d32:	464e      	mov	r6, r9
    2d34:	4645      	mov	r5, r8
    2d36:	b5e0      	push	{r5, r6, r7, lr}
    2d38:	b09b      	sub	sp, #108	; 0x6c
	system_init();
    2d3a:	4bea      	ldr	r3, [pc, #936]	; (30e4 <main+0x3b8>)
    2d3c:	4798      	blx	r3
    #if LOGS != 0 || TESTMODE != 0
    rprintf_init();
    2d3e:	4bea      	ldr	r3, [pc, #936]	; (30e8 <main+0x3bc>)
    2d40:	4798      	blx	r3
    #endif
	delay_init();
    2d42:	4bea      	ldr	r3, [pc, #936]	; (30ec <main+0x3c0>)
    2d44:	4798      	blx	r3
	config->powersave  = false;
    2d46:	ac0d      	add	r4, sp, #52	; 0x34
    2d48:	2600      	movs	r6, #0
    2d4a:	70a6      	strb	r6, [r4, #2]
	config_port_pin.direction  = PORT_PIN_DIR_OUTPUT;
    2d4c:	2301      	movs	r3, #1
    2d4e:	4698      	mov	r8, r3
    2d50:	7023      	strb	r3, [r4, #0]
	config_port_pin.input_pull = PORT_PIN_PULL_DOWN;
    2d52:	2302      	movs	r3, #2
    2d54:	7063      	strb	r3, [r4, #1]
	port_pin_set_config(MOTOR_CONTROLLER_DIR_PIN, &config_port_pin);
    2d56:	0021      	movs	r1, r4
    2d58:	2014      	movs	r0, #20
    2d5a:	4de5      	ldr	r5, [pc, #916]	; (30f0 <main+0x3c4>)
    2d5c:	47a8      	blx	r5
	port_pin_set_config(MOTOR_CONTROLLER_SS_PIN, &config_port_pin);
    2d5e:	0021      	movs	r1, r4
    2d60:	2026      	movs	r0, #38	; 0x26
    2d62:	47a8      	blx	r5
	port_pin_set_config(MAGNET_SWITCH_PIN, &config_port_pin);
    2d64:	0021      	movs	r1, r4
    2d66:	2016      	movs	r0, #22
    2d68:	47a8      	blx	r5
    port_pin_set_config(PLC_COM_CMD_PIN, &config_port_pin);
    2d6a:	0021      	movs	r1, r4
    2d6c:	203e      	movs	r0, #62	; 0x3e
    2d6e:	47a8      	blx	r5
	config_port_pin.direction = PORT_PIN_DIR_INPUT;
    2d70:	7026      	strb	r6, [r4, #0]
	config_port_pin.input_pull = PORT_PIN_PULL_UP;
    2d72:	4643      	mov	r3, r8
    2d74:	7063      	strb	r3, [r4, #1]
	port_pin_set_config(Z_AXIS_ZERO_SWITCH_PIN, &config_port_pin);
    2d76:	0021      	movs	r1, r4
    2d78:	2017      	movs	r0, #23
    2d7a:	47a8      	blx	r5
	slave->ss_pin          = config->ss_pin;
    2d7c:	4fdd      	ldr	r7, [pc, #884]	; (30f4 <main+0x3c8>)
    2d7e:	2326      	movs	r3, #38	; 0x26
    2d80:	703b      	strb	r3, [r7, #0]
	slave->address_enabled = config->address_enabled;
    2d82:	707e      	strb	r6, [r7, #1]
	slave->address         = config->address;
    2d84:	70be      	strb	r6, [r7, #2]
	config->input_pull = PORT_PIN_PULL_UP;
    2d86:	4643      	mov	r3, r8
    2d88:	7063      	strb	r3, [r4, #1]
	config->powersave  = false;
    2d8a:	70a6      	strb	r6, [r4, #2]
	pin_conf.direction = PORT_PIN_DIR_OUTPUT;
    2d8c:	7023      	strb	r3, [r4, #0]
	port_pin_set_config(slave->ss_pin, &pin_conf);
    2d8e:	0021      	movs	r1, r4
    2d90:	2026      	movs	r0, #38	; 0x26
    2d92:	47a8      	blx	r5
	port_pin_set_output_level(slave->ss_pin, true);
    2d94:	783a      	ldrb	r2, [r7, #0]
	if (port_index < PORT_INST_NUM) {
    2d96:	09d1      	lsrs	r1, r2, #7
		return NULL;
    2d98:	2300      	movs	r3, #0
	if (port_index < PORT_INST_NUM) {
    2d9a:	2900      	cmp	r1, #0
    2d9c:	d104      	bne.n	2da8 <main+0x7c>
		return &(ports[port_index]->Group[group_index]);
    2d9e:	0953      	lsrs	r3, r2, #5
    2da0:	01db      	lsls	r3, r3, #7
    2da2:	49d5      	ldr	r1, [pc, #852]	; (30f8 <main+0x3cc>)
    2da4:	468c      	mov	ip, r1
    2da6:	4463      	add	r3, ip
	uint32_t pin_mask  = (1UL << (gpio_pin % 32));
    2da8:	211f      	movs	r1, #31
    2daa:	4011      	ands	r1, r2
    2dac:	2201      	movs	r2, #1
    2dae:	0010      	movs	r0, r2
    2db0:	4088      	lsls	r0, r1
		port_base->OUTSET.reg = pin_mask;
    2db2:	6198      	str	r0, [r3, #24]
	config->mode             = SPI_MODE_MASTER;
    2db4:	ac0d      	add	r4, sp, #52	; 0x34
    2db6:	7022      	strb	r2, [r4, #0]
	config->data_order       = SPI_DATA_ORDER_MSB;
    2db8:	2300      	movs	r3, #0
    2dba:	930e      	str	r3, [sp, #56]	; 0x38
	config->character_size   = SPI_CHARACTER_SIZE_8BIT;
    2dbc:	7423      	strb	r3, [r4, #16]
	config->run_in_standby   = false;
    2dbe:	7463      	strb	r3, [r4, #17]
	config->receiver_enable  = true;
    2dc0:	74a2      	strb	r2, [r4, #18]
	config->generator_source = GCLK_GENERATOR_0;
    2dc2:	321f      	adds	r2, #31
    2dc4:	54a3      	strb	r3, [r4, r2]
	memset(&(config->mode_specific), 0, sizeof(config->mode_specific));
    2dc6:	3a14      	subs	r2, #20
    2dc8:	2100      	movs	r1, #0
    2dca:	a812      	add	r0, sp, #72	; 0x48
    2dcc:	4bcb      	ldr	r3, [pc, #812]	; (30fc <main+0x3d0>)
    2dce:	4798      	blx	r3
	config->mode_specific.master.baudrate = 100000;
    2dd0:	4bcb      	ldr	r3, [pc, #812]	; (3100 <main+0x3d4>)
    2dd2:	6163      	str	r3, [r4, #20]
	config_spi_master.transfer_mode = SPI_TRANSFER_MODE_3;    //According to data sheet of the board
    2dd4:	23c0      	movs	r3, #192	; 0xc0
    2dd6:	059b      	lsls	r3, r3, #22
    2dd8:	60a3      	str	r3, [r4, #8]
	config_spi_master.mux_setting = EXT1_SPI_SERCOM_MUX_SETTING;
    2dda:	2380      	movs	r3, #128	; 0x80
    2ddc:	025b      	lsls	r3, r3, #9
    2dde:	60e3      	str	r3, [r4, #12]
	config_spi_master.pinmux_pad0 = EXT1_SPI_SERCOM_PINMUX_PAD0;
    2de0:	4bc8      	ldr	r3, [pc, #800]	; (3104 <main+0x3d8>)
    2de2:	6263      	str	r3, [r4, #36]	; 0x24
	config_spi_master.pinmux_pad1 = PINMUX_UNUSED;
    2de4:	2301      	movs	r3, #1
    2de6:	425b      	negs	r3, r3
    2de8:	62a3      	str	r3, [r4, #40]	; 0x28
	config_spi_master.pinmux_pad2 = EXT1_SPI_SERCOM_PINMUX_PAD2;
    2dea:	4bc7      	ldr	r3, [pc, #796]	; (3108 <main+0x3dc>)
    2dec:	62e3      	str	r3, [r4, #44]	; 0x2c
	config_spi_master.pinmux_pad3 = EXT1_SPI_SERCOM_PINMUX_PAD3;
    2dee:	4bc7      	ldr	r3, [pc, #796]	; (310c <main+0x3e0>)
    2df0:	6323      	str	r3, [r4, #48]	; 0x30
	spi_init(&gSpiMasterInstance, EXT1_SPI_MODULE, &config_spi_master);
    2df2:	4dc7      	ldr	r5, [pc, #796]	; (3110 <main+0x3e4>)
    2df4:	0022      	movs	r2, r4
    2df6:	49c7      	ldr	r1, [pc, #796]	; (3114 <main+0x3e8>)
    2df8:	0028      	movs	r0, r5
    2dfa:	4bc7      	ldr	r3, [pc, #796]	; (3118 <main+0x3ec>)
    2dfc:	4798      	blx	r3
	SercomSpi *const spi_module = &(module->hw->SPI);
    2dfe:	682b      	ldr	r3, [r5, #0]
	return (spi_module->STATUS.reg & SERCOM_SPI_STATUS_SYNCBUSY);
    2e00:	8a1a      	ldrh	r2, [r3, #16]
	while (spi_is_syncing(module)) {
    2e02:	b212      	sxth	r2, r2
    2e04:	2a00      	cmp	r2, #0
    2e06:	dbfb      	blt.n	2e00 <main+0xd4>
	spi_module->CTRLA.reg |= SERCOM_SPI_CTRLA_ENABLE;
    2e08:	681a      	ldr	r2, [r3, #0]
    2e0a:	2102      	movs	r1, #2
    2e0c:	430a      	orrs	r2, r1
    2e0e:	601a      	str	r2, [r3, #0]
	stepper_motor_config.direction_set = DRV_DIRPIN;
    2e10:	ac0d      	add	r4, sp, #52	; 0x34
    2e12:	2300      	movs	r3, #0
    2e14:	70a3      	strb	r3, [r4, #2]
	stepper_motor_config.step_mode = DRV_MODE_1_8;
    2e16:	2218      	movs	r2, #24
    2e18:	70e2      	strb	r2, [r4, #3]
	stepper_motor_config.stall_detect = DRV_EXSTALL_INTERNAL;
    2e1a:	7123      	strb	r3, [r4, #4]
	stepper_motor_config.isense_gain = DRV_ISGAIN_40;
    2e1c:	22c0      	movs	r2, #192	; 0xc0
    2e1e:	0092      	lsls	r2, r2, #2
    2e20:	80e2      	strh	r2, [r4, #6]
	stepper_motor_config.dead_time_insert = DRV_DTIME_850ns;
    2e22:	22c0      	movs	r2, #192	; 0xc0
    2e24:	0112      	lsls	r2, r2, #4
    2e26:	8122      	strh	r2, [r4, #8]
	stepper_motor_config.drv_torque = 0x14;
    2e28:	2214      	movs	r2, #20
    2e2a:	72a2      	strb	r2, [r4, #10]
	stepper_motor_config.backemf_sample_th = DRV_SMPLTH_100us;
    2e2c:	32ec      	adds	r2, #236	; 0xec
    2e2e:	81a2      	strh	r2, [r4, #12]
	stepper_motor_config.drv_toff = 0xA0; // Check if change is needed
    2e30:	3a60      	subs	r2, #96	; 0x60
    2e32:	73a2      	strb	r2, [r4, #14]
	stepper_motor_config.pwm_mode = DRV_PWMMODE_INTERNAL;
    2e34:	2500      	movs	r5, #0
    2e36:	8223      	strh	r3, [r4, #16]
	stepper_motor_config.drv_tblank = 0x80; //Check if change is needed
    2e38:	3a20      	subs	r2, #32
    2e3a:	74a2      	strb	r2, [r4, #18]
	stepper_motor_config.adaptive_blanking_time= DRV_ABT_DISABLE;
    2e3c:	82a3      	strh	r3, [r4, #20]
	stepper_motor_config.drv_tdecay = 0x10;
    2e3e:	310e      	adds	r1, #14
    2e40:	75a1      	strb	r1, [r4, #22]
	stepper_motor_config.decay_mode = DRV_DECMOD_FORCE_AUTOMIXED;
    2e42:	390b      	subs	r1, #11
    2e44:	75e1      	strb	r1, [r4, #23]
	stepper_motor_config.ocp_threshold = DRV_OCPTH_250mV;
    2e46:	77a5      	strb	r5, [r4, #30]
	stepper_motor_config.ocp_deglitch_time = DRV_OCPDEG_4us;
    2e48:	2608      	movs	r6, #8
    2e4a:	77e6      	strb	r6, [r4, #31]
	stepper_motor_config.ls_drive_time = DRV_TDRIVEN_1us;
    2e4c:	311b      	adds	r1, #27
    2e4e:	5461      	strb	r1, [r4, r1]
	stepper_motor_config.hs_drive_time = DRV_TDRIVEP_1us;
    2e50:	3101      	adds	r1, #1
    2e52:	5462      	strb	r2, [r4, r1]
	stepper_motor_config.ls_current = DRV_IDRIVEN_100mA;
    2e54:	8463      	strh	r3, [r4, #34]	; 0x22
	stepper_motor_config.hs_current = DRV_IDRIVEP_100mA;
    2e56:	84a3      	strh	r3, [r4, #36]	; 0x24
	stepper_motor_config.drv_sdthr = 0x40;
    2e58:	3a40      	subs	r2, #64	; 0x40
    2e5a:	7622      	strb	r2, [r4, #24]
	stepper_motor_config.stall_count = DRV_SDCNT_4;
    2e5c:	32c1      	adds	r2, #193	; 0xc1
    2e5e:	32ff      	adds	r2, #255	; 0xff
    2e60:	8362      	strh	r2, [r4, #26]
	stepper_motor_config.back_emf_div = DRV_VDIV_32;
    2e62:	83a3      	strh	r3, [r4, #28]
	drv_ctrl_init(&stepper_motor_config);
    2e64:	0020      	movs	r0, r4
    2e66:	4bad      	ldr	r3, [pc, #692]	; (311c <main+0x3f0>)
    2e68:	4798      	blx	r3
	drv_ctrl_enable();
    2e6a:	4bad      	ldr	r3, [pc, #692]	; (3120 <main+0x3f4>)
    2e6c:	4798      	blx	r3
	adc_get_config_defaults(&config_adc);
    2e6e:	0020      	movs	r0, r4
    2e70:	4bac      	ldr	r3, [pc, #688]	; (3124 <main+0x3f8>)
    2e72:	4798      	blx	r3
	config_adc.negative_input = ADC_NEGATIVE_INPUT_GND; //Can be muxed to external pin
    2e74:	23c0      	movs	r3, #192	; 0xc0
    2e76:	015b      	lsls	r3, r3, #5
    2e78:	81e3      	strh	r3, [r4, #14]
	config_adc.positive_input = ADC_POSITIVE_INPUT_PIN8; //Alternative for INA PCB PIN0
    2e7a:	7326      	strb	r6, [r4, #12]
	config_adc.reference = ADC_REFERENCE_INT1V;
    2e7c:	7065      	strb	r5, [r4, #1]
    config_adc.sample_length = 63;
    2e7e:	233f      	movs	r3, #63	; 0x3f
    2e80:	75e3      	strb	r3, [r4, #23]
    config_adc.accumulate_samples = ADC_ACCUMULATE_SAMPLES_1024;
    2e82:	3b35      	subs	r3, #53	; 0x35
    2e84:	7423      	strb	r3, [r4, #16]
	adc_init(&gAdcInstance, ADC, &config_adc);
    2e86:	4da8      	ldr	r5, [pc, #672]	; (3128 <main+0x3fc>)
    2e88:	0022      	movs	r2, r4
    2e8a:	49a8      	ldr	r1, [pc, #672]	; (312c <main+0x400>)
    2e8c:	0028      	movs	r0, r5
    2e8e:	4ba8      	ldr	r3, [pc, #672]	; (3130 <main+0x404>)
    2e90:	4798      	blx	r3
	Adc *const adc_module = module_inst->hw;
    2e92:	682b      	ldr	r3, [r5, #0]
    2e94:	7e5a      	ldrb	r2, [r3, #25]
	while (adc_is_syncing(module_inst)) {
    2e96:	b252      	sxtb	r2, r2
    2e98:	2a00      	cmp	r2, #0
    2e9a:	dbfb      	blt.n	2e94 <main+0x168>
	adc_module->INTENCLR.reg = ADC_INTENCLR_MASK;
    2e9c:	220f      	movs	r2, #15
    2e9e:	759a      	strb	r2, [r3, #22]
	adc_module->INTFLAG.reg = ADC_INTFLAG_MASK;
    2ea0:	761a      	strb	r2, [r3, #24]
	adc_module->CTRLA.reg |= ADC_CTRLA_ENABLE;
    2ea2:	781a      	ldrb	r2, [r3, #0]
    2ea4:	2102      	movs	r1, #2
    2ea6:	430a      	orrs	r2, r1
    2ea8:	701a      	strb	r2, [r3, #0]
	Adc *const adc_module = module_inst->hw;
    2eaa:	4b9f      	ldr	r3, [pc, #636]	; (3128 <main+0x3fc>)
    2eac:	681a      	ldr	r2, [r3, #0]
	if (adc_module->STATUS.reg & ADC_STATUS_SYNCBUSY) {
    2eae:	7e53      	ldrb	r3, [r2, #25]
	while (adc_is_syncing(module_inst)) {
    2eb0:	b25b      	sxtb	r3, r3
    2eb2:	2b00      	cmp	r3, #0
    2eb4:	dbfb      	blt.n	2eae <main+0x182>
	config->data_order       = USART_DATAORDER_LSB;
    2eb6:	ab0d      	add	r3, sp, #52	; 0x34
    2eb8:	2280      	movs	r2, #128	; 0x80
    2eba:	05d2      	lsls	r2, r2, #23
    2ebc:	920d      	str	r2, [sp, #52]	; 0x34
	config->transfer_mode    = USART_TRANSFER_ASYNCHRONOUSLY;
    2ebe:	2200      	movs	r2, #0
    2ec0:	605a      	str	r2, [r3, #4]
	config->parity           = USART_PARITY_NONE;
    2ec2:	21ff      	movs	r1, #255	; 0xff
    2ec4:	8119      	strh	r1, [r3, #8]
	config->stopbits         = USART_STOPBITS_1;
    2ec6:	729a      	strb	r2, [r3, #10]
	config->character_size   = USART_CHARACTER_SIZE_8BIT;
    2ec8:	72da      	strb	r2, [r3, #11]
	config->baudrate         = 9600;
    2eca:	2196      	movs	r1, #150	; 0x96
    2ecc:	0189      	lsls	r1, r1, #6
    2ece:	6119      	str	r1, [r3, #16]
	config->receiver_enable  = true;
    2ed0:	2101      	movs	r1, #1
    2ed2:	7519      	strb	r1, [r3, #20]
	config->transmitter_enable = true;
    2ed4:	7559      	strb	r1, [r3, #21]
	config->clock_polarity_inverted = false;
    2ed6:	759a      	strb	r2, [r3, #22]
	config->use_external_clock = false;
    2ed8:	75da      	strb	r2, [r3, #23]
	config->ext_clock_freq   = 0;
    2eda:	619a      	str	r2, [r3, #24]
	config->run_in_standby   = false;
    2edc:	771a      	strb	r2, [r3, #28]
	config->generator_source = GCLK_GENERATOR_0;
    2ede:	775a      	strb	r2, [r3, #29]
	config_usart.mux_setting = EXT1_UART_SERCOM_MUX_SETTING;
    2ee0:	2280      	movs	r2, #128	; 0x80
    2ee2:	0352      	lsls	r2, r2, #13
    2ee4:	60da      	str	r2, [r3, #12]
	config_usart.pinmux_pad0 = EXT1_UART_SERCOM_PINMUX_PAD0;
    2ee6:	4a93      	ldr	r2, [pc, #588]	; (3134 <main+0x408>)
    2ee8:	621a      	str	r2, [r3, #32]
	config_usart.pinmux_pad1 = EXT1_UART_SERCOM_PINMUX_PAD1;
    2eea:	4a93      	ldr	r2, [pc, #588]	; (3138 <main+0x40c>)
    2eec:	625a      	str	r2, [r3, #36]	; 0x24
	config_usart.pinmux_pad2 = EXT1_UART_SERCOM_PINMUX_PAD2;
    2eee:	2201      	movs	r2, #1
    2ef0:	4252      	negs	r2, r2
    2ef2:	629a      	str	r2, [r3, #40]	; 0x28
	config_usart.pinmux_pad3 = EXT1_UART_SERCOM_PINMUX_PAD3;
    2ef4:	62da      	str	r2, [r3, #44]	; 0x2c
	while(usart_init(&gUsartInstance, EXT1_UART_MODULE, &config_usart) != STATUS_OK){
    2ef6:	4d91      	ldr	r5, [pc, #580]	; (313c <main+0x410>)
    2ef8:	4c91      	ldr	r4, [pc, #580]	; (3140 <main+0x414>)
    2efa:	e003      	b.n	2f04 <main+0x1d8>
		delay_ms(1000);
    2efc:	20fa      	movs	r0, #250	; 0xfa
    2efe:	0080      	lsls	r0, r0, #2
    2f00:	4b90      	ldr	r3, [pc, #576]	; (3144 <main+0x418>)
    2f02:	4798      	blx	r3
	while(usart_init(&gUsartInstance, EXT1_UART_MODULE, &config_usart) != STATUS_OK){
    2f04:	aa0d      	add	r2, sp, #52	; 0x34
    2f06:	4990      	ldr	r1, [pc, #576]	; (3148 <main+0x41c>)
    2f08:	0028      	movs	r0, r5
    2f0a:	47a0      	blx	r4
    2f0c:	2800      	cmp	r0, #0
    2f0e:	d1f5      	bne.n	2efc <main+0x1d0>
	SercomUsart *const usart_hw = &(module->hw->USART);
    2f10:	4d8a      	ldr	r5, [pc, #552]	; (313c <main+0x410>)
    2f12:	682c      	ldr	r4, [r5, #0]
	system_interrupt_enable(_sercom_get_interrupt_vector(module->hw));
    2f14:	0020      	movs	r0, r4
    2f16:	4b8d      	ldr	r3, [pc, #564]	; (314c <main+0x420>)
    2f18:	4798      	blx	r3
	NVIC->ISER[0] = (uint32_t)(1 << ((uint32_t)vector & 0x0000001f));
    2f1a:	231f      	movs	r3, #31
    2f1c:	4018      	ands	r0, r3
    2f1e:	3b1e      	subs	r3, #30
    2f20:	4083      	lsls	r3, r0
    2f22:	4a8b      	ldr	r2, [pc, #556]	; (3150 <main+0x424>)
    2f24:	6013      	str	r3, [r2, #0]
	SercomUsart *const usart_hw = &(module->hw->USART);
    2f26:	682a      	ldr	r2, [r5, #0]
	return (usart_hw->STATUS.reg & SERCOM_USART_STATUS_SYNCBUSY);
    2f28:	8a13      	ldrh	r3, [r2, #16]
	while (usart_is_syncing(module)) {
    2f2a:	b21b      	sxth	r3, r3
    2f2c:	2b00      	cmp	r3, #0
    2f2e:	dbfb      	blt.n	2f28 <main+0x1fc>
	usart_hw->CTRLA.reg |= SERCOM_USART_CTRLA_ENABLE;
    2f30:	6823      	ldr	r3, [r4, #0]
    2f32:	2202      	movs	r2, #2
    2f34:	4313      	orrs	r3, r2
    2f36:	6023      	str	r3, [r4, #0]
	/* Sanity check arguments */
	Assert(module);
	Assert(module->hw);

	/* Get a pointer to the hardware module instance */
	SercomUsart *const usart_hw = &(module->hw->USART);
    2f38:	4b80      	ldr	r3, [pc, #512]	; (313c <main+0x410>)
    2f3a:	681b      	ldr	r3, [r3, #0]
	return (usart_hw->STATUS.reg & SERCOM_USART_STATUS_SYNCBUSY);
    2f3c:	8a1a      	ldrh	r2, [r3, #16]
	while (usart_is_syncing(module)) {
    2f3e:	b212      	sxth	r2, r2
    2f40:	2a00      	cmp	r2, #0
    2f42:	dbfb      	blt.n	2f3c <main+0x210>
			module->receiver_enabled = true;
			break;

		case USART_TRANSCEIVER_TX:
			/* Enable TX */
			usart_hw->CTRLB.reg |= SERCOM_USART_CTRLB_TXEN;
    2f44:	6859      	ldr	r1, [r3, #4]
    2f46:	2280      	movs	r2, #128	; 0x80
    2f48:	0252      	lsls	r2, r2, #9
    2f4a:	430a      	orrs	r2, r1
    2f4c:	605a      	str	r2, [r3, #4]
			module->transmitter_enabled = true;
    2f4e:	2101      	movs	r1, #1
    2f50:	4a7a      	ldr	r2, [pc, #488]	; (313c <main+0x410>)
    2f52:	71d1      	strb	r1, [r2, #7]
	return (usart_hw->STATUS.reg & SERCOM_USART_STATUS_SYNCBUSY);
    2f54:	8a1a      	ldrh	r2, [r3, #16]
	while (usart_is_syncing(module)) {
    2f56:	b212      	sxth	r2, r2
    2f58:	2a00      	cmp	r2, #0
    2f5a:	dbfb      	blt.n	2f54 <main+0x228>
	return (usart_hw->STATUS.reg & SERCOM_USART_STATUS_SYNCBUSY);
    2f5c:	8a1a      	ldrh	r2, [r3, #16]
	while (usart_is_syncing(module)) {
    2f5e:	b212      	sxth	r2, r2
    2f60:	2a00      	cmp	r2, #0
    2f62:	dbfb      	blt.n	2f5c <main+0x230>
			usart_hw->CTRLB.reg |= SERCOM_USART_CTRLB_RXEN;
    2f64:	6859      	ldr	r1, [r3, #4]
    2f66:	2280      	movs	r2, #128	; 0x80
    2f68:	0292      	lsls	r2, r2, #10
    2f6a:	430a      	orrs	r2, r1
    2f6c:	605a      	str	r2, [r3, #4]
			module->receiver_enabled = true;
    2f6e:	2101      	movs	r1, #1
    2f70:	4a72      	ldr	r2, [pc, #456]	; (313c <main+0x410>)
    2f72:	7191      	strb	r1, [r2, #6]
	return (usart_hw->STATUS.reg & SERCOM_USART_STATUS_SYNCBUSY);
    2f74:	8a1a      	ldrh	r2, [r3, #16]
	while (usart_is_syncing(module)) {
    2f76:	b212      	sxth	r2, r2
    2f78:	2a00      	cmp	r2, #0
    2f7a:	dbfb      	blt.n	2f74 <main+0x248>
	usart_register_callback(&gUsartInstance,
    2f7c:	4c6f      	ldr	r4, [pc, #444]	; (313c <main+0x410>)
    2f7e:	2201      	movs	r2, #1
    2f80:	4974      	ldr	r1, [pc, #464]	; (3154 <main+0x428>)
    2f82:	0020      	movs	r0, r4
    2f84:	4b74      	ldr	r3, [pc, #464]	; (3158 <main+0x42c>)
    2f86:	4798      	blx	r3
{
	/* Sanity check arguments */
	Assert(module);

	/* Enable callback */
	module->callback_enable_mask |= (1 << callback_type);
    2f88:	2221      	movs	r2, #33	; 0x21
    2f8a:	5ca3      	ldrb	r3, [r4, r2]
    2f8c:	2102      	movs	r1, #2
    2f8e:	430b      	orrs	r3, r1
    2f90:	54a3      	strb	r3, [r4, r2]
	config->clock_source               = GCLK_GENERATOR_0;
    2f92:	2300      	movs	r3, #0
    2f94:	2200      	movs	r2, #0
    2f96:	4669      	mov	r1, sp
    2f98:	700b      	strb	r3, [r1, #0]
	config->counter_size               = TC_COUNTER_SIZE_16BIT;
    2f9a:	708b      	strb	r3, [r1, #2]
	config->reload_action              = TC_RELOAD_ACTION_GCLK;
    2f9c:	810b      	strh	r3, [r1, #8]
	config->run_in_standby             = false;
    2f9e:	2100      	movs	r1, #0
    2fa0:	4668      	mov	r0, sp
    2fa2:	7041      	strb	r1, [r0, #1]
	config->waveform_invert_output     = TC_WAVEFORM_INVERT_OUTPUT_NONE;
    2fa4:	7282      	strb	r2, [r0, #10]
	config->enable_capture_on_channel[TC_COMPARE_CAPTURE_CHANNEL_0] = false;
    2fa6:	72c2      	strb	r2, [r0, #11]
	config->enable_capture_on_channel[TC_COMPARE_CAPTURE_CHANNEL_1] = false;
    2fa8:	7302      	strb	r2, [r0, #12]
	config->count_direction            = TC_COUNT_DIRECTION_UP;
    2faa:	7382      	strb	r2, [r0, #14]
	config->oneshot                    = false;
    2fac:	7342      	strb	r2, [r0, #13]
	config->pwm_channel[TC_COMPARE_CAPTURE_CHANNEL_0].enabled = false;
    2fae:	7402      	strb	r2, [r0, #16]
	config->pwm_channel[TC_COMPARE_CAPTURE_CHANNEL_0].pin_out = 0;
    2fb0:	9305      	str	r3, [sp, #20]
	config->pwm_channel[TC_COMPARE_CAPTURE_CHANNEL_0].pin_mux = 0;
    2fb2:	9306      	str	r3, [sp, #24]
	config->counter_16_bit.value                   = 0x0000;
    2fb4:	466a      	mov	r2, sp
    2fb6:	8503      	strh	r3, [r0, #40]	; 0x28
    pwm_timer_config.clock_prescaler = TC_CLOCK_PRESCALER_DIV64;
    2fb8:	23a0      	movs	r3, #160	; 0xa0
    2fba:	00db      	lsls	r3, r3, #3
    2fbc:	8083      	strh	r3, [r0, #4]
    pwm_timer_config.wave_generation = TC_WAVE_GENERATION_MATCH_PWM_MODE;
    2fbe:	2360      	movs	r3, #96	; 0x60
    2fc0:	7183      	strb	r3, [r0, #6]
    pwm_timer_config.counter_16_bit.compare_capture_channel[0] = PERIOD_TO_CCVAL(PWM_START_PERIOD);
    2fc2:	339a      	adds	r3, #154	; 0x9a
    2fc4:	8543      	strh	r3, [r0, #42]	; 0x2a
    pwm_timer_config.counter_16_bit.compare_capture_channel[1] = PERIOD_TO_CCVAL(PWM_START_PERIOD)/PWM_DUTY;
    2fc6:	3b7d      	subs	r3, #125	; 0x7d
    2fc8:	8583      	strh	r3, [r0, #44]	; 0x2c
    pwm_timer_config.pwm_channel[1].enabled = true;
    2fca:	3b7c      	subs	r3, #124	; 0x7c
    2fcc:	7703      	strb	r3, [r0, #28]
    pwm_timer_config.pwm_channel[1].pin_mux = PINMUX_PA21E_TC7_WO1;
    2fce:	4b63      	ldr	r3, [pc, #396]	; (315c <main+0x430>)
    2fd0:	9309      	str	r3, [sp, #36]	; 0x24
    pwm_timer_config.pwm_channel[1].pin_out = MOTOR_CONTROLLER_STP_PIN;
    2fd2:	2315      	movs	r3, #21
    2fd4:	9308      	str	r3, [sp, #32]
    tc_init(&pwm_timer, TC7, &pwm_timer_config);
    2fd6:	4c62      	ldr	r4, [pc, #392]	; (3160 <main+0x434>)
    2fd8:	4962      	ldr	r1, [pc, #392]	; (3164 <main+0x438>)
    2fda:	0020      	movs	r0, r4
    2fdc:	4b62      	ldr	r3, [pc, #392]	; (3168 <main+0x43c>)
    2fde:	4798      	blx	r3
	TcCount8 *const tc_module = &(module_inst->hw->COUNT8);
    2fe0:	6823      	ldr	r3, [r4, #0]
	return (tc_module->STATUS.reg & TC_STATUS_SYNCBUSY);
    2fe2:	7bda      	ldrb	r2, [r3, #15]
	while (tc_is_syncing(module_inst)) {
    2fe4:	b252      	sxtb	r2, r2
    2fe6:	2a00      	cmp	r2, #0
    2fe8:	dbfb      	blt.n	2fe2 <main+0x2b6>
	tc_module->CTRLA.reg |= TC_CTRLA_ENABLE;
    2fea:	881a      	ldrh	r2, [r3, #0]
    2fec:	2102      	movs	r1, #2
    2fee:	430a      	orrs	r2, r1
    2ff0:	801a      	strh	r2, [r3, #0]
	TcCount8 *const tc_module = &(module_inst->hw->COUNT8);
    2ff2:	4b5b      	ldr	r3, [pc, #364]	; (3160 <main+0x434>)
    2ff4:	681a      	ldr	r2, [r3, #0]
	return (tc_module->STATUS.reg & TC_STATUS_SYNCBUSY);
    2ff6:	7bd3      	ldrb	r3, [r2, #15]
	while (tc_is_syncing(module_inst)) {
    2ff8:	b25b      	sxtb	r3, r3
    2ffa:	2b00      	cmp	r3, #0
    2ffc:	dbfb      	blt.n	2ff6 <main+0x2ca>
	tc_module->CTRLBSET.reg = TC_CTRLBSET_CMD(TC_CTRLBSET_CMD_STOP_Val);
    2ffe:	2380      	movs	r3, #128	; 0x80
    3000:	7153      	strb	r3, [r2, #5]
	config->clock_source               = GCLK_GENERATOR_0;
    3002:	aa0d      	add	r2, sp, #52	; 0x34
    3004:	2300      	movs	r3, #0
    3006:	2100      	movs	r1, #0
    3008:	7013      	strb	r3, [r2, #0]
	config->counter_size               = TC_COUNTER_SIZE_16BIT;
    300a:	7093      	strb	r3, [r2, #2]
	config->reload_action              = TC_RELOAD_ACTION_GCLK;
    300c:	8113      	strh	r3, [r2, #8]
	config->run_in_standby             = false;
    300e:	2000      	movs	r0, #0
    3010:	7050      	strb	r0, [r2, #1]
	config->waveform_invert_output     = TC_WAVEFORM_INVERT_OUTPUT_NONE;
    3012:	7291      	strb	r1, [r2, #10]
	config->enable_capture_on_channel[TC_COMPARE_CAPTURE_CHANNEL_0] = false;
    3014:	72d1      	strb	r1, [r2, #11]
	config->enable_capture_on_channel[TC_COMPARE_CAPTURE_CHANNEL_1] = false;
    3016:	7311      	strb	r1, [r2, #12]
	config->count_direction            = TC_COUNT_DIRECTION_UP;
    3018:	7391      	strb	r1, [r2, #14]
	config->oneshot                    = false;
    301a:	7351      	strb	r1, [r2, #13]
	config->pwm_channel[TC_COMPARE_CAPTURE_CHANNEL_0].enabled = false;
    301c:	7411      	strb	r1, [r2, #16]
	config->pwm_channel[TC_COMPARE_CAPTURE_CHANNEL_0].pin_out = 0;
    301e:	6153      	str	r3, [r2, #20]
	config->pwm_channel[TC_COMPARE_CAPTURE_CHANNEL_0].pin_mux = 0;
    3020:	6193      	str	r3, [r2, #24]
	config->pwm_channel[TC_COMPARE_CAPTURE_CHANNEL_1].enabled = false;
    3022:	7711      	strb	r1, [r2, #28]
	config->pwm_channel[TC_COMPARE_CAPTURE_CHANNEL_1].pin_out = 0;
    3024:	6213      	str	r3, [r2, #32]
	config->pwm_channel[TC_COMPARE_CAPTURE_CHANNEL_1].pin_mux = 0;
    3026:	6253      	str	r3, [r2, #36]	; 0x24
	config->counter_16_bit.value                   = 0x0000;
    3028:	8513      	strh	r3, [r2, #40]	; 0x28
		[TC_COMPARE_CAPTURE_CHANNEL_1]                        = 0x0000;
    302a:	8593      	strh	r3, [r2, #44]	; 0x2c
    int_timer_config.clock_prescaler = TC_CLOCK_PRESCALER_DIV1024;
    302c:	23e0      	movs	r3, #224	; 0xe0
    302e:	00db      	lsls	r3, r3, #3
    3030:	8093      	strh	r3, [r2, #4]
    int_timer_config.wave_generation = TC_WAVE_GENERATION_MATCH_FREQ_MODE;
    3032:	2320      	movs	r3, #32
    3034:	7193      	strb	r3, [r2, #6]
    int_timer_config.counter_16_bit.compare_capture_channel[0] = INT_TIMER_CC_VALUE;
    3036:	4b4d      	ldr	r3, [pc, #308]	; (316c <main+0x440>)
    3038:	8553      	strh	r3, [r2, #42]	; 0x2a
    tc_init(&int_timer, TC0, &int_timer_config);
    303a:	4c4d      	ldr	r4, [pc, #308]	; (3170 <main+0x444>)
    303c:	494d      	ldr	r1, [pc, #308]	; (3174 <main+0x448>)
    303e:	0020      	movs	r0, r4
    3040:	4b49      	ldr	r3, [pc, #292]	; (3168 <main+0x43c>)
    3042:	4798      	blx	r3
	TcCount8 *const tc_module = &(module_inst->hw->COUNT8);
    3044:	6823      	ldr	r3, [r4, #0]
	return (tc_module->STATUS.reg & TC_STATUS_SYNCBUSY);
    3046:	7bda      	ldrb	r2, [r3, #15]
	while (tc_is_syncing(module_inst)) {
    3048:	b252      	sxtb	r2, r2
    304a:	2a00      	cmp	r2, #0
    304c:	dbfb      	blt.n	3046 <main+0x31a>
	tc_module->CTRLA.reg |= TC_CTRLA_ENABLE;
    304e:	881a      	ldrh	r2, [r3, #0]
    3050:	2102      	movs	r1, #2
    3052:	430a      	orrs	r2, r1
    3054:	801a      	strh	r2, [r3, #0]
	TcCount8 *const tc_module = &(module_inst->hw->COUNT8);
    3056:	4b46      	ldr	r3, [pc, #280]	; (3170 <main+0x444>)
    3058:	681a      	ldr	r2, [r3, #0]
	return (tc_module->STATUS.reg & TC_STATUS_SYNCBUSY);
    305a:	7bd3      	ldrb	r3, [r2, #15]
	while (tc_is_syncing(module_inst)) {
    305c:	b25b      	sxtb	r3, r3
    305e:	2b00      	cmp	r3, #0
    3060:	dbfb      	blt.n	305a <main+0x32e>
	tc_module->CTRLBSET.reg = TC_CTRLBSET_CMD(TC_CTRLBSET_CMD_STOP_Val);
    3062:	2380      	movs	r3, #128	; 0x80
    3064:	7153      	strb	r3, [r2, #5]
    tc_register_callback(&pwm_timer,drv_ctrl_pwm_callback ,TC_CALLBACK_OVERFLOW);
    3066:	4d3e      	ldr	r5, [pc, #248]	; (3160 <main+0x434>)
    3068:	2200      	movs	r2, #0
    306a:	4943      	ldr	r1, [pc, #268]	; (3178 <main+0x44c>)
    306c:	0028      	movs	r0, r5
    306e:	4b43      	ldr	r3, [pc, #268]	; (317c <main+0x450>)
    3070:	469b      	mov	fp, r3
    3072:	4798      	blx	r3
	/* Sanity check arguments */
	Assert(module);


	/* Enable interrupts for this TC module */
	system_interrupt_enable(_tc_interrupt_get_interrupt_vector(_tc_get_inst_index(module->hw)));
    3074:	6828      	ldr	r0, [r5, #0]
    3076:	4b42      	ldr	r3, [pc, #264]	; (3180 <main+0x454>)
    3078:	469a      	mov	sl, r3
    307a:	4798      	blx	r3
	return (enum system_interrupt_vector)tc_interrupt_vectors[inst_num];
    307c:	4b41      	ldr	r3, [pc, #260]	; (3184 <main+0x458>)
    307e:	4699      	mov	r9, r3
    3080:	5c1b      	ldrb	r3, [r3, r0]
    3082:	261f      	movs	r6, #31
    3084:	4033      	ands	r3, r6
    3086:	2401      	movs	r4, #1
    3088:	0022      	movs	r2, r4
    308a:	409a      	lsls	r2, r3
    308c:	0013      	movs	r3, r2
    308e:	4a30      	ldr	r2, [pc, #192]	; (3150 <main+0x424>)
    3090:	4690      	mov	r8, r2
    3092:	6013      	str	r3, [r2, #0]
	else if (callback_type == TC_CALLBACK_CC_CHANNEL1) {
		module->enable_callback_mask |= TC_INTFLAG_MC(2);
		module->hw->COUNT8.INTENSET.reg = TC_INTFLAG_MC(2);
	}
	else {
		module->enable_callback_mask |= (1 << callback_type);
    3094:	2701      	movs	r7, #1
    3096:	7e6b      	ldrb	r3, [r5, #25]
    3098:	433b      	orrs	r3, r7
    309a:	766b      	strb	r3, [r5, #25]
		module->hw->COUNT8.INTENSET.reg = (1 << callback_type);
    309c:	682b      	ldr	r3, [r5, #0]
    309e:	735c      	strb	r4, [r3, #13]
    tc_register_callback(&int_timer, plc_com_transmit_force,TC_CALLBACK_OVERFLOW);
    30a0:	4d33      	ldr	r5, [pc, #204]	; (3170 <main+0x444>)
    30a2:	2200      	movs	r2, #0
    30a4:	4938      	ldr	r1, [pc, #224]	; (3188 <main+0x45c>)
    30a6:	0028      	movs	r0, r5
    30a8:	47d8      	blx	fp
	system_interrupt_enable(_tc_interrupt_get_interrupt_vector(_tc_get_inst_index(module->hw)));
    30aa:	6828      	ldr	r0, [r5, #0]
    30ac:	47d0      	blx	sl
    30ae:	464b      	mov	r3, r9
    30b0:	5c1b      	ldrb	r3, [r3, r0]
    30b2:	401e      	ands	r6, r3
    30b4:	0023      	movs	r3, r4
    30b6:	40b3      	lsls	r3, r6
    30b8:	4642      	mov	r2, r8
    30ba:	6013      	str	r3, [r2, #0]
		module->enable_callback_mask |= (1 << callback_type);
    30bc:	7e6b      	ldrb	r3, [r5, #25]
    30be:	431f      	orrs	r7, r3
    30c0:	766f      	strb	r7, [r5, #25]
		module->hw->COUNT8.INTENSET.reg = (1 << callback_type);
    30c2:	682b      	ldr	r3, [r5, #0]
    30c4:	735c      	strb	r4, [r3, #13]
	cpu_irq_enable();
    30c6:	4b31      	ldr	r3, [pc, #196]	; (318c <main+0x460>)
    30c8:	701c      	strb	r4, [r3, #0]
  __ASM volatile ("dmb 0xF":::"memory");
    30ca:	f3bf 8f5f 	dmb	sy
  __ASM volatile ("cpsie i" : : : "memory");
    30ce:	b662      	cpsie	i
	configure_usart_callbacks();
    configure_timer();
    configure_timer_callback();
	system_interrupt_enable_global();
	
	sSystemState = start;
    30d0:	2200      	movs	r2, #0
    30d2:	4b2f      	ldr	r3, [pc, #188]	; (3190 <main+0x464>)
    30d4:	701a      	strb	r2, [r3, #0]
	
	plc_com_arm_receiver();
    30d6:	4b2f      	ldr	r3, [pc, #188]	; (3194 <main+0x468>)
    30d8:	4798      	blx	r3
		
	//rprintf("LOOP");

    #if TESTMODE == 0

		switch(sSystemState) {
    30da:	4c2d      	ldr	r4, [pc, #180]	; (3190 <main+0x464>)
    30dc:	4d2e      	ldr	r5, [pc, #184]	; (3198 <main+0x46c>)
				break;
			case(close_lid):
			    z_axis_close_lid();
				break;
			case(success):
			    plc_com_success();
    30de:	4e2f      	ldr	r6, [pc, #188]	; (319c <main+0x470>)
    30e0:	e06e      	b.n	31c0 <main+0x494>
    30e2:	46c0      	nop			; (mov r8, r8)
    30e4:	00002c05 	.word	0x00002c05
    30e8:	00002105 	.word	0x00002105
    30ec:	00000105 	.word	0x00000105
    30f0:	0000269d 	.word	0x0000269d
    30f4:	20000120 	.word	0x20000120
    30f8:	41004400 	.word	0x41004400
    30fc:	000035b3 	.word	0x000035b3
    3100:	000186a0 	.word	0x000186a0
    3104:	00040003 	.word	0x00040003
    3108:	00060003 	.word	0x00060003
    310c:	00070003 	.word	0x00070003
    3110:	20000140 	.word	0x20000140
    3114:	42000800 	.word	0x42000800
    3118:	00000a35 	.word	0x00000a35
    311c:	000018cd 	.word	0x000018cd
    3120:	00001941 	.word	0x00001941
    3124:	00000171 	.word	0x00000171
    3128:	20000148 	.word	0x20000148
    312c:	42004000 	.word	0x42004000
    3130:	000001b9 	.word	0x000001b9
    3134:	00280003 	.word	0x00280003
    3138:	00290003 	.word	0x00290003
    313c:	200000fc 	.word	0x200000fc
    3140:	00000f35 	.word	0x00000f35
    3144:	00000145 	.word	0x00000145
    3148:	42001800 	.word	0x42001800
    314c:	000009a5 	.word	0x000009a5
    3150:	e000e100 	.word	0xe000e100
    3154:	00001eed 	.word	0x00001eed
    3158:	000012a1 	.word	0x000012a1
    315c:	00150004 	.word	0x00150004
    3160:	20000124 	.word	0x20000124
    3164:	42003c00 	.word	0x42003c00
    3168:	00001541 	.word	0x00001541
    316c:	00000f42 	.word	0x00000f42
    3170:	20000150 	.word	0x20000150
    3174:	42002000 	.word	0x42002000
    3178:	00001bcd 	.word	0x00001bcd
    317c:	000013ed 	.word	0x000013ed
    3180:	00001505 	.word	0x00001505
    3184:	00003b10 	.word	0x00003b10
    3188:	00001e05 	.word	0x00001e05
    318c:	20000008 	.word	0x20000008
    3190:	2000009c 	.word	0x2000009c
    3194:	00001ec5 	.word	0x00001ec5
    3198:	00003a88 	.word	0x00003a88
    319c:	00001dc9 	.word	0x00001dc9
			    z_axis_home();
    31a0:	4b15      	ldr	r3, [pc, #84]	; (31f8 <main+0x4cc>)
    31a2:	4798      	blx	r3
	TcCount8 *const tc_module = &(module_inst->hw->COUNT8);
    31a4:	4b15      	ldr	r3, [pc, #84]	; (31fc <main+0x4d0>)
    31a6:	681a      	ldr	r2, [r3, #0]
	return (tc_module->STATUS.reg & TC_STATUS_SYNCBUSY);
    31a8:	7bd3      	ldrb	r3, [r2, #15]
	while (tc_is_syncing(module_inst)) {
    31aa:	b25b      	sxtb	r3, r3
    31ac:	2b00      	cmp	r3, #0
    31ae:	dbfb      	blt.n	31a8 <main+0x47c>
	tc_module->CTRLBCLR.reg = TC_CTRLBCLR_CMD_NONE;
    31b0:	2300      	movs	r3, #0
    31b2:	7113      	strb	r3, [r2, #4]
	return (tc_module->STATUS.reg & TC_STATUS_SYNCBUSY);
    31b4:	7bd3      	ldrb	r3, [r2, #15]
	while (tc_is_syncing(module_inst)) {
    31b6:	b25b      	sxtb	r3, r3
    31b8:	2b00      	cmp	r3, #0
    31ba:	dbfb      	blt.n	31b4 <main+0x488>
	tc_module->CTRLBSET.reg = TC_CTRLBSET_CMD(TC_CTRLBSET_CMD_RETRIGGER_Val);
    31bc:	2340      	movs	r3, #64	; 0x40
    31be:	7153      	strb	r3, [r2, #5]
		switch(sSystemState) {
    31c0:	7823      	ldrb	r3, [r4, #0]
    31c2:	3b03      	subs	r3, #3
    31c4:	b2da      	uxtb	r2, r3
    31c6:	2a07      	cmp	r2, #7
    31c8:	d8fa      	bhi.n	31c0 <main+0x494>
    31ca:	0093      	lsls	r3, r2, #2
    31cc:	58eb      	ldr	r3, [r5, r3]
    31ce:	469f      	mov	pc, r3
			    z_axis_pick_sample();
    31d0:	4b0b      	ldr	r3, [pc, #44]	; (3200 <main+0x4d4>)
    31d2:	4798      	blx	r3
				break;
    31d4:	e7f4      	b.n	31c0 <main+0x494>
			    z_axis_place_sample();
    31d6:	4b0b      	ldr	r3, [pc, #44]	; (3204 <main+0x4d8>)
    31d8:	4798      	blx	r3
				break;
    31da:	e7f1      	b.n	31c0 <main+0x494>
			    z_axis_change_tool();
    31dc:	4b0a      	ldr	r3, [pc, #40]	; (3208 <main+0x4dc>)
    31de:	4798      	blx	r3
				break;
    31e0:	e7ee      	b.n	31c0 <main+0x494>
			    z_axis_stamp();
    31e2:	4b0a      	ldr	r3, [pc, #40]	; (320c <main+0x4e0>)
    31e4:	4798      	blx	r3
				break;
    31e6:	e7eb      	b.n	31c0 <main+0x494>
			    z_axis_soak_stamp();
    31e8:	4b09      	ldr	r3, [pc, #36]	; (3210 <main+0x4e4>)
    31ea:	4798      	blx	r3
				break;
    31ec:	e7e8      	b.n	31c0 <main+0x494>
			    z_axis_close_lid();
    31ee:	4b09      	ldr	r3, [pc, #36]	; (3214 <main+0x4e8>)
    31f0:	4798      	blx	r3
				break;
    31f2:	e7e5      	b.n	31c0 <main+0x494>
			    plc_com_success();
    31f4:	47b0      	blx	r6
				break;
    31f6:	e7e3      	b.n	31c0 <main+0x494>
    31f8:	00002319 	.word	0x00002319
    31fc:	20000150 	.word	0x20000150
    3200:	0000235d 	.word	0x0000235d
    3204:	000023bd 	.word	0x000023bd
    3208:	00002551 	.word	0x00002551
    320c:	0000248d 	.word	0x0000248d
    3210:	0000241d 	.word	0x0000241d
    3214:	000024fd 	.word	0x000024fd

00003218 <__udivsi3>:
    3218:	2200      	movs	r2, #0
    321a:	0843      	lsrs	r3, r0, #1
    321c:	428b      	cmp	r3, r1
    321e:	d374      	bcc.n	330a <__udivsi3+0xf2>
    3220:	0903      	lsrs	r3, r0, #4
    3222:	428b      	cmp	r3, r1
    3224:	d35f      	bcc.n	32e6 <__udivsi3+0xce>
    3226:	0a03      	lsrs	r3, r0, #8
    3228:	428b      	cmp	r3, r1
    322a:	d344      	bcc.n	32b6 <__udivsi3+0x9e>
    322c:	0b03      	lsrs	r3, r0, #12
    322e:	428b      	cmp	r3, r1
    3230:	d328      	bcc.n	3284 <__udivsi3+0x6c>
    3232:	0c03      	lsrs	r3, r0, #16
    3234:	428b      	cmp	r3, r1
    3236:	d30d      	bcc.n	3254 <__udivsi3+0x3c>
    3238:	22ff      	movs	r2, #255	; 0xff
    323a:	0209      	lsls	r1, r1, #8
    323c:	ba12      	rev	r2, r2
    323e:	0c03      	lsrs	r3, r0, #16
    3240:	428b      	cmp	r3, r1
    3242:	d302      	bcc.n	324a <__udivsi3+0x32>
    3244:	1212      	asrs	r2, r2, #8
    3246:	0209      	lsls	r1, r1, #8
    3248:	d065      	beq.n	3316 <__udivsi3+0xfe>
    324a:	0b03      	lsrs	r3, r0, #12
    324c:	428b      	cmp	r3, r1
    324e:	d319      	bcc.n	3284 <__udivsi3+0x6c>
    3250:	e000      	b.n	3254 <__udivsi3+0x3c>
    3252:	0a09      	lsrs	r1, r1, #8
    3254:	0bc3      	lsrs	r3, r0, #15
    3256:	428b      	cmp	r3, r1
    3258:	d301      	bcc.n	325e <__udivsi3+0x46>
    325a:	03cb      	lsls	r3, r1, #15
    325c:	1ac0      	subs	r0, r0, r3
    325e:	4152      	adcs	r2, r2
    3260:	0b83      	lsrs	r3, r0, #14
    3262:	428b      	cmp	r3, r1
    3264:	d301      	bcc.n	326a <__udivsi3+0x52>
    3266:	038b      	lsls	r3, r1, #14
    3268:	1ac0      	subs	r0, r0, r3
    326a:	4152      	adcs	r2, r2
    326c:	0b43      	lsrs	r3, r0, #13
    326e:	428b      	cmp	r3, r1
    3270:	d301      	bcc.n	3276 <__udivsi3+0x5e>
    3272:	034b      	lsls	r3, r1, #13
    3274:	1ac0      	subs	r0, r0, r3
    3276:	4152      	adcs	r2, r2
    3278:	0b03      	lsrs	r3, r0, #12
    327a:	428b      	cmp	r3, r1
    327c:	d301      	bcc.n	3282 <__udivsi3+0x6a>
    327e:	030b      	lsls	r3, r1, #12
    3280:	1ac0      	subs	r0, r0, r3
    3282:	4152      	adcs	r2, r2
    3284:	0ac3      	lsrs	r3, r0, #11
    3286:	428b      	cmp	r3, r1
    3288:	d301      	bcc.n	328e <__udivsi3+0x76>
    328a:	02cb      	lsls	r3, r1, #11
    328c:	1ac0      	subs	r0, r0, r3
    328e:	4152      	adcs	r2, r2
    3290:	0a83      	lsrs	r3, r0, #10
    3292:	428b      	cmp	r3, r1
    3294:	d301      	bcc.n	329a <__udivsi3+0x82>
    3296:	028b      	lsls	r3, r1, #10
    3298:	1ac0      	subs	r0, r0, r3
    329a:	4152      	adcs	r2, r2
    329c:	0a43      	lsrs	r3, r0, #9
    329e:	428b      	cmp	r3, r1
    32a0:	d301      	bcc.n	32a6 <__udivsi3+0x8e>
    32a2:	024b      	lsls	r3, r1, #9
    32a4:	1ac0      	subs	r0, r0, r3
    32a6:	4152      	adcs	r2, r2
    32a8:	0a03      	lsrs	r3, r0, #8
    32aa:	428b      	cmp	r3, r1
    32ac:	d301      	bcc.n	32b2 <__udivsi3+0x9a>
    32ae:	020b      	lsls	r3, r1, #8
    32b0:	1ac0      	subs	r0, r0, r3
    32b2:	4152      	adcs	r2, r2
    32b4:	d2cd      	bcs.n	3252 <__udivsi3+0x3a>
    32b6:	09c3      	lsrs	r3, r0, #7
    32b8:	428b      	cmp	r3, r1
    32ba:	d301      	bcc.n	32c0 <__udivsi3+0xa8>
    32bc:	01cb      	lsls	r3, r1, #7
    32be:	1ac0      	subs	r0, r0, r3
    32c0:	4152      	adcs	r2, r2
    32c2:	0983      	lsrs	r3, r0, #6
    32c4:	428b      	cmp	r3, r1
    32c6:	d301      	bcc.n	32cc <__udivsi3+0xb4>
    32c8:	018b      	lsls	r3, r1, #6
    32ca:	1ac0      	subs	r0, r0, r3
    32cc:	4152      	adcs	r2, r2
    32ce:	0943      	lsrs	r3, r0, #5
    32d0:	428b      	cmp	r3, r1
    32d2:	d301      	bcc.n	32d8 <__udivsi3+0xc0>
    32d4:	014b      	lsls	r3, r1, #5
    32d6:	1ac0      	subs	r0, r0, r3
    32d8:	4152      	adcs	r2, r2
    32da:	0903      	lsrs	r3, r0, #4
    32dc:	428b      	cmp	r3, r1
    32de:	d301      	bcc.n	32e4 <__udivsi3+0xcc>
    32e0:	010b      	lsls	r3, r1, #4
    32e2:	1ac0      	subs	r0, r0, r3
    32e4:	4152      	adcs	r2, r2
    32e6:	08c3      	lsrs	r3, r0, #3
    32e8:	428b      	cmp	r3, r1
    32ea:	d301      	bcc.n	32f0 <__udivsi3+0xd8>
    32ec:	00cb      	lsls	r3, r1, #3
    32ee:	1ac0      	subs	r0, r0, r3
    32f0:	4152      	adcs	r2, r2
    32f2:	0883      	lsrs	r3, r0, #2
    32f4:	428b      	cmp	r3, r1
    32f6:	d301      	bcc.n	32fc <__udivsi3+0xe4>
    32f8:	008b      	lsls	r3, r1, #2
    32fa:	1ac0      	subs	r0, r0, r3
    32fc:	4152      	adcs	r2, r2
    32fe:	0843      	lsrs	r3, r0, #1
    3300:	428b      	cmp	r3, r1
    3302:	d301      	bcc.n	3308 <__udivsi3+0xf0>
    3304:	004b      	lsls	r3, r1, #1
    3306:	1ac0      	subs	r0, r0, r3
    3308:	4152      	adcs	r2, r2
    330a:	1a41      	subs	r1, r0, r1
    330c:	d200      	bcs.n	3310 <__udivsi3+0xf8>
    330e:	4601      	mov	r1, r0
    3310:	4152      	adcs	r2, r2
    3312:	4610      	mov	r0, r2
    3314:	4770      	bx	lr
    3316:	e7ff      	b.n	3318 <__udivsi3+0x100>
    3318:	b501      	push	{r0, lr}
    331a:	2000      	movs	r0, #0
    331c:	f000 f8f0 	bl	3500 <__aeabi_idiv0>
    3320:	bd02      	pop	{r1, pc}
    3322:	46c0      	nop			; (mov r8, r8)

00003324 <__aeabi_uidivmod>:
    3324:	2900      	cmp	r1, #0
    3326:	d0f7      	beq.n	3318 <__udivsi3+0x100>
    3328:	e776      	b.n	3218 <__udivsi3>
    332a:	4770      	bx	lr

0000332c <__divsi3>:
    332c:	4603      	mov	r3, r0
    332e:	430b      	orrs	r3, r1
    3330:	d47f      	bmi.n	3432 <__divsi3+0x106>
    3332:	2200      	movs	r2, #0
    3334:	0843      	lsrs	r3, r0, #1
    3336:	428b      	cmp	r3, r1
    3338:	d374      	bcc.n	3424 <__divsi3+0xf8>
    333a:	0903      	lsrs	r3, r0, #4
    333c:	428b      	cmp	r3, r1
    333e:	d35f      	bcc.n	3400 <__divsi3+0xd4>
    3340:	0a03      	lsrs	r3, r0, #8
    3342:	428b      	cmp	r3, r1
    3344:	d344      	bcc.n	33d0 <__divsi3+0xa4>
    3346:	0b03      	lsrs	r3, r0, #12
    3348:	428b      	cmp	r3, r1
    334a:	d328      	bcc.n	339e <__divsi3+0x72>
    334c:	0c03      	lsrs	r3, r0, #16
    334e:	428b      	cmp	r3, r1
    3350:	d30d      	bcc.n	336e <__divsi3+0x42>
    3352:	22ff      	movs	r2, #255	; 0xff
    3354:	0209      	lsls	r1, r1, #8
    3356:	ba12      	rev	r2, r2
    3358:	0c03      	lsrs	r3, r0, #16
    335a:	428b      	cmp	r3, r1
    335c:	d302      	bcc.n	3364 <__divsi3+0x38>
    335e:	1212      	asrs	r2, r2, #8
    3360:	0209      	lsls	r1, r1, #8
    3362:	d065      	beq.n	3430 <__divsi3+0x104>
    3364:	0b03      	lsrs	r3, r0, #12
    3366:	428b      	cmp	r3, r1
    3368:	d319      	bcc.n	339e <__divsi3+0x72>
    336a:	e000      	b.n	336e <__divsi3+0x42>
    336c:	0a09      	lsrs	r1, r1, #8
    336e:	0bc3      	lsrs	r3, r0, #15
    3370:	428b      	cmp	r3, r1
    3372:	d301      	bcc.n	3378 <__divsi3+0x4c>
    3374:	03cb      	lsls	r3, r1, #15
    3376:	1ac0      	subs	r0, r0, r3
    3378:	4152      	adcs	r2, r2
    337a:	0b83      	lsrs	r3, r0, #14
    337c:	428b      	cmp	r3, r1
    337e:	d301      	bcc.n	3384 <__divsi3+0x58>
    3380:	038b      	lsls	r3, r1, #14
    3382:	1ac0      	subs	r0, r0, r3
    3384:	4152      	adcs	r2, r2
    3386:	0b43      	lsrs	r3, r0, #13
    3388:	428b      	cmp	r3, r1
    338a:	d301      	bcc.n	3390 <__divsi3+0x64>
    338c:	034b      	lsls	r3, r1, #13
    338e:	1ac0      	subs	r0, r0, r3
    3390:	4152      	adcs	r2, r2
    3392:	0b03      	lsrs	r3, r0, #12
    3394:	428b      	cmp	r3, r1
    3396:	d301      	bcc.n	339c <__divsi3+0x70>
    3398:	030b      	lsls	r3, r1, #12
    339a:	1ac0      	subs	r0, r0, r3
    339c:	4152      	adcs	r2, r2
    339e:	0ac3      	lsrs	r3, r0, #11
    33a0:	428b      	cmp	r3, r1
    33a2:	d301      	bcc.n	33a8 <__divsi3+0x7c>
    33a4:	02cb      	lsls	r3, r1, #11
    33a6:	1ac0      	subs	r0, r0, r3
    33a8:	4152      	adcs	r2, r2
    33aa:	0a83      	lsrs	r3, r0, #10
    33ac:	428b      	cmp	r3, r1
    33ae:	d301      	bcc.n	33b4 <__divsi3+0x88>
    33b0:	028b      	lsls	r3, r1, #10
    33b2:	1ac0      	subs	r0, r0, r3
    33b4:	4152      	adcs	r2, r2
    33b6:	0a43      	lsrs	r3, r0, #9
    33b8:	428b      	cmp	r3, r1
    33ba:	d301      	bcc.n	33c0 <__divsi3+0x94>
    33bc:	024b      	lsls	r3, r1, #9
    33be:	1ac0      	subs	r0, r0, r3
    33c0:	4152      	adcs	r2, r2
    33c2:	0a03      	lsrs	r3, r0, #8
    33c4:	428b      	cmp	r3, r1
    33c6:	d301      	bcc.n	33cc <__divsi3+0xa0>
    33c8:	020b      	lsls	r3, r1, #8
    33ca:	1ac0      	subs	r0, r0, r3
    33cc:	4152      	adcs	r2, r2
    33ce:	d2cd      	bcs.n	336c <__divsi3+0x40>
    33d0:	09c3      	lsrs	r3, r0, #7
    33d2:	428b      	cmp	r3, r1
    33d4:	d301      	bcc.n	33da <__divsi3+0xae>
    33d6:	01cb      	lsls	r3, r1, #7
    33d8:	1ac0      	subs	r0, r0, r3
    33da:	4152      	adcs	r2, r2
    33dc:	0983      	lsrs	r3, r0, #6
    33de:	428b      	cmp	r3, r1
    33e0:	d301      	bcc.n	33e6 <__divsi3+0xba>
    33e2:	018b      	lsls	r3, r1, #6
    33e4:	1ac0      	subs	r0, r0, r3
    33e6:	4152      	adcs	r2, r2
    33e8:	0943      	lsrs	r3, r0, #5
    33ea:	428b      	cmp	r3, r1
    33ec:	d301      	bcc.n	33f2 <__divsi3+0xc6>
    33ee:	014b      	lsls	r3, r1, #5
    33f0:	1ac0      	subs	r0, r0, r3
    33f2:	4152      	adcs	r2, r2
    33f4:	0903      	lsrs	r3, r0, #4
    33f6:	428b      	cmp	r3, r1
    33f8:	d301      	bcc.n	33fe <__divsi3+0xd2>
    33fa:	010b      	lsls	r3, r1, #4
    33fc:	1ac0      	subs	r0, r0, r3
    33fe:	4152      	adcs	r2, r2
    3400:	08c3      	lsrs	r3, r0, #3
    3402:	428b      	cmp	r3, r1
    3404:	d301      	bcc.n	340a <__divsi3+0xde>
    3406:	00cb      	lsls	r3, r1, #3
    3408:	1ac0      	subs	r0, r0, r3
    340a:	4152      	adcs	r2, r2
    340c:	0883      	lsrs	r3, r0, #2
    340e:	428b      	cmp	r3, r1
    3410:	d301      	bcc.n	3416 <__divsi3+0xea>
    3412:	008b      	lsls	r3, r1, #2
    3414:	1ac0      	subs	r0, r0, r3
    3416:	4152      	adcs	r2, r2
    3418:	0843      	lsrs	r3, r0, #1
    341a:	428b      	cmp	r3, r1
    341c:	d301      	bcc.n	3422 <__divsi3+0xf6>
    341e:	004b      	lsls	r3, r1, #1
    3420:	1ac0      	subs	r0, r0, r3
    3422:	4152      	adcs	r2, r2
    3424:	1a41      	subs	r1, r0, r1
    3426:	d200      	bcs.n	342a <__divsi3+0xfe>
    3428:	4601      	mov	r1, r0
    342a:	4152      	adcs	r2, r2
    342c:	4610      	mov	r0, r2
    342e:	4770      	bx	lr
    3430:	e05d      	b.n	34ee <__divsi3+0x1c2>
    3432:	0fca      	lsrs	r2, r1, #31
    3434:	d000      	beq.n	3438 <__divsi3+0x10c>
    3436:	4249      	negs	r1, r1
    3438:	1003      	asrs	r3, r0, #32
    343a:	d300      	bcc.n	343e <__divsi3+0x112>
    343c:	4240      	negs	r0, r0
    343e:	4053      	eors	r3, r2
    3440:	2200      	movs	r2, #0
    3442:	469c      	mov	ip, r3
    3444:	0903      	lsrs	r3, r0, #4
    3446:	428b      	cmp	r3, r1
    3448:	d32d      	bcc.n	34a6 <__divsi3+0x17a>
    344a:	0a03      	lsrs	r3, r0, #8
    344c:	428b      	cmp	r3, r1
    344e:	d312      	bcc.n	3476 <__divsi3+0x14a>
    3450:	22fc      	movs	r2, #252	; 0xfc
    3452:	0189      	lsls	r1, r1, #6
    3454:	ba12      	rev	r2, r2
    3456:	0a03      	lsrs	r3, r0, #8
    3458:	428b      	cmp	r3, r1
    345a:	d30c      	bcc.n	3476 <__divsi3+0x14a>
    345c:	0189      	lsls	r1, r1, #6
    345e:	1192      	asrs	r2, r2, #6
    3460:	428b      	cmp	r3, r1
    3462:	d308      	bcc.n	3476 <__divsi3+0x14a>
    3464:	0189      	lsls	r1, r1, #6
    3466:	1192      	asrs	r2, r2, #6
    3468:	428b      	cmp	r3, r1
    346a:	d304      	bcc.n	3476 <__divsi3+0x14a>
    346c:	0189      	lsls	r1, r1, #6
    346e:	d03a      	beq.n	34e6 <__divsi3+0x1ba>
    3470:	1192      	asrs	r2, r2, #6
    3472:	e000      	b.n	3476 <__divsi3+0x14a>
    3474:	0989      	lsrs	r1, r1, #6
    3476:	09c3      	lsrs	r3, r0, #7
    3478:	428b      	cmp	r3, r1
    347a:	d301      	bcc.n	3480 <__divsi3+0x154>
    347c:	01cb      	lsls	r3, r1, #7
    347e:	1ac0      	subs	r0, r0, r3
    3480:	4152      	adcs	r2, r2
    3482:	0983      	lsrs	r3, r0, #6
    3484:	428b      	cmp	r3, r1
    3486:	d301      	bcc.n	348c <__divsi3+0x160>
    3488:	018b      	lsls	r3, r1, #6
    348a:	1ac0      	subs	r0, r0, r3
    348c:	4152      	adcs	r2, r2
    348e:	0943      	lsrs	r3, r0, #5
    3490:	428b      	cmp	r3, r1
    3492:	d301      	bcc.n	3498 <__divsi3+0x16c>
    3494:	014b      	lsls	r3, r1, #5
    3496:	1ac0      	subs	r0, r0, r3
    3498:	4152      	adcs	r2, r2
    349a:	0903      	lsrs	r3, r0, #4
    349c:	428b      	cmp	r3, r1
    349e:	d301      	bcc.n	34a4 <__divsi3+0x178>
    34a0:	010b      	lsls	r3, r1, #4
    34a2:	1ac0      	subs	r0, r0, r3
    34a4:	4152      	adcs	r2, r2
    34a6:	08c3      	lsrs	r3, r0, #3
    34a8:	428b      	cmp	r3, r1
    34aa:	d301      	bcc.n	34b0 <__divsi3+0x184>
    34ac:	00cb      	lsls	r3, r1, #3
    34ae:	1ac0      	subs	r0, r0, r3
    34b0:	4152      	adcs	r2, r2
    34b2:	0883      	lsrs	r3, r0, #2
    34b4:	428b      	cmp	r3, r1
    34b6:	d301      	bcc.n	34bc <__divsi3+0x190>
    34b8:	008b      	lsls	r3, r1, #2
    34ba:	1ac0      	subs	r0, r0, r3
    34bc:	4152      	adcs	r2, r2
    34be:	d2d9      	bcs.n	3474 <__divsi3+0x148>
    34c0:	0843      	lsrs	r3, r0, #1
    34c2:	428b      	cmp	r3, r1
    34c4:	d301      	bcc.n	34ca <__divsi3+0x19e>
    34c6:	004b      	lsls	r3, r1, #1
    34c8:	1ac0      	subs	r0, r0, r3
    34ca:	4152      	adcs	r2, r2
    34cc:	1a41      	subs	r1, r0, r1
    34ce:	d200      	bcs.n	34d2 <__divsi3+0x1a6>
    34d0:	4601      	mov	r1, r0
    34d2:	4663      	mov	r3, ip
    34d4:	4152      	adcs	r2, r2
    34d6:	105b      	asrs	r3, r3, #1
    34d8:	4610      	mov	r0, r2
    34da:	d301      	bcc.n	34e0 <__divsi3+0x1b4>
    34dc:	4240      	negs	r0, r0
    34de:	2b00      	cmp	r3, #0
    34e0:	d500      	bpl.n	34e4 <__divsi3+0x1b8>
    34e2:	4249      	negs	r1, r1
    34e4:	4770      	bx	lr
    34e6:	4663      	mov	r3, ip
    34e8:	105b      	asrs	r3, r3, #1
    34ea:	d300      	bcc.n	34ee <__divsi3+0x1c2>
    34ec:	4240      	negs	r0, r0
    34ee:	b501      	push	{r0, lr}
    34f0:	2000      	movs	r0, #0
    34f2:	f000 f805 	bl	3500 <__aeabi_idiv0>
    34f6:	bd02      	pop	{r1, pc}

000034f8 <__aeabi_idivmod>:
    34f8:	2900      	cmp	r1, #0
    34fa:	d0f8      	beq.n	34ee <__divsi3+0x1c2>
    34fc:	e716      	b.n	332c <__divsi3>
    34fe:	4770      	bx	lr

00003500 <__aeabi_idiv0>:
    3500:	4770      	bx	lr
    3502:	46c0      	nop			; (mov r8, r8)

00003504 <__aeabi_lmul>:
    3504:	b5f0      	push	{r4, r5, r6, r7, lr}
    3506:	46ce      	mov	lr, r9
    3508:	4647      	mov	r7, r8
    350a:	0415      	lsls	r5, r2, #16
    350c:	0c2d      	lsrs	r5, r5, #16
    350e:	002e      	movs	r6, r5
    3510:	b580      	push	{r7, lr}
    3512:	0407      	lsls	r7, r0, #16
    3514:	0c14      	lsrs	r4, r2, #16
    3516:	0c3f      	lsrs	r7, r7, #16
    3518:	4699      	mov	r9, r3
    351a:	0c03      	lsrs	r3, r0, #16
    351c:	437e      	muls	r6, r7
    351e:	435d      	muls	r5, r3
    3520:	4367      	muls	r7, r4
    3522:	4363      	muls	r3, r4
    3524:	197f      	adds	r7, r7, r5
    3526:	0c34      	lsrs	r4, r6, #16
    3528:	19e4      	adds	r4, r4, r7
    352a:	469c      	mov	ip, r3
    352c:	42a5      	cmp	r5, r4
    352e:	d903      	bls.n	3538 <__aeabi_lmul+0x34>
    3530:	2380      	movs	r3, #128	; 0x80
    3532:	025b      	lsls	r3, r3, #9
    3534:	4698      	mov	r8, r3
    3536:	44c4      	add	ip, r8
    3538:	464b      	mov	r3, r9
    353a:	4351      	muls	r1, r2
    353c:	4343      	muls	r3, r0
    353e:	0436      	lsls	r6, r6, #16
    3540:	0c36      	lsrs	r6, r6, #16
    3542:	0c25      	lsrs	r5, r4, #16
    3544:	0424      	lsls	r4, r4, #16
    3546:	4465      	add	r5, ip
    3548:	19a4      	adds	r4, r4, r6
    354a:	1859      	adds	r1, r3, r1
    354c:	1949      	adds	r1, r1, r5
    354e:	0020      	movs	r0, r4
    3550:	bc0c      	pop	{r2, r3}
    3552:	4690      	mov	r8, r2
    3554:	4699      	mov	r9, r3
    3556:	bdf0      	pop	{r4, r5, r6, r7, pc}

00003558 <__libc_init_array>:
    3558:	b570      	push	{r4, r5, r6, lr}
    355a:	2600      	movs	r6, #0
    355c:	4d0c      	ldr	r5, [pc, #48]	; (3590 <__libc_init_array+0x38>)
    355e:	4c0d      	ldr	r4, [pc, #52]	; (3594 <__libc_init_array+0x3c>)
    3560:	1b64      	subs	r4, r4, r5
    3562:	10a4      	asrs	r4, r4, #2
    3564:	42a6      	cmp	r6, r4
    3566:	d109      	bne.n	357c <__libc_init_array+0x24>
    3568:	2600      	movs	r6, #0
    356a:	f000 fad5 	bl	3b18 <_init>
    356e:	4d0a      	ldr	r5, [pc, #40]	; (3598 <__libc_init_array+0x40>)
    3570:	4c0a      	ldr	r4, [pc, #40]	; (359c <__libc_init_array+0x44>)
    3572:	1b64      	subs	r4, r4, r5
    3574:	10a4      	asrs	r4, r4, #2
    3576:	42a6      	cmp	r6, r4
    3578:	d105      	bne.n	3586 <__libc_init_array+0x2e>
    357a:	bd70      	pop	{r4, r5, r6, pc}
    357c:	00b3      	lsls	r3, r6, #2
    357e:	58eb      	ldr	r3, [r5, r3]
    3580:	4798      	blx	r3
    3582:	3601      	adds	r6, #1
    3584:	e7ee      	b.n	3564 <__libc_init_array+0xc>
    3586:	00b3      	lsls	r3, r6, #2
    3588:	58eb      	ldr	r3, [r5, r3]
    358a:	4798      	blx	r3
    358c:	3601      	adds	r6, #1
    358e:	e7f2      	b.n	3576 <__libc_init_array+0x1e>
    3590:	00003b24 	.word	0x00003b24
    3594:	00003b24 	.word	0x00003b24
    3598:	00003b24 	.word	0x00003b24
    359c:	00003b28 	.word	0x00003b28

000035a0 <memcpy>:
    35a0:	2300      	movs	r3, #0
    35a2:	b510      	push	{r4, lr}
    35a4:	429a      	cmp	r2, r3
    35a6:	d100      	bne.n	35aa <memcpy+0xa>
    35a8:	bd10      	pop	{r4, pc}
    35aa:	5ccc      	ldrb	r4, [r1, r3]
    35ac:	54c4      	strb	r4, [r0, r3]
    35ae:	3301      	adds	r3, #1
    35b0:	e7f8      	b.n	35a4 <memcpy+0x4>

000035b2 <memset>:
    35b2:	0003      	movs	r3, r0
    35b4:	1882      	adds	r2, r0, r2
    35b6:	4293      	cmp	r3, r2
    35b8:	d100      	bne.n	35bc <memset+0xa>
    35ba:	4770      	bx	lr
    35bc:	7019      	strb	r1, [r3, #0]
    35be:	3301      	adds	r3, #1
    35c0:	e7f9      	b.n	35b6 <memset+0x4>
    35c2:	0000      	movs	r0, r0
    35c4:	00000380 	.word	0x00000380
    35c8:	000005de 	.word	0x000005de
    35cc:	000005de 	.word	0x000005de
    35d0:	000005de 	.word	0x000005de
    35d4:	000005de 	.word	0x000005de
    35d8:	000005de 	.word	0x000005de
    35dc:	000005de 	.word	0x000005de
    35e0:	000005de 	.word	0x000005de
    35e4:	000005de 	.word	0x000005de
    35e8:	000005de 	.word	0x000005de
    35ec:	000005de 	.word	0x000005de
    35f0:	000005de 	.word	0x000005de
    35f4:	000005de 	.word	0x000005de
    35f8:	000005de 	.word	0x000005de
    35fc:	000005de 	.word	0x000005de
    3600:	000005de 	.word	0x000005de
    3604:	00000360 	.word	0x00000360
    3608:	000005de 	.word	0x000005de
    360c:	000005de 	.word	0x000005de
    3610:	000005de 	.word	0x000005de
    3614:	000005de 	.word	0x000005de
    3618:	000005de 	.word	0x000005de
    361c:	000005de 	.word	0x000005de
    3620:	000005de 	.word	0x000005de
    3624:	000005de 	.word	0x000005de
    3628:	000005de 	.word	0x000005de
    362c:	000005de 	.word	0x000005de
    3630:	000005de 	.word	0x000005de
    3634:	000005de 	.word	0x000005de
    3638:	000005de 	.word	0x000005de
    363c:	000005de 	.word	0x000005de
    3640:	000005de 	.word	0x000005de
    3644:	00000378 	.word	0x00000378
    3648:	000005de 	.word	0x000005de
    364c:	000005de 	.word	0x000005de
    3650:	000005de 	.word	0x000005de
    3654:	000005de 	.word	0x000005de
    3658:	000005de 	.word	0x000005de
    365c:	000005de 	.word	0x000005de
    3660:	000005de 	.word	0x000005de
    3664:	000005de 	.word	0x000005de
    3668:	000005de 	.word	0x000005de
    366c:	000005de 	.word	0x000005de
    3670:	000005de 	.word	0x000005de
    3674:	000005de 	.word	0x000005de
    3678:	000005de 	.word	0x000005de
    367c:	000005de 	.word	0x000005de
    3680:	000005de 	.word	0x000005de
    3684:	00000370 	.word	0x00000370
    3688:	00000388 	.word	0x00000388
    368c:	00000340 	.word	0x00000340
    3690:	00000350 	.word	0x00000350
    3694:	00000348 	.word	0x00000348
    3698:	00000002 	.word	0x00000002
    369c:	00000003 	.word	0x00000003
    36a0:	00000028 	.word	0x00000028
    36a4:	00000029 	.word	0x00000029
    36a8:	00000004 	.word	0x00000004
    36ac:	00000005 	.word	0x00000005
    36b0:	00000006 	.word	0x00000006
    36b4:	00000007 	.word	0x00000007
    36b8:	00000020 	.word	0x00000020
    36bc:	00000021 	.word	0x00000021
    36c0:	00000022 	.word	0x00000022
    36c4:	00000023 	.word	0x00000023
    36c8:	00000024 	.word	0x00000024
    36cc:	00000025 	.word	0x00000025
    36d0:	00000026 	.word	0x00000026
    36d4:	00000027 	.word	0x00000027
    36d8:	00000008 	.word	0x00000008
    36dc:	00000009 	.word	0x00000009
    36e0:	0000000a 	.word	0x0000000a
    36e4:	0000000b 	.word	0x0000000b
    36e8:	42000800 	.word	0x42000800
    36ec:	42000c00 	.word	0x42000c00
    36f0:	42001000 	.word	0x42001000
    36f4:	42001400 	.word	0x42001400
    36f8:	42001800 	.word	0x42001800
    36fc:	42001c00 	.word	0x42001c00
    3700:	42002000 	.word	0x42002000
    3704:	42002400 	.word	0x42002400
    3708:	42002800 	.word	0x42002800
    370c:	42002c00 	.word	0x42002c00
    3710:	42003000 	.word	0x42003000
    3714:	42003400 	.word	0x42003400
    3718:	42003800 	.word	0x42003800
    371c:	42003c00 	.word	0x42003c00
    3720:	02000100 	.word	0x02000100
    3724:	08000400 	.word	0x08000400
    3728:	20001000 	.word	0x20001000
    372c:	80004000 	.word	0x80004000
    3730:	3a474f4c 	.word	0x3a474f4c
    3734:	616e6520 	.word	0x616e6520
    3738:	20656c62 	.word	0x20656c62
    373c:	76697264 	.word	0x76697264
    3740:	0a0d7265 	.word	0x0a0d7265
    3744:	00000000 	.word	0x00000000
    3748:	3a474f4c 	.word	0x3a474f4c
    374c:	6d6f6820 	.word	0x6d6f6820
    3750:	65732065 	.word	0x65732065
    3754:	6e657571 	.word	0x6e657571
    3758:	63206563 	.word	0x63206563
    375c:	656c6c61 	.word	0x656c6c61
    3760:	000a0d64 	.word	0x000a0d64
    3764:	3a474f4c 	.word	0x3a474f4c
    3768:	766f6d20 	.word	0x766f6d20
    376c:	69742065 	.word	0x69742065
    3770:	25206c6c 	.word	0x25206c6c
    3774:	4e6d2064 	.word	0x4e6d2064
    3778:	00000a0d 	.word	0x00000a0d
    377c:	3a474f4c 	.word	0x3a474f4c
    3780:	766f6d20 	.word	0x766f6d20
    3784:	6f742065 	.word	0x6f742065
    3788:	20642520 	.word	0x20642520
    378c:	0a0d6d6d 	.word	0x0a0d6d6d
    3790:	00000000 	.word	0x00000000
    3794:	65637845 	.word	0x65637845
    3798:	6d206465 	.word	0x6d206465
    379c:	74207861 	.word	0x74207861
    37a0:	65766172 	.word	0x65766172
    37a4:	0a0d216c 	.word	0x0a0d216c
    37a8:	00000000 	.word	0x00000000
    37ac:	3a474f4c 	.word	0x3a474f4c
    37b0:	61727420 	.word	0x61727420
    37b4:	206c6576 	.word	0x206c6576
    37b8:	73206425 	.word	0x73206425
    37bc:	73706574 	.word	0x73706574
    37c0:	206e6920 	.word	0x206e6920
    37c4:	3a726964 	.word	0x3a726964
    37c8:	0d642520 	.word	0x0d642520
    37cc:	0000000a 	.word	0x0000000a
    37d0:	3a474f4c 	.word	0x3a474f4c
    37d4:	61727420 	.word	0x61727420
    37d8:	206c6576 	.word	0x206c6576
    37dc:	73206425 	.word	0x73206425
    37e0:	73706574 	.word	0x73706574
    37e4:	000a0d2e 	.word	0x000a0d2e
    37e8:	3a474f4c 	.word	0x3a474f4c
    37ec:	61727420 	.word	0x61727420
    37f0:	696d736e 	.word	0x696d736e
    37f4:	25203a74 	.word	0x25203a74
    37f8:	6f742064 	.word	0x6f742064
    37fc:	72646120 	.word	0x72646120
    3800:	3a737365 	.word	0x3a737365
    3804:	0d642520 	.word	0x0d642520
    3808:	0000000a 	.word	0x0000000a
    380c:	3a474f4c 	.word	0x3a474f4c
    3810:	77656e20 	.word	0x77656e20
    3814:	57415220 	.word	0x57415220
    3818:	43444120 	.word	0x43444120
    381c:	6c617620 	.word	0x6c617620
    3820:	203a6575 	.word	0x203a6575
    3824:	0a0d6425 	.word	0x0a0d6425
    3828:	00000000 	.word	0x00000000
    382c:	00001ff6 	.word	0x00001ff6
    3830:	00001fee 	.word	0x00001fee
    3834:	0000200e 	.word	0x0000200e
    3838:	0000200e 	.word	0x0000200e
    383c:	0000200e 	.word	0x0000200e
    3840:	0000200e 	.word	0x0000200e
    3844:	00002006 	.word	0x00002006
    3848:	0000200e 	.word	0x0000200e
    384c:	0000200e 	.word	0x0000200e
    3850:	0000200e 	.word	0x0000200e
    3854:	0000200e 	.word	0x0000200e
    3858:	0000200e 	.word	0x0000200e
    385c:	0000200e 	.word	0x0000200e
    3860:	0000200e 	.word	0x0000200e
    3864:	0000200e 	.word	0x0000200e
    3868:	0000200e 	.word	0x0000200e
    386c:	00001ffe 	.word	0x00001ffe
    3870:	0000200e 	.word	0x0000200e
    3874:	00001fe6 	.word	0x00001fe6
    3878:	00002058 	.word	0x00002058
    387c:	00002058 	.word	0x00002058
    3880:	0000206e 	.word	0x0000206e
    3884:	0000206e 	.word	0x0000206e
    3888:	0000206e 	.word	0x0000206e
    388c:	0000206e 	.word	0x0000206e
    3890:	00002058 	.word	0x00002058
    3894:	0000206e 	.word	0x0000206e
    3898:	0000206e 	.word	0x0000206e
    389c:	0000206e 	.word	0x0000206e
    38a0:	0000206e 	.word	0x0000206e
    38a4:	0000206e 	.word	0x0000206e
    38a8:	0000206e 	.word	0x0000206e
    38ac:	0000206e 	.word	0x0000206e
    38b0:	0000206e 	.word	0x0000206e
    38b4:	0000206e 	.word	0x0000206e
    38b8:	00002058 	.word	0x00002058
    38bc:	0000206e 	.word	0x0000206e
    38c0:	00002058 	.word	0x00002058
    38c4:	54524155 	.word	0x54524155
    38c8:	6d726120 	.word	0x6d726120
    38cc:	00216465 	.word	0x00216465
    38d0:	54524155 	.word	0x54524155
    38d4:	6c614320 	.word	0x6c614320
    38d8:	6361626c 	.word	0x6361626c
    38dc:	6966206b 	.word	0x6966206b
    38e0:	21646572 	.word	0x21646572
    38e4:	6d795320 	.word	0x6d795320
    38e8:	3a6c6f62 	.word	0x3a6c6f62
    38ec:	0d632520 	.word	0x0d632520
    38f0:	0000000a 	.word	0x0000000a
    38f4:	61766e49 	.word	0x61766e49
    38f8:	2064696c 	.word	0x2064696c
    38fc:	6d6d6f63 	.word	0x6d6d6f63
    3900:	21646e61 	.word	0x21646e61
    3904:	00000a0d 	.word	0x00000a0d
    3908:	696c6156 	.word	0x696c6156
    390c:	6f632064 	.word	0x6f632064
    3910:	6e616d6d 	.word	0x6e616d6d
    3914:	65722064 	.word	0x65722064
    3918:	76696563 	.word	0x76696563
    391c:	202e6465 	.word	0x202e6465
    3920:	252c6325 	.word	0x252c6325
    3924:	000a0d63 	.word	0x000a0d63
    3928:	61766e49 	.word	0x61766e49
    392c:	2064696c 	.word	0x2064696c
    3930:	6d6d6f63 	.word	0x6d6d6f63
    3934:	21646e61 	.word	0x21646e61
    3938:	000a0d20 	.word	0x000a0d20
    393c:	3a474f4c 	.word	0x3a474f4c
    3940:	726f6620 	.word	0x726f6620
    3944:	73206563 	.word	0x73206563
    3948:	20646e65 	.word	0x20646e65
    394c:	50206f74 	.word	0x50206f74
    3950:	203a434c 	.word	0x203a434c
    3954:	0d0a7325 	.word	0x0d0a7325
    3958:	00000000 	.word	0x00000000
    395c:	54524155 	.word	0x54524155
    3960:	6e657320 	.word	0x6e657320
    3964:	6f742064 	.word	0x6f742064
    3968:	434c5020 	.word	0x434c5020
    396c:	7325203a 	.word	0x7325203a
    3970:	00000a0d 	.word	0x00000a0d
    3974:	33323130 	.word	0x33323130
    3978:	37363534 	.word	0x37363534
    397c:	62613938 	.word	0x62613938
    3980:	66656463 	.word	0x66656463
    3984:	00000000 	.word	0x00000000
    3988:	3a474f4c 	.word	0x3a474f4c
    398c:	435f5a20 	.word	0x435f5a20
    3990:	474e4148 	.word	0x474e4148
    3994:	4f545f45 	.word	0x4f545f45
    3998:	0a0d4c4f 	.word	0x0a0d4c4f
    399c:	00000000 	.word	0x00000000
    39a0:	3a474f4c 	.word	0x3a474f4c
    39a4:	475f5a20 	.word	0x475f5a20
    39a8:	5f424152 	.word	0x5f424152
    39ac:	4c4f4f54 	.word	0x4c4f4f54
    39b0:	00000a0d 	.word	0x00000a0d
    39b4:	3a474f4c 	.word	0x3a474f4c
    39b8:	445f5a20 	.word	0x445f5a20
    39bc:	5f504f52 	.word	0x5f504f52
    39c0:	4c4f4f54 	.word	0x4c4f4f54
    39c4:	00000a0d 	.word	0x00000a0d
    39c8:	3a474f4c 	.word	0x3a474f4c
    39cc:	435f5a20 	.word	0x435f5a20
    39d0:	45534f4c 	.word	0x45534f4c
    39d4:	44494c5f 	.word	0x44494c5f
    39d8:	00000a0d 	.word	0x00000a0d
    39dc:	3a474f4c 	.word	0x3a474f4c
    39e0:	415f5a20 	.word	0x415f5a20
    39e4:	5f534958 	.word	0x5f534958
    39e8:	494d4f48 	.word	0x494d4f48
    39ec:	0a0d474e 	.word	0x0a0d474e
    39f0:	00000000 	.word	0x00000000
    39f4:	3a474f4c 	.word	0x3a474f4c
    39f8:	505f5a20 	.word	0x505f5a20
    39fc:	5f4b4349 	.word	0x5f4b4349
    3a00:	504d4153 	.word	0x504d4153
    3a04:	0a0d454c 	.word	0x0a0d454c
    3a08:	00000000 	.word	0x00000000
    3a0c:	3a474f4c 	.word	0x3a474f4c
    3a10:	505f5a20 	.word	0x505f5a20
    3a14:	4543414c 	.word	0x4543414c
    3a18:	4d41535f 	.word	0x4d41535f
    3a1c:	0d454c50 	.word	0x0d454c50
    3a20:	0000000a 	.word	0x0000000a
    3a24:	3a474f4c 	.word	0x3a474f4c
    3a28:	535f5a20 	.word	0x535f5a20
    3a2c:	5f4b414f 	.word	0x5f4b414f
    3a30:	4d415453 	.word	0x4d415453
    3a34:	000a0d50 	.word	0x000a0d50
    3a38:	3a474f4c 	.word	0x3a474f4c
    3a3c:	535f5a20 	.word	0x535f5a20
    3a40:	504d4154 	.word	0x504d4154
    3a44:	00000a0d 	.word	0x00000a0d
    3a48:	000026d2 	.word	0x000026d2
    3a4c:	000026ce 	.word	0x000026ce
    3a50:	000026ce 	.word	0x000026ce
    3a54:	0000271e 	.word	0x0000271e
    3a58:	0000271e 	.word	0x0000271e
    3a5c:	000026e6 	.word	0x000026e6
    3a60:	000026d8 	.word	0x000026d8
    3a64:	000026ec 	.word	0x000026ec
    3a68:	000027a4 	.word	0x000027a4
    3a6c:	00002784 	.word	0x00002784
    3a70:	00002784 	.word	0x00002784
    3a74:	000027f4 	.word	0x000027f4
    3a78:	00002796 	.word	0x00002796
    3a7c:	000027b2 	.word	0x000027b2
    3a80:	00002788 	.word	0x00002788
    3a84:	000027c0 	.word	0x000027c0
    3a88:	000031a0 	.word	0x000031a0
    3a8c:	000031d0 	.word	0x000031d0
    3a90:	000031d6 	.word	0x000031d6
    3a94:	000031dc 	.word	0x000031dc
    3a98:	000031e2 	.word	0x000031e2
    3a9c:	000031e8 	.word	0x000031e8
    3aa0:	000031ee 	.word	0x000031ee
    3aa4:	000031f4 	.word	0x000031f4
    3aa8:	3a474f4c 	.word	0x3a474f4c
    3aac:	77656e20 	.word	0x77656e20
    3ab0:	61747320 	.word	0x61747320
    3ab4:	66206574 	.word	0x66206574
    3ab8:	656c6961 	.word	0x656c6961
    3abc:	6e202c64 	.word	0x6e202c64
    3ac0:	6120746f 	.word	0x6120746f
    3ac4:	776f6c6c 	.word	0x776f6c6c
    3ac8:	0d2e6465 	.word	0x0d2e6465
    3acc:	0000000a 	.word	0x0000000a
    3ad0:	3a474f4c 	.word	0x3a474f4c
    3ad4:	77656e20 	.word	0x77656e20
    3ad8:	61747320 	.word	0x61747320
    3adc:	66206574 	.word	0x66206574
    3ae0:	656c6961 	.word	0x656c6961
    3ae4:	6e202c64 	.word	0x6e202c64
    3ae8:	6620746f 	.word	0x6620746f
    3aec:	73696e69 	.word	0x73696e69
    3af0:	2e646568 	.word	0x2e646568
    3af4:	00000a0d 	.word	0x00000a0d
    3af8:	3a474f4c 	.word	0x3a474f4c
    3afc:	77656e20 	.word	0x77656e20
    3b00:	61747320 	.word	0x61747320
    3b04:	3d206574 	.word	0x3d206574
    3b08:	0d642520 	.word	0x0d642520
    3b0c:	0000000a 	.word	0x0000000a

00003b10 <tc_interrupt_vectors.10850>:
    3b10:	100f0e0d 14131211                       ........

00003b18 <_init>:
    3b18:	b5f8      	push	{r3, r4, r5, r6, r7, lr}
    3b1a:	46c0      	nop			; (mov r8, r8)
    3b1c:	bcf8      	pop	{r3, r4, r5, r6, r7}
    3b1e:	bc08      	pop	{r3}
    3b20:	469e      	mov	lr, r3
    3b22:	4770      	bx	lr

00003b24 <__init_array_start>:
    3b24:	000000cd 	.word	0x000000cd

00003b28 <_fini>:
    3b28:	b5f8      	push	{r3, r4, r5, r6, r7, lr}
    3b2a:	46c0      	nop			; (mov r8, r8)
    3b2c:	bcf8      	pop	{r3, r4, r5, r6, r7}
    3b2e:	bc08      	pop	{r3}
    3b30:	469e      	mov	lr, r3
    3b32:	4770      	bx	lr

00003b34 <__fini_array_start>:
    3b34:	000000a5 	.word	0x000000a5
